id_record,source,fecha_scrape,placa,marca,modelo,anio,precio,kilometraje,ciudad,transmision,cilindraje,combustible,traccion,direccion,tapizado,tipo_pago,descripcion,fecha_ingreso,color,motor,productId,url,json
1,autocor,2026-03-16T17:51:58Z,GTC1566,KIA,OPTIMA,2019,0,95000,No disponible,Automática,,,ND,,,,,2026-03-16T17:51:58Z,AZUL,2.0,C086C315-1A77-4E41-A55F-2B75C5320C16,,"{""id_record"": 1, ""id"": ""C086C315-1A77-4E41-A55F-2B75C5320C16"", ""media"": null, ""brand"": ""KIA"", ""model"": ""OPTIMA"", ""prices"": 0, ""year"": 2019, ""owner"": 0, ""home"": 0, ""odometer"": 95000, ""type"": """", ""location"": ""No disponible"", ""business_channel"": ""Usados"", ""processedAt"": ""2026-03-16T17:00:28.096Z"", ""color"": ""AZUL"", ""accesories"": """", ""license_plate"": ""GTC1566"", ""received_flag"": ""0"", ""days_in_stock"": ""0"", ""published_in_web"": ""0"", ""engine_number"": """", ""reserved_by_user_email"": """", ""reserved_by_user_name"": """", ""reserved_dt"": null, ""expiration_dt"": null, ""opportunity_sale_id"": """", ""factory_invoicing_dt"": null, ""factory_status"": """", ""status_name"": """", ""fuel_name"": """", ""availability_status_name"": ""Disponible"", ""availability_status_code"": ""1"", ""created_fullname"": ""VENTAS  GUAYAQUIL"", ""created_dt"": ""2026-03-16T16:02:24.000Z"", ""deleted_flag"": ""0"", ""owner_branch_code"": """", ""saving_plan_group"": """", ""saving_plan_order"": """", ""integration_reference_code"": ""AAE618EA-0E38-42ED-ADEB-FA78CFF2DD76"", ""version"": ""AC 2.0 4P 4X2 TA HYBRID"", ""purchase_price"": 13500}"
10,autocor,2026-03-16T17:51:58Z,PDT6942,VOLKSWAGEN,POLO,2022,17600,53800,Autocor Eloy Alfaro,Manual,,,4X2,,,,,2026-03-16T17:51:58Z,DORADO,1.6,2667ED1F-F8A0-4A5B-911C-9E33C6A17157,https://cdn.pilotsolution.net/crm/stock/autocor/14420/14420_283456_desktop.jpeg,"{""id_record"": 10, ""id"": ""2667ED1F-F8A0-4A5B-911C-9E33C6A17157"", ""media"": ""https://cdn.pilotsolution.net/crm/stock/autocor/14420/14420_283456_desktop.jpeg"", ""brand"": ""VOLKSWAGEN"", ""model"": ""POLO"", ""prices"": 17600, ""year"": 2022, ""owner"": 0, ""home"": 0, ""odometer"": 53800, ""type"": ""SEDAN"", ""location"": ""Autocor Eloy Alfaro"", ""business_channel"": ""1600"", ""processedAt"": ""2026-03-16T17:00:28.096Z"", ""color"": ""DORADO"", ""accesories"": ""4X2"", ""license_plate"": ""PDT6942"", ""received_flag"": ""1"", ""days_in_stock"": ""2"", ""published_in_web"": ""1"", ""engine_number"": ""003-001-000005745"", ""reserved_by_user_email"": """", ""reserved_by_user_name"": """", ""reserved_dt"": null, ""expiration_dt"": null, ""opportunity_sale_id"": """", ""factory_invoicing_dt"": ""2026-03-14T00:00:00.000Z"", ""factory_status"": """", ""status_name"": ""DISPONIBLE"", ""fuel_name"": ""Gasolina"", ""availability_status_name"": ""Disponible"", ""availability_status_code"": ""1"", ""created_fullname"": ""ANDRES  FONSECA"", ""created_dt"": ""2026-03-14T20:52:23.000Z"", ""deleted_flag"": ""0"", ""owner_branch_code"": ""Autocor Eloy Alfaro"", ""saving_plan_group"": ""SEDAN"", ""saving_plan_order"": ""MANUAL"", ""integration_reference_code"": ""D1DD3BA8-E260-4B7F-A2AB-9F92141A0A9D"", ""version"": ""COMFORTLINE AC 1.6 5P 4X2 TM"", ""purchase_price"": 15900}"
100,autocor,2026-03-16T17:52:00Z,GSV5999,KIA,SPORTAGE,2018,18400,140095,Autocor Guayaquil,Automática,,,4X2,,,,,2026-03-16T17:52:00Z,PLOMO,2.0,43174D9E-17B7-4AB5-83BD-5B435C499176,https://cdn.pilotsolution.net/crm/stock/autocor/14232/14232_279541_desktop.jpeg,"{""id_record"": 100, ""id"": ""43174D9E-17B7-4AB5-83BD-5B435C499176"", ""media"": ""https://cdn.pilotsolution.net/crm/stock/autocor/14232/14232_279541_desktop.jpeg"", ""brand"": ""KIA"", ""model"": ""SPORTAGE"", ""prices"": 18400, ""year"": 2018, ""owner"": 0, ""home"": 0, ""odometer"": 140095, ""type"": ""SUV"", ""location"": ""Autocor Guayaquil"", ""business_channel"": ""2000"", ""processedAt"": ""2026-03-16T17:00:28.096Z"", ""color"": ""PLOMO "", ""accesories"": ""4X2"", ""license_plate"": ""GSV5999"", ""received_flag"": ""1"", ""days_in_stock"": ""33"", ""published_in_web"": ""1"", ""engine_number"": """", ""reserved_by_user_email"": """", ""reserved_by_user_name"": """", ""reserved_dt"": null, ""expiration_dt"": null, ""opportunity_sale_id"": """", ""factory_invoicing_dt"": ""2026-02-11T00:00:00.000Z"", ""factory_status"": """", ""status_name"": ""DISPONIBLE"", ""fuel_name"": ""Gasolina"", ""availability_status_name"": ""Disponible"", ""availability_status_code"": ""1"", ""created_fullname"": ""Juan  Triana"", ""created_dt"": ""2026-03-04T17:46:43.000Z"", ""deleted_flag"": ""0"", ""owner_branch_code"": ""Autocor Guayaquil"", ""saving_plan_group"": ""SUV"", ""saving_plan_order"": ""AUTOMATICA"", ""integration_reference_code"": ""B7DFD83F-28C9-420E-97FB-01F8FB38F52D"", ""version"": ""SL AC 2.0 5P 4X2 TA"", ""purchase_price"": 16000}"
101,autocor,2026-03-16T17:52:00Z,PFD5967,FORD,RANGER,2023,47900,92000,Autocor Av. Orellana,Automática,,,4X4,,,,,2026-03-16T17:52:00Z,PLATEADO,3.2,3B885C60-3589-45E7-B90B-F1525421D6C6,https://cdn.pilotsolution.net/crm/stock/autocor/14225/14225_278363_desktop.jpeg,"{""id_record"": 101, ""id"": ""3B885C60-3589-45E7-B90B-F1525421D6C6"", ""media"": ""https://cdn.pilotsolution.net/crm/stock/autocor/14225/14225_278363_desktop.jpeg"", ""brand"": ""FORD"", ""model"": ""RANGER"", ""prices"": 47900, ""year"": 2023, ""owner"": 0, ""home"": 0, ""odometer"": 92000, ""type"": ""DOBLE CABINA"", ""location"": ""Autocor Av. Orellana"", ""business_channel"": ""3200"", ""processedAt"": ""2026-03-16T17:00:28.096Z"", ""color"": ""PLATEADO"", ""accesories"": ""4X4"", ""license_plate"": ""PFD5967"", ""received_flag"": ""1"", ""days_in_stock"": ""12"", ""published_in_web"": ""1"", ""engine_number"": """", ""reserved_by_user_email"": """", ""reserved_by_user_name"": """", ""reserved_dt"": null, ""expiration_dt"": null, ""opportunity_sale_id"": """", ""factory_invoicing_dt"": ""2026-03-04T00:00:00.000Z"", ""factory_status"": """", ""status_name"": ""DISPONIBLE"", ""fuel_name"": ""Diesel"", ""availability_status_name"": ""Disponible"", ""availability_status_code"": ""1"", ""created_fullname"": ""MATEO MONGE"", ""created_dt"": ""2026-03-04T13:47:03.000Z"", ""deleted_flag"": ""0"", ""owner_branch_code"": ""Autocor Av. Orellana"", ""saving_plan_group"": ""DOBLE CABINA"", ""saving_plan_order"": ""AUTOMATICA"", ""integration_reference_code"": ""D5BD11E5-2585-49D9-B8FC-E3BDB5099E3F"", ""version"": ""CC XLT AC 3.2 CD 4X4 TA"", ""purchase_price"": 42000}"
102,autocor,2026-03-16T17:52:00Z,PDX7941,KIA,SPORTAGE,2023,28900,77000,Autocor Shyris,Automática,,,4X2,,,,,2026-03-16T17:52:00Z,VERDE,2.0,0F223FA2-8CB7-4FC2-9891-16CA4F4D9E42,https://cdn.pilotsolution.net/crm/stock/autocor/14224/14224_278324_desktop.jpeg,"{""id_record"": 102, ""id"": ""0F223FA2-8CB7-4FC2-9891-16CA4F4D9E42"", ""media"": ""https://cdn.pilotsolution.net/crm/stock/autocor/14224/14224_278324_desktop.jpeg"", ""brand"": ""KIA"", ""model"": ""SPORTAGE"", ""prices"": 28900, ""year"": 2023, ""owner"": 0, ""home"": 0, ""odometer"": 77000, ""type"": ""SUV"", ""location"": ""Autocor Shyris"", ""business_channel"": ""2000"", ""processedAt"": ""2026-03-16T17:00:28.096Z"", ""color"": ""VERDE"", ""accesories"": ""4X2"", ""license_plate"": ""PDX7941"", ""received_flag"": ""1"", ""days_in_stock"": ""12"", ""published_in_web"": ""1"", ""engine_number"": """", ""reserved_by_user_email"": """", ""reserved_by_user_name"": """", ""reserved_dt"": null, ""expiration_dt"": null, ""opportunity_sale_id"": """", ""factory_invoicing_dt"": ""2026-03-04T00:00:00.000Z"", ""factory_status"": """", ""status_name"": ""DISPONIBLE"", ""fuel_name"": ""Gasolina"", ""availability_status_name"": ""Disponible"", ""availability_status_code"": ""1"", ""created_fullname"": ""Jose Zamora"", ""created_dt"": ""2026-03-03T23:50:04.000Z"", ""deleted_flag"": ""0"", ""owner_branch_code"": ""Autocor Shyris"", ""saving_plan_group"": ""SUV"", ""saving_plan_order"": ""AUTOMATICA"", ""integration_reference_code"": ""E8D9F908-FCD6-4B0E-A025-9CDE9CE63056"", ""version"": ""AC AT  2.0 GT."", ""purchase_price"": 28900}"
103,autocor,2026-03-16T17:52:00Z,PFQ4514,BYD,HAN,2024,49900,154,Autocor Eloy Alfaro,Automática,,,4X4,,,,,2026-03-16T17:52:00Z,BLANCO,ND,8DDD304B-48E7-424C-8E75-BCFE47654B5A,https://cdn.pilotsolution.net/crm/stock/autocor/14223/14223_278606_desktop.jpeg,"{""id_record"": 103, ""id"": ""8DDD304B-48E7-424C-8E75-BCFE47654B5A"", ""media"": ""https://cdn.pilotsolution.net/crm/stock/autocor/14223/14223_278606_desktop.jpeg"", ""brand"": ""BYD"", ""model"": ""HAN"", ""prices"": 49900, ""year"": 2024, ""owner"": 1, ""home"": 0, ""odometer"": 154, ""type"": ""SEDAN"", ""location"": ""Autocor Eloy Alfaro"", ""business_channel"": ""0"", ""processedAt"": ""2026-03-16T17:00:28.096Z"", ""color"": ""BLANCO"", ""accesories"": ""4X4"", ""license_plate"": ""PFQ4514"", ""received_flag"": ""1"", ""days_in_stock"": ""12"", ""published_in_web"": ""1"", ""engine_number"": """", ""reserved_by_user_email"": """", ""reserved_by_user_name"": """", ""reserved_dt"": null, ""expiration_dt"": null, ""opportunity_sale_id"": """", ""factory_invoicing_dt"": ""2026-03-04T00:00:00.000Z"", ""factory_status"": ""SI"", ""status_name"": ""DISPONIBLE"", ""fuel_name"": ""Eléctrico"", ""availability_status_name"": ""Disponible"", ""availability_status_code"": ""1"", ""created_fullname"": ""Fernando Colimba"", ""created_dt"": ""2026-03-03T23:39:24.000Z"", ""deleted_flag"": ""0"", ""owner_branch_code"": ""Autocor Eloy Alfaro"", ""saving_plan_group"": ""SEDAN"", ""saving_plan_order"": ""AUTOMATICA"", ""integration_reference_code"": ""CF1D873A-9F63-4F5B-AC43-DF575D207450"", ""version"": ""AC 4P 4X4 TA EV"", ""purchase_price"": 42000}"
104,autocor,2026-03-16T17:52:00Z,ABJ5516,FORD,RANGER,2021,29900,129316,Autocor Guayaquil,Manual,,,4X4,,,,,2026-03-16T17:52:00Z,ROJO,3.2,D6EBD88A-7A78-4A44-9EA3-0F3E8FE2E8FD,https://cdn.pilotsolution.net/crm/stock/autocor/14222/14222_278787_desktop.jpeg,"{""id_record"": 104, ""id"": ""D6EBD88A-7A78-4A44-9EA3-0F3E8FE2E8FD"", ""media"": ""https://cdn.pilotsolution.net/crm/stock/autocor/14222/14222_278787_desktop.jpeg"", ""brand"": ""FORD"", ""model"": ""RANGER"", ""prices"": 29900, ""year"": 2021, ""owner"": 0, ""home"": 0, ""odometer"": 129316, ""type"": ""CAMIONETA"", ""location"": ""Autocor Guayaquil"", ""business_channel"": ""3200"", ""processedAt"": ""2026-03-16T17:00:28.096Z"", ""color"": ""ROJO"", ""accesories"": ""4X4"", ""license_plate"": ""ABJ5516"", ""received_flag"": ""1"", ""days_in_stock"": ""23"", ""published_in_web"": ""1"", ""engine_number"": """", ""reserved_by_user_email"": """", ""reserved_by_user_name"": """", ""reserved_dt"": null, ""expiration_dt"": null, ""opportunity_sale_id"": """", ""factory_invoicing_dt"": ""2026-02-21T00:00:00.000Z"", ""factory_status"": """", ""status_name"": ""DISPONIBLE"", ""fuel_name"": ""Diesel"", ""availability_status_name"": ""Disponible"", ""availability_status_code"": ""1"", ""created_fullname"": ""ERNESTO ORTEGA"", ""created_dt"": ""2026-03-03T23:27:15.000Z"", ""deleted_flag"": ""0"", ""owner_branch_code"": ""Autocor Guayaquil"", ""saving_plan_group"": ""CAMIONETA"", ""saving_plan_order"": ""MANUAL"", ""integration_reference_code"": ""27D22F27-1DC7-478B-9784-6C8A5253B667"", ""version"": ""AC 3.2 CD 4X4 T,M DIESEL"", ""purchase_price"": 25000}"
105,autocor,2026-03-16T17:52:00Z,GSW3289,CHEVROLET,JOY,2023,12900,72600,Autocor Guayaquil,Manual,,,4X2,,,,,2026-03-16T17:52:00Z,NEGRO,1.4,3FFCD2C3-855D-46E5-9BD2-F88102905FBE,https://cdn.pilotsolution.net/crm/stock/autocor/14217/14217_278183_desktop.jpeg,"{""id_record"": 105, ""id"": ""3FFCD2C3-855D-46E5-9BD2-F88102905FBE"", ""media"": ""https://cdn.pilotsolution.net/crm/stock/autocor/14217/14217_278183_desktop.jpeg"", ""brand"": ""CHEVROLET"", ""model"": ""JOY"", ""prices"": 12900, ""year"": 2023, ""owner"": 0, ""home"": 0, ""odometer"": 72600, ""type"": ""HATCHBACK"", ""location"": ""Autocor Guayaquil"", ""business_channel"": ""1400"", ""processedAt"": ""2026-03-16T17:00:28.096Z"", ""color"": ""NEGRO"", ""accesories"": ""4X2"", ""license_plate"": ""GSW3289"", ""received_flag"": ""1"", ""days_in_stock"": ""56"", ""published_in_web"": ""1"", ""engine_number"": """", ""reserved_by_user_email"": """", ""reserved_by_user_name"": """", ""reserved_dt"": null, ""expiration_dt"": null, ""opportunity_sale_id"": """", ""factory_invoicing_dt"": ""2026-01-19T00:00:00.000Z"", ""factory_status"": ""NO"", ""status_name"": ""DISPONIBLE"", ""fuel_name"": ""Gasolina"", ""availability_status_name"": ""Disponible"", ""availability_status_code"": ""1"", ""created_fullname"": ""Jorge Rea"", ""created_dt"": ""2026-03-03T22:45:45.000Z"", ""deleted_flag"": ""0"", ""owner_branch_code"": ""Autocor Guayaquil"", ""saving_plan_group"": ""HATCHBACK"", ""saving_plan_order"": ""MANUAL"", ""integration_reference_code"": """", ""version"": ""BLACK AC 1.4 5P 4X2 TM"", ""purchase_price"": 0}"
106,autocor,2026-03-16T17:52:00Z,PCU6706,JEEP,CHEROKEE,2017,32900,91600,Autocor Shyris,Automática,,,4X4,,,,,2026-03-16T17:52:00Z,BLANCO,3.6,7BA1C929-3477-4CE4-9F87-4A5FB419136D,https://cdn.pilotsolution.net/crm/stock/autocor/14215/14215_278136_desktop.jpeg,"{""id_record"": 106, ""id"": ""7BA1C929-3477-4CE4-9F87-4A5FB419136D"", ""media"": ""https://cdn.pilotsolution.net/crm/stock/autocor/14215/14215_278136_desktop.jpeg"", ""brand"": ""JEEP"", ""model"": ""CHEROKEE"", ""prices"": 32900, ""year"": 2017, ""owner"": 0, ""home"": 0, ""odometer"": 91600, ""type"": ""SUV"", ""location"": ""Autocor Shyris"", ""business_channel"": ""3600"", ""processedAt"": ""2026-03-16T17:00:28.096Z"", ""color"": ""BLANCO"", ""accesories"": ""4X4"", ""license_plate"": ""PCU6706"", ""received_flag"": ""1"", ""days_in_stock"": ""13"", ""published_in_web"": ""1"", ""engine_number"": """", ""reserved_by_user_email"": """", ""reserved_by_user_name"": """", ""reserved_dt"": null, ""expiration_dt"": null, ""opportunity_sale_id"": """", ""factory_invoicing_dt"": ""2026-03-03T00:00:00.000Z"", ""factory_status"": """", ""status_name"": ""DISPONIBLE"", ""fuel_name"": ""Gasolina"", ""availability_status_name"": ""Disponible"", ""availability_status_code"": ""1"", ""created_fullname"": ""ASISTENTE COMERCIAL SHYRIS"", ""created_dt"": ""2026-03-03T22:27:47.000Z"", ""deleted_flag"": ""0"", ""owner_branch_code"": ""Autocor Shyris"", ""saving_plan_group"": ""SUV"", ""saving_plan_order"": ""AUTOMATICA"", ""integration_reference_code"": ""0A8821EC-C1AA-4722-B966-35141E2170EA"", ""version"": ""LIMITED AC 3.6 5P"", ""purchase_price"": 32900}"
107,autocor,2026-03-16T17:52:00Z,PFH7277,GEELY,AZKARRA,2024,21400,27000,Autocor La Prensa,Automática,,,4X4,,,,,2026-03-16T17:52:00Z,AZUL,1.5,45D15B40-036D-46C1-96EC-3448C6D52385,https://cdn.pilotsolution.net/crm/stock/autocor/14214/14214_280974_desktop.jpeg,"{""id_record"": 107, ""id"": ""45D15B40-036D-46C1-96EC-3448C6D52385"", ""media"": ""https://cdn.pilotsolution.net/crm/stock/autocor/14214/14214_280974_desktop.jpeg"", ""brand"": ""GEELY"", ""model"": ""AZKARRA"", ""prices"": 21400, ""year"": 2024, ""owner"": 0, ""home"": 0, ""odometer"": 27000, ""type"": ""SUV"", ""location"": ""Autocor La Prensa"", ""business_channel"": ""1500"", ""processedAt"": ""2026-03-16T17:00:28.096Z"", ""color"": ""AZUL"", ""accesories"": ""4X4"", ""license_plate"": ""PFH7277"", ""received_flag"": ""1"", ""days_in_stock"": ""41"", ""published_in_web"": ""1"", ""engine_number"": """", ""reserved_by_user_email"": """", ""reserved_by_user_name"": """", ""reserved_dt"": null, ""expiration_dt"": null, ""opportunity_sale_id"": """", ""factory_invoicing_dt"": ""2026-02-03T00:00:00.000Z"", ""factory_status"": """", ""status_name"": ""DISPONIBLE"", ""fuel_name"": ""Hibrido "", ""availability_status_name"": ""Disponible"", ""availability_status_code"": ""1"", ""created_fullname"": ""HECTOR  CAICEDO"", ""created_dt"": ""2026-03-03T22:05:54.000Z"", ""deleted_flag"": ""0"", ""owner_branch_code"": ""Autocor La Prensa"", ""saving_plan_group"": ""SUV"", ""saving_plan_order"": ""AUTOMATICA"", ""integration_reference_code"": ""F92A7F48-742E-454C-B235-9B236BEFC2A3"", ""version"": ""AC 1.5 5P 4X4 TA HYBRID"", ""purchase_price"": 18040}"
108,autocor,2026-03-16T17:52:00Z,PDS7512,NISSAN,XTRAIL,2022,28600,90000,Autocor Shyris,Automática,,,4X4,,,,,2026-03-16T17:52:00Z,PLOMO,2.5,3A27DE21-ADCE-42B9-9B98-A47EE8C2B9FC,https://cdn.pilotsolution.net/crm/stock/autocor/14210/14210_279773_desktop.jpeg,"{""id_record"": 108, ""id"": ""3A27DE21-ADCE-42B9-9B98-A47EE8C2B9FC"", ""media"": ""https://cdn.pilotsolution.net/crm/stock/autocor/14210/14210_279773_desktop.jpeg"", ""brand"": ""NISSAN"", ""model"": ""XTRAIL"", ""prices"": 28600, ""year"": 2022, ""owner"": 0, ""home"": 1, ""odometer"": 90000, ""type"": ""SUV"", ""location"": ""Autocor Shyris"", ""business_channel"": ""2500"", ""processedAt"": ""2026-03-16T17:00:28.096Z"", ""color"": ""PLOMO"", ""accesories"": ""4X4"", ""license_plate"": ""PDS7512"", ""received_flag"": ""1"", ""days_in_stock"": ""14"", ""published_in_web"": ""1"", ""engine_number"": ""005-001-000004879"", ""reserved_by_user_email"": """", ""reserved_by_user_name"": """", ""reserved_dt"": null, ""expiration_dt"": null, ""opportunity_sale_id"": """", ""factory_invoicing_dt"": ""2026-03-02T00:00:00.000Z"", ""factory_status"": ""NO"", ""status_name"": ""COMISION"", ""fuel_name"": ""Gasolina"", ""availability_status_name"": ""Disponible"", ""availability_status_code"": ""1"", ""created_fullname"": ""JOHANNA LIZETH RECALDE SARANGO"", ""created_dt"": ""2026-03-03T20:02:24.000Z"", ""deleted_flag"": ""0"", ""owner_branch_code"": ""Autocor Shyris"", ""saving_plan_group"": ""SUV"", ""saving_plan_order"": ""AUTOMATICA"", ""integration_reference_code"": ""BF17B428-CE7F-431A-B767-AAB5FF079E38"", ""version"": ""EXCLUSIVE CVT AC 2.5 5P 4X4 TA"", ""purchase_price"": 28600}"
109,autocor,2026-03-16T17:52:00Z,GTS5883,DONGFENG,HUGE,2025,21900,32035,Autocor Guayaquil,Automática,,,4x2,,,,,2026-03-16T17:52:00Z,AZUL,1.5,23361135-939A-4DBD-BABD-AA4C6E4E1BB2,https://cdn.pilotsolution.net/crm/stock/autocor/14207/14207_278956_desktop.jpeg,"{""id_record"": 109, ""id"": ""23361135-939A-4DBD-BABD-AA4C6E4E1BB2"", ""media"": ""https://cdn.pilotsolution.net/crm/stock/autocor/14207/14207_278956_desktop.jpeg"", ""brand"": ""DONGFENG"", ""model"": ""HUGE"", ""prices"": 21900, ""year"": 2025, ""owner"": 0, ""home"": 1, ""odometer"": 32035, ""type"": ""SUV"", ""location"": ""Autocor Guayaquil"", ""business_channel"": ""1500"", ""processedAt"": ""2026-03-16T17:00:28.096Z"", ""color"": ""AZUL "", ""accesories"": ""4x2"", ""license_plate"": ""GTS5883"", ""received_flag"": ""1"", ""days_in_stock"": ""18"", ""published_in_web"": ""1"", ""engine_number"": """", ""reserved_by_user_email"": """", ""reserved_by_user_name"": """", ""reserved_dt"": null, ""expiration_dt"": null, ""opportunity_sale_id"": """", ""factory_invoicing_dt"": ""2026-02-26T00:00:00.000Z"", ""factory_status"": ""NO"", ""status_name"": ""DISPONIBLE"", ""fuel_name"": ""Hibrido "", ""availability_status_name"": ""Disponible"", ""availability_status_code"": ""1"", ""created_fullname"": ""Juan  Triana"", ""created_dt"": ""2026-03-03T19:25:58.000Z"", ""deleted_flag"": ""0"", ""owner_branch_code"": ""Autocor Guayaquil"", ""saving_plan_group"": ""SUV"", ""saving_plan_order"": ""AUTOMATICA"", ""integration_reference_code"": ""D22A9D3D-77D5-4065-B192-96D4C0183023"", ""version"": ""T AC 1.5 5P 4X2 TA HYBRID"", ""purchase_price"": 19040}"
11,autocor,2026-03-16T17:51:58Z,PDX2819,CHANGAN,HUNTER,2023,20900,90000,Autocor Valle de los Chillos,Manual,,,4X2,,,,,2026-03-16T17:51:58Z,PLOMO,1.9,EBB186F5-0BC4-4B28-A47C-A71F8CF55A67,https://cdn.pilotsolution.net/crm/stock/autocor/14416/14416_283321_desktop.jpeg,"{""id_record"": 11, ""id"": ""EBB186F5-0BC4-4B28-A47C-A71F8CF55A67"", ""media"": ""https://cdn.pilotsolution.net/crm/stock/autocor/14416/14416_283321_desktop.jpeg"", ""brand"": ""CHANGAN"", ""model"": ""HUNTER"", ""prices"": 20900, ""year"": 2023, ""owner"": 0, ""home"": 0, ""odometer"": 90000, ""type"": ""CAMIONETA"", ""location"": ""Autocor Valle de los Chillos"", ""business_channel"": ""1900"", ""processedAt"": ""2026-03-16T17:00:28.096Z"", ""color"": ""PLOMO"", ""accesories"": ""4X2"", ""license_plate"": ""PDX2819"", ""received_flag"": ""1"", ""days_in_stock"": ""2"", ""published_in_web"": ""1"", ""engine_number"": ""006-001-000002412"", ""reserved_by_user_email"": """", ""reserved_by_user_name"": """", ""reserved_dt"": null, ""expiration_dt"": null, ""opportunity_sale_id"": """", ""factory_invoicing_dt"": ""2026-03-14T00:00:00.000Z"", ""factory_status"": """", ""status_name"": ""DISPONIBLE"", ""fuel_name"": ""Diesel"", ""availability_status_name"": ""Disponible"", ""availability_status_code"": ""1"", ""created_fullname"": ""VENTAS VALLE CHILLOS"", ""created_dt"": ""2026-03-14T18:19:54.000Z"", ""deleted_flag"": ""0"", ""owner_branch_code"": ""Autocor Valle de los Chillos"", ""saving_plan_group"": ""CAMIONETA"", ""saving_plan_order"": ""MANUAL"", ""integration_reference_code"": ""A39B28EB-1D92-48B2-AB3E-54872364AFB4"", ""version"": ""AC 1.9 CD 4X2 TM DIESEL"", ""purchase_price"": 18300}"
110,autocor,2026-03-16T17:52:00Z,PFE3446,KIA,SONET,2023,21600,17000,Autocor Eloy Alfaro,Automática,,,4x2,,,,,2026-03-16T17:52:00Z,ROJO,1.5,BFFDD48B-3FCE-45BE-8ED8-D738450D1BC3,https://cdn.pilotsolution.net/crm/stock/autocor/14196/14196_277856_desktop.jpeg,"{""id_record"": 110, ""id"": ""BFFDD48B-3FCE-45BE-8ED8-D738450D1BC3"", ""media"": ""https://cdn.pilotsolution.net/crm/stock/autocor/14196/14196_277856_desktop.jpeg"", ""brand"": ""KIA"", ""model"": ""SONET"", ""prices"": 21600, ""year"": 2023, ""owner"": 0, ""home"": 0, ""odometer"": 17000, ""type"": ""SUV"", ""location"": ""Autocor Eloy Alfaro"", ""business_channel"": ""1500"", ""processedAt"": ""2026-03-16T17:00:28.096Z"", ""color"": ""ROJO"", ""accesories"": ""4x2"", ""license_plate"": ""PFE3446"", ""received_flag"": ""1"", ""days_in_stock"": ""17"", ""published_in_web"": ""1"", ""engine_number"": """", ""reserved_by_user_email"": """", ""reserved_by_user_name"": """", ""reserved_dt"": null, ""expiration_dt"": null, ""opportunity_sale_id"": """", ""factory_invoicing_dt"": ""2026-02-27T00:00:00.000Z"", ""factory_status"": """", ""status_name"": ""DISPONIBLE"", ""fuel_name"": ""Gasolina"", ""availability_status_name"": ""Disponible"", ""availability_status_code"": ""1"", ""created_fullname"": ""ASISTENTE COMERCIAL ELOY ALFARO"", ""created_dt"": ""2026-03-03T15:41:22.000Z"", ""deleted_flag"": ""0"", ""owner_branch_code"": ""Autocor Eloy Alfaro"", ""saving_plan_group"": ""SUV"", ""saving_plan_order"": ""AUTOMATICA"", ""integration_reference_code"": ""E3C186AE-0558-4AB6-B041-BC6763387DEE"", ""version"": ""AC 1.5 5P 4X2 TA"", ""purchase_price"": 19200}"
111,autocor,2026-03-16T17:52:00Z,PCS6683,MERCEDES BENZ,GLA 250,2016,31900,78000,Autocor Eloy Alfaro,Automática,,,4X4,,,,,2026-03-16T17:52:00Z,BLANCO,2.0,A8D2DA6E-9F45-44C9-B6BA-5DB0C7544390,https://cdn.pilotsolution.net/crm/stock/autocor/14195/14195_277825_desktop.jpeg,"{""id_record"": 111, ""id"": ""A8D2DA6E-9F45-44C9-B6BA-5DB0C7544390"", ""media"": ""https://cdn.pilotsolution.net/crm/stock/autocor/14195/14195_277825_desktop.jpeg"", ""brand"": ""MERCEDES BENZ"", ""model"": ""GLA 250"", ""prices"": 31900, ""year"": 2016, ""owner"": 0, ""home"": 0, ""odometer"": 78000, ""type"": ""SUV"", ""location"": ""Autocor Eloy Alfaro"", ""business_channel"": ""2000"", ""processedAt"": ""2026-03-16T17:00:28.096Z"", ""color"": ""BLANCO"", ""accesories"": ""4X4"", ""license_plate"": ""PCS6683"", ""received_flag"": ""0"", ""days_in_stock"": ""0"", ""published_in_web"": ""1"", ""engine_number"": """", ""reserved_by_user_email"": """", ""reserved_by_user_name"": """", ""reserved_dt"": null, ""expiration_dt"": null, ""opportunity_sale_id"": """", ""factory_invoicing_dt"": ""2026-03-03T00:00:00.000Z"", ""factory_status"": """", ""status_name"": ""DISPONIBLE"", ""fuel_name"": ""Gasolina"", ""availability_status_name"": ""Disponible"", ""availability_status_code"": ""1"", ""created_fullname"": ""ASISTENTE COMERCIAL ELOY ALFARO"", ""created_dt"": ""2026-03-03T15:32:30.000Z"", ""deleted_flag"": ""0"", ""owner_branch_code"": ""Autocor Eloy Alfaro"", ""saving_plan_group"": ""SUV"", ""saving_plan_order"": ""AUTOMATICA"", ""integration_reference_code"": ""2B934142-B0EE-40FE-B797-59FE0AD4AF42"", ""version"": ""AC 2.0 5P 4X4 TA"", ""purchase_price"": 26540}"
112,autocor,2026-03-16T17:52:00Z,PFB5052,DONGFENG,HUGE,2026,23600,21500,Autocor Av. Orellana,Automática,,,4X2,,,,,2026-03-16T17:52:00Z,azul,1.5,AF1EB059-3823-4C17-A60A-37FE70FA06D0,https://cdn.pilotsolution.net/crm/stock/autocor/14188/14188_281126_desktop.jpeg,"{""id_record"": 112, ""id"": ""AF1EB059-3823-4C17-A60A-37FE70FA06D0"", ""media"": ""https://cdn.pilotsolution.net/crm/stock/autocor/14188/14188_281126_desktop.jpeg"", ""brand"": ""DONGFENG"", ""model"": ""HUGE"", ""prices"": 23600, ""year"": 2026, ""owner"": 0, ""home"": 0, ""odometer"": 21500, ""type"": ""SUV"", ""location"": ""Autocor Av. Orellana"", ""business_channel"": ""1500"", ""processedAt"": ""2026-03-16T17:00:28.096Z"", ""color"": ""azul"", ""accesories"": ""4X2"", ""license_plate"": ""PFB5052"", ""received_flag"": ""1"", ""days_in_stock"": ""7"", ""published_in_web"": ""1"", ""engine_number"": """", ""reserved_by_user_email"": """", ""reserved_by_user_name"": """", ""reserved_dt"": null, ""expiration_dt"": null, ""opportunity_sale_id"": """", ""factory_invoicing_dt"": ""2026-03-09T00:00:00.000Z"", ""factory_status"": """", ""status_name"": ""DISPONIBLE"", ""fuel_name"": ""Hibrido "", ""availability_status_name"": ""Disponible"", ""availability_status_code"": ""1"", ""created_fullname"": ""DAVID  RAMIREZ"", ""created_dt"": ""2026-03-02T20:54:36.000Z"", ""deleted_flag"": ""0"", ""owner_branch_code"": ""Autocor Av. Orellana"", ""saving_plan_group"": ""SUV"", ""saving_plan_order"": ""AUTOMATICA"", ""integration_reference_code"": ""DBA73CFA-E235-46D0-8E52-57FEB1F5426F"", ""version"": ""AC 1.5 5P 4X2 TA HYBRID"", ""purchase_price"": 19700}"
113,autocor,2026-03-16T17:52:00Z,PDU9898,MERCEDES BENZ,E200,2022,72900,51000,Autocor Shyris,Automática,,,4X2,,,,,2026-03-16T17:52:00Z,PLATEADO,2.0,2533D360-6C20-46C2-B989-EB4025689F20,https://cdn.pilotsolution.net/crm/stock/autocor/14187/14187_277747_desktop.jpeg,"{""id_record"": 113, ""id"": ""2533D360-6C20-46C2-B989-EB4025689F20"", ""media"": ""https://cdn.pilotsolution.net/crm/stock/autocor/14187/14187_277747_desktop.jpeg"", ""brand"": ""MERCEDES BENZ"", ""model"": ""E200"", ""prices"": 72900, ""year"": 2022, ""owner"": 0, ""home"": 0, ""odometer"": 51000, ""type"": ""SEDAN"", ""location"": ""Autocor Shyris"", ""business_channel"": ""2000"", ""processedAt"": ""2026-03-16T17:00:28.096Z"", ""color"": ""PLATEADO"", ""accesories"": ""4X2"", ""license_plate"": ""PDU9898"", ""received_flag"": ""1"", ""days_in_stock"": ""14"", ""published_in_web"": ""1"", ""engine_number"": """", ""reserved_by_user_email"": """", ""reserved_by_user_name"": """", ""reserved_dt"": null, ""expiration_dt"": null, ""opportunity_sale_id"": """", ""factory_invoicing_dt"": ""2026-03-02T00:00:00.000Z"", ""factory_status"": """", ""status_name"": ""DISPONIBLE"", ""fuel_name"": ""Gasolina"", ""availability_status_name"": ""Disponible"", ""availability_status_code"": ""1"", ""created_fullname"": ""Fernando Colimba"", ""created_dt"": ""2026-03-02T20:54:28.000Z"", ""deleted_flag"": ""0"", ""owner_branch_code"": ""Autocor Shyris"", ""saving_plan_group"": ""SEDAN"", ""saving_plan_order"": ""AUTOMATICA"", ""integration_reference_code"": ""F56403F5-B8F4-40AE-AD8F-AF084B8EBCF9"", ""version"": ""AC 2.0 2P 4X2 ?A  CABRIO"", ""purchase_price"": 67040}"
114,autocor,2026-03-16T17:52:00Z,PFN7892,CHERY,TIGGO 4,2025,17900,10447,Autocor Av. Orellana,Automática,,,4X2,,,,,2026-03-16T17:52:00Z,PLOMO,1.5,96E5C3D4-F390-4E40-B3DF-635A0BC13E70,https://cdn.pilotsolution.net/crm/stock/autocor/14186/14186_279071_desktop.jpeg,"{""id_record"": 114, ""id"": ""96E5C3D4-F390-4E40-B3DF-635A0BC13E70"", ""media"": ""https://cdn.pilotsolution.net/crm/stock/autocor/14186/14186_279071_desktop.jpeg"", ""brand"": ""CHERY"", ""model"": ""TIGGO 4"", ""prices"": 17900, ""year"": 2025, ""owner"": 0, ""home"": 0, ""odometer"": 10447, ""type"": ""SUV"", ""location"": ""Autocor Av. Orellana"", ""business_channel"": ""1500"", ""processedAt"": ""2026-03-16T17:00:28.096Z"", ""color"": ""PLOMO"", ""accesories"": ""4X2"", ""license_plate"": ""PFN7892"", ""received_flag"": ""1"", ""days_in_stock"": ""12"", ""published_in_web"": ""1"", ""engine_number"": """", ""reserved_by_user_email"": """", ""reserved_by_user_name"": """", ""reserved_dt"": null, ""expiration_dt"": null, ""opportunity_sale_id"": """", ""factory_invoicing_dt"": ""2026-03-04T00:00:00.000Z"", ""factory_status"": """", ""status_name"": ""DISPONIBLE"", ""fuel_name"": ""Gasolina"", ""availability_status_name"": ""Disponible"", ""availability_status_code"": ""1"", ""created_fullname"": ""DAVID  RAMIREZ"", ""created_dt"": ""2026-03-02T20:48:06.000Z"", ""deleted_flag"": ""0"", ""owner_branch_code"": ""Autocor Av. Orellana"", ""saving_plan_group"": ""SUV"", ""saving_plan_order"": ""AUTOMATICA"", ""integration_reference_code"": ""D0CFD097-731C-49C2-A9E9-65B5F9D78F32"", ""version"": ""PRO COMFORT AC 1.5 5P 4X2 TA HYBRID"", ""purchase_price"": 15800}"
115,autocor,2026-03-16T17:52:00Z,PDT9906,KIA,RIO,2022,18400,51946,Autocor Av. Orellana,Automática,,,4X2,,,,,2026-03-16T17:52:00Z,PLOMO,1.4,AD265223-4B5A-4872-BB95-8145DA16548E,https://cdn.pilotsolution.net/crm/stock/autocor/14185/14185_278994_desktop.jpeg,"{""id_record"": 115, ""id"": ""AD265223-4B5A-4872-BB95-8145DA16548E"", ""media"": ""https://cdn.pilotsolution.net/crm/stock/autocor/14185/14185_278994_desktop.jpeg"", ""brand"": ""KIA"", ""model"": ""RIO"", ""prices"": 18400, ""year"": 2022, ""owner"": 0, ""home"": 0, ""odometer"": 51946, ""type"": ""HACHBACK"", ""location"": ""Autocor Av. Orellana"", ""business_channel"": ""1400"", ""processedAt"": ""2026-03-16T17:00:28.096Z"", ""color"": ""PLOMO"", ""accesories"": ""4X2"", ""license_plate"": ""PDT9906"", ""received_flag"": ""1"", ""days_in_stock"": ""12"", ""published_in_web"": ""1"", ""engine_number"": """", ""reserved_by_user_email"": """", ""reserved_by_user_name"": """", ""reserved_dt"": null, ""expiration_dt"": null, ""opportunity_sale_id"": """", ""factory_invoicing_dt"": ""2026-03-04T00:00:00.000Z"", ""factory_status"": """", ""status_name"": ""DISPONIBLE"", ""fuel_name"": ""Gasolina"", ""availability_status_name"": ""Disponible"", ""availability_status_code"": ""1"", ""created_fullname"": ""DAVID  RAMIREZ"", ""created_dt"": ""2026-03-02T20:41:31.000Z"", ""deleted_flag"": ""0"", ""owner_branch_code"": ""Autocor Av. Orellana"", ""saving_plan_group"": ""HACHBACK"", ""saving_plan_order"": ""AUTOMATICA"", ""integration_reference_code"": ""726E3729-C2AF-4F03-8B74-69EDC85397CD"", ""version"": ""AC 1.4 5P 4X2 TA"", ""purchase_price"": 16500}"
116,autocor,2026-03-16T17:52:00Z,PDS2422,KIA,RIO,2021,17900,65900,Autocor Valle de los Chillos,Manual,,,4x2,,,,,2026-03-16T17:52:00Z,ROJO,1.4,665DA02D-7328-4BE6-B85F-EAE784E60A91,https://cdn.pilotsolution.net/crm/stock/autocor/14183/14183_280120_desktop.jpeg,"{""id_record"": 116, ""id"": ""665DA02D-7328-4BE6-B85F-EAE784E60A91"", ""media"": ""https://cdn.pilotsolution.net/crm/stock/autocor/14183/14183_280120_desktop.jpeg"", ""brand"": ""KIA"", ""model"": ""RIO"", ""prices"": 17900, ""year"": 2021, ""owner"": 0, ""home"": 0, ""odometer"": 65900, ""type"": ""HATCHBACK"", ""location"": ""Autocor Valle de los Chillos"", ""business_channel"": ""1400"", ""processedAt"": ""2026-03-16T17:00:28.096Z"", ""color"": ""ROJO"", ""accesories"": ""4x2"", ""license_plate"": ""PDS2422"", ""received_flag"": ""1"", ""days_in_stock"": ""10"", ""published_in_web"": ""1"", ""engine_number"": ""006-001-000002381"", ""reserved_by_user_email"": """", ""reserved_by_user_name"": """", ""reserved_dt"": null, ""expiration_dt"": null, ""opportunity_sale_id"": """", ""factory_invoicing_dt"": ""2026-03-06T00:00:00.000Z"", ""factory_status"": ""NO"", ""status_name"": ""DISPONIBLE"", ""fuel_name"": ""Gasolina"", ""availability_status_name"": ""Disponible"", ""availability_status_code"": ""1"", ""created_fullname"": ""CARLOS  LOAYZA"", ""created_dt"": ""2026-03-02T19:13:10.000Z"", ""deleted_flag"": ""0"", ""owner_branch_code"": ""Autocor Valle de los Chillos"", ""saving_plan_group"": ""HATCHBACK"", ""saving_plan_order"": ""MANUAL"", ""integration_reference_code"": ""0FECBAA1-5D24-401E-B98E-AB6FFA3E99D7"", ""version"": ""AC 1.4 5P 4X2 TM"", ""purchase_price"": 15150}"
117,autocor,2026-03-16T17:52:00Z,PDX6287,CHERY,TIGGO 7,2023,20900,3350,Autocor Shyris,Automática,,,4x2,,,,,2026-03-16T17:52:00Z,ROJO,1.5,385D8CEA-FEFD-4FE6-BF87-52AFEC610DB5,https://cdn.pilotsolution.net/crm/stock/autocor/14182/14182_277645_desktop.jpeg,"{""id_record"": 117, ""id"": ""385D8CEA-FEFD-4FE6-BF87-52AFEC610DB5"", ""media"": ""https://cdn.pilotsolution.net/crm/stock/autocor/14182/14182_277645_desktop.jpeg"", ""brand"": ""CHERY"", ""model"": ""TIGGO 7"", ""prices"": 20900, ""year"": 2023, ""owner"": 0, ""home"": 0, ""odometer"": 3350, ""type"": ""SUV"", ""location"": ""Autocor Shyris"", ""business_channel"": ""1500"", ""processedAt"": ""2026-03-16T17:00:28.096Z"", ""color"": ""ROJO"", ""accesories"": ""4x2"", ""license_plate"": ""PDX6287"", ""received_flag"": ""1"", ""days_in_stock"": ""14"", ""published_in_web"": ""1"", ""engine_number"": """", ""reserved_by_user_email"": """", ""reserved_by_user_name"": """", ""reserved_dt"": null, ""expiration_dt"": null, ""opportunity_sale_id"": """", ""factory_invoicing_dt"": ""2026-03-02T00:00:00.000Z"", ""factory_status"": """", ""status_name"": ""DISPONIBLE"", ""fuel_name"": ""Gasolina"", ""availability_status_name"": ""Disponible"", ""availability_status_code"": ""1"", ""created_fullname"": ""ANDRES  MERA"", ""created_dt"": ""2026-03-02T17:33:22.000Z"", ""deleted_flag"": ""0"", ""owner_branch_code"": ""Autocor Shyris"", ""saving_plan_group"": ""SUV"", ""saving_plan_order"": ""AUTOMATICA"", ""integration_reference_code"": ""1A204F12-FE3B-4F25-8D26-07F15143D3DE"", ""version"": ""PLUS AC 1.5 5P 4X2 TA"", ""purchase_price"": 17040}"
118,autocor,2026-03-16T17:52:00Z,PFO1477,FORD,ESCAPE,2025,32400,5100,Autocor Shyris,Automática,,,4X2,,,,,2026-03-16T17:52:00Z,BLANCO,1.5,47549B28-187E-4140-A969-F55BB14AE169,https://cdn.pilotsolution.net/crm/stock/autocor/14181/14181_277617_desktop.jpeg,"{""id_record"": 118, ""id"": ""47549B28-187E-4140-A969-F55BB14AE169"", ""media"": ""https://cdn.pilotsolution.net/crm/stock/autocor/14181/14181_277617_desktop.jpeg"", ""brand"": ""FORD"", ""model"": ""ESCAPE"", ""prices"": 32400, ""year"": 2025, ""owner"": 0, ""home"": 0, ""odometer"": 5100, ""type"": ""SUV"", ""location"": ""Autocor Shyris"", ""business_channel"": ""1500"", ""processedAt"": ""2026-03-16T17:00:28.096Z"", ""color"": ""BLANCO"", ""accesories"": ""4X2"", ""license_plate"": ""PFO1477"", ""received_flag"": ""1"", ""days_in_stock"": ""14"", ""published_in_web"": ""1"", ""engine_number"": """", ""reserved_by_user_email"": """", ""reserved_by_user_name"": """", ""reserved_dt"": null, ""expiration_dt"": null, ""opportunity_sale_id"": """", ""factory_invoicing_dt"": ""2026-03-02T00:00:00.000Z"", ""factory_status"": """", ""status_name"": ""DISPONIBLE"", ""fuel_name"": ""Gasolina"", ""availability_status_name"": ""Disponible"", ""availability_status_code"": ""1"", ""created_fullname"": ""Fernando Colimba"", ""created_dt"": ""2026-03-02T17:13:02.000Z"", ""deleted_flag"": ""0"", ""owner_branch_code"": ""Autocor Shyris"", ""saving_plan_group"": ""SUV"", ""saving_plan_order"": ""AUTOMATICA"", ""integration_reference_code"": ""B0ACE556-228A-4700-A005-B1E041D878B4"", ""version"": ""TITANIUM AC 1.5 5P 4X2 TA"", ""purchase_price"": 30000}"
119,autocor,2026-03-16T17:52:00Z,PFF3417,MERCEDES BENZ,A35,2022,53900,21421,Autocor Shyris,Automática,,,4X4,,,,,2026-03-16T17:52:00Z,AZUL,2.0,25C1BD22-1325-424A-B5B2-20FE39809F95,https://cdn.pilotsolution.net/crm/stock/autocor/14175/14175_277454_desktop.jpeg,"{""id_record"": 119, ""id"": ""25C1BD22-1325-424A-B5B2-20FE39809F95"", ""media"": ""https://cdn.pilotsolution.net/crm/stock/autocor/14175/14175_277454_desktop.jpeg"", ""brand"": ""MERCEDES BENZ"", ""model"": ""A35"", ""prices"": 53900, ""year"": 2022, ""owner"": 0, ""home"": 0, ""odometer"": 21421, ""type"": ""SUV"", ""location"": ""Autocor Shyris"", ""business_channel"": ""2000"", ""processedAt"": ""2026-03-16T17:00:28.096Z"", ""color"": ""AZUL"", ""accesories"": ""4X4"", ""license_plate"": ""PFF3417"", ""received_flag"": ""1"", ""days_in_stock"": ""14"", ""published_in_web"": ""1"", ""engine_number"": """", ""reserved_by_user_email"": """", ""reserved_by_user_name"": """", ""reserved_dt"": null, ""expiration_dt"": null, ""opportunity_sale_id"": """", ""factory_invoicing_dt"": ""2026-03-02T00:00:00.000Z"", ""factory_status"": """", ""status_name"": ""DISPONIBLE"", ""fuel_name"": ""Gasolina"", ""availability_status_name"": ""Disponible"", ""availability_status_code"": ""1"", ""created_fullname"": ""ASISTENTE COMERCIAL SHYRIS"", ""created_dt"": ""2026-03-02T15:50:10.000Z"", ""deleted_flag"": ""0"", ""owner_branch_code"": ""Autocor Shyris"", ""saving_plan_group"": ""SUV"", ""saving_plan_order"": ""AUTOMATICA"", ""integration_reference_code"": ""DD2393E2-EDD4-46B7-90A2-D5BE65FBF2F3"", ""version"": ""SPORT AC 2.0 4P 4X4 TA"", ""purchase_price"": 47040}"
12,autocor,2026-03-16T17:51:58Z,PFN9624,CHANGAN,ALSVIN,2025,14900,24000,Autocor Valle de los Chillos,Manual,,,4X2,,,,,2026-03-16T17:51:58Z,ROJO,1.4,86F241F9-82CE-4A0B-B0DE-477EE1AACE68,https://cdn.pilotsolution.net/crm/stock/autocor/14413/14413_283219_desktop.jpeg,"{""id_record"": 12, ""id"": ""86F241F9-82CE-4A0B-B0DE-477EE1AACE68"", ""media"": ""https://cdn.pilotsolution.net/crm/stock/autocor/14413/14413_283219_desktop.jpeg"", ""brand"": ""CHANGAN"", ""model"": ""ALSVIN"", ""prices"": 14900, ""year"": 2025, ""owner"": 0, ""home"": 0, ""odometer"": 24000, ""type"": ""SEDAN"", ""location"": ""Autocor Valle de los Chillos"", ""business_channel"": ""1400"", ""processedAt"": ""2026-03-16T17:00:28.096Z"", ""color"": ""ROJO"", ""accesories"": ""4X2"", ""license_plate"": ""PFN9624"", ""received_flag"": ""1"", ""days_in_stock"": ""2"", ""published_in_web"": ""1"", ""engine_number"": ""006-001-000002396"", ""reserved_by_user_email"": """", ""reserved_by_user_name"": """", ""reserved_dt"": null, ""expiration_dt"": null, ""opportunity_sale_id"": """", ""factory_invoicing_dt"": ""2026-03-14T00:00:00.000Z"", ""factory_status"": ""NO"", ""status_name"": ""DISPONIBLE"", ""fuel_name"": ""Gasolina"", ""availability_status_name"": ""Disponible"", ""availability_status_code"": ""1"", ""created_fullname"": ""VENTAS VALLE CHILLOS"", ""created_dt"": ""2026-03-14T17:20:34.000Z"", ""deleted_flag"": ""0"", ""owner_branch_code"": ""Autocor Valle de los Chillos"", ""saving_plan_group"": ""SEDAN"", ""saving_plan_order"": ""MANUAL"", ""integration_reference_code"": ""B07DDEF8-401F-43E8-9D1E-33B746005163"", ""version"": ""COMFORT AC 1.4 4P 4X2 TM"", ""purchase_price"": 12700}"
120,autocor,2026-03-16T17:52:00Z,GTK3456,FORD,EXPLORER,2021,63900,54000,Autocor Guayaquil,Automática,,,4X4,,,,,2026-03-16T17:52:00Z,BLANCO,2.3,5D791701-3F75-4427-BBFF-B437D313B5E3,https://cdn.pilotsolution.net/crm/stock/autocor/14172/14172_280260_desktop.jpeg,"{""id_record"": 120, ""id"": ""5D791701-3F75-4427-BBFF-B437D313B5E3"", ""media"": ""https://cdn.pilotsolution.net/crm/stock/autocor/14172/14172_280260_desktop.jpeg"", ""brand"": ""FORD"", ""model"": ""EXPLORER"", ""prices"": 63900, ""year"": 2021, ""owner"": 0, ""home"": 0, ""odometer"": 54000, ""type"": ""JEEP"", ""location"": ""Autocor Guayaquil"", ""business_channel"": ""2300"", ""processedAt"": ""2026-03-16T17:00:28.096Z"", ""color"": ""BLANCO"", ""accesories"": ""4X4\n"", ""license_plate"": ""GTK3456"", ""received_flag"": ""1"", ""days_in_stock"": ""16"", ""published_in_web"": ""1"", ""engine_number"": ""001-001-000000370"", ""reserved_by_user_email"": """", ""reserved_by_user_name"": """", ""reserved_dt"": null, ""expiration_dt"": null, ""opportunity_sale_id"": """", ""factory_invoicing_dt"": ""2026-02-28T00:00:00.000Z"", ""factory_status"": ""NO"", ""status_name"": ""DISPONIBLE"", ""fuel_name"": ""Gasolina"", ""availability_status_name"": ""Disponible"", ""availability_status_code"": ""1"", ""created_fullname"": ""ASISTENTE COMERCIAL 6 DICIEMBRE"", ""created_dt"": ""2026-03-02T15:22:35.000Z"", ""deleted_flag"": ""0"", ""owner_branch_code"": ""Autocor Guayaquil"", ""saving_plan_group"": ""JEEP"", ""saving_plan_order"": ""AUTOMATICA"", ""integration_reference_code"": ""DEBA8B65-FCDA-458C-8638-CEB39BA93394"", ""version"": ""AC 2.3 5P 4X4 TA"", ""purchase_price"": 57040}"
121,autocor,2026-03-16T17:52:00Z,MBF5805,DONGFENG,SX5,2022,12400,81700,Autocor Guayaquil,Manual,,,4X2,,,,,2026-03-16T17:52:00Z,BLANCO,2.0,0DFFDE8D-3B4B-4950-AA00-691A11A80DE4,https://cdn.pilotsolution.net/crm/stock/autocor/14171/14171_282090_desktop.jpeg,"{""id_record"": 121, ""id"": ""0DFFDE8D-3B4B-4950-AA00-691A11A80DE4"", ""media"": ""https://cdn.pilotsolution.net/crm/stock/autocor/14171/14171_282090_desktop.jpeg"", ""brand"": ""DONGFENG"", ""model"": ""SX5"", ""prices"": 12400, ""year"": 2022, ""owner"": 0, ""home"": 0, ""odometer"": 81700, ""type"": ""SUV"", ""location"": ""Autocor Guayaquil"", ""business_channel"": ""2000"", ""processedAt"": ""2026-03-16T17:00:28.096Z"", ""color"": ""BLANCO"", ""accesories"": ""4X2"", ""license_plate"": ""MBF5805"", ""received_flag"": ""1"", ""days_in_stock"": ""6"", ""published_in_web"": ""1"", ""engine_number"": ""006-001-000002380"", ""reserved_by_user_email"": """", ""reserved_by_user_name"": """", ""reserved_dt"": null, ""expiration_dt"": null, ""opportunity_sale_id"": """", ""factory_invoicing_dt"": ""2026-03-10T00:00:00.000Z"", ""factory_status"": ""NO"", ""status_name"": ""DISPONIBLE"", ""fuel_name"": ""Gasolina"", ""availability_status_name"": ""Disponible"", ""availability_status_code"": ""1"", ""created_fullname"": ""CARLOS  LOAYZA"", ""created_dt"": ""2026-03-02T14:59:34.000Z"", ""deleted_flag"": ""0"", ""owner_branch_code"": ""Autocor Guayaquil"", ""saving_plan_group"": ""SUV"", ""saving_plan_order"": ""MANUAL"", ""integration_reference_code"": ""B3CB2A03-3DBB-4EC6-9B0E-A9A19E46B747"", ""version"": ""2.0 5P 4X2 TM"", ""purchase_price"": 10240}"
122,autocor,2026-03-16T17:52:00Z,PFC3874,RENAULT,DUSTER,2023,19900,73000,Autocor Eloy Alfaro,Automática,,,4X2,,,,,2026-03-16T17:52:00Z,PLATEADO,1.3,A7A8297B-C6E2-4236-B00B-703478B53BD8,https://cdn.pilotsolution.net/crm/stock/autocor/14170/14170_277244_desktop.jpeg,"{""id_record"": 122, ""id"": ""A7A8297B-C6E2-4236-B00B-703478B53BD8"", ""media"": ""https://cdn.pilotsolution.net/crm/stock/autocor/14170/14170_277244_desktop.jpeg"", ""brand"": ""RENAULT"", ""model"": ""DUSTER"", ""prices"": 19900, ""year"": 2023, ""owner"": 0, ""home"": 0, ""odometer"": 73000, ""type"": ""SUV"", ""location"": ""Autocor Eloy Alfaro"", ""business_channel"": ""1300"", ""processedAt"": ""2026-03-16T17:00:28.096Z"", ""color"": ""PLATEADO"", ""accesories"": ""4X2"", ""license_plate"": ""PFC3874"", ""received_flag"": ""0"", ""days_in_stock"": ""0"", ""published_in_web"": ""1"", ""engine_number"": """", ""reserved_by_user_email"": """", ""reserved_by_user_name"": """", ""reserved_dt"": null, ""expiration_dt"": null, ""opportunity_sale_id"": """", ""factory_invoicing_dt"": ""2026-03-01T00:00:00.000Z"", ""factory_status"": """", ""status_name"": ""DISPONIBLE"", ""fuel_name"": ""Gasolina"", ""availability_status_name"": ""Disponible"", ""availability_status_code"": ""1"", ""created_fullname"": ""ASISTENTE COMERCIAL ELOY ALFARO"", ""created_dt"": ""2026-03-01T19:00:00.000Z"", ""deleted_flag"": ""0"", ""owner_branch_code"": ""Autocor Eloy Alfaro"", ""saving_plan_group"": ""SUV"", ""saving_plan_order"": ""AUTOMATICA"", ""integration_reference_code"": ""FC1CC6F8-784C-4CE6-85F2-0FBFC5036A57"", ""version"": ""INTENS AC 1.3T 5P 4X2 TA"", ""purchase_price"": 15040}"
123,autocor,2026-03-16T17:52:00Z,PFH2748,CHERY,TIGGO 7,2024,19400,57860,Autocor Cumbaya,Automática,,,4X2,,,,,2026-03-16T17:52:00Z,PLATEADO,1.5,D0F7311F-7BE6-42CC-B61B-FFE88796C757,https://cdn.pilotsolution.net/crm/stock/autocor/14169/14169_277213_desktop.jpeg,"{""id_record"": 123, ""id"": ""D0F7311F-7BE6-42CC-B61B-FFE88796C757"", ""media"": ""https://cdn.pilotsolution.net/crm/stock/autocor/14169/14169_277213_desktop.jpeg"", ""brand"": ""CHERY"", ""model"": ""TIGGO 7"", ""prices"": 19400, ""year"": 2024, ""owner"": 0, ""home"": 0, ""odometer"": 57860, ""type"": ""SUV"", ""location"": ""Autocor Cumbaya"", ""business_channel"": ""1500"", ""processedAt"": ""2026-03-16T17:00:28.096Z"", ""color"": ""PLATEADO"", ""accesories"": ""4X2"", ""license_plate"": ""PFH2748"", ""received_flag"": ""1"", ""days_in_stock"": ""15"", ""published_in_web"": ""1"", ""engine_number"": ""005-001-000004803"", ""reserved_by_user_email"": """", ""reserved_by_user_name"": """", ""reserved_dt"": null, ""expiration_dt"": null, ""opportunity_sale_id"": """", ""factory_invoicing_dt"": ""2026-03-01T00:00:00.000Z"", ""factory_status"": """", ""status_name"": ""DISPONIBLE"", ""fuel_name"": ""Gasolina"", ""availability_status_name"": ""Disponible"", ""availability_status_code"": ""1"", ""created_fullname"": ""Ventas  Cumbaya "", ""created_dt"": ""2026-03-01T18:42:17.000Z"", ""deleted_flag"": ""0"", ""owner_branch_code"": ""Autocor Cumbaya"", ""saving_plan_group"": ""SUV"", ""saving_plan_order"": ""AUTOMATICA"", ""integration_reference_code"": ""920D4AC5-4872-4B1D-ADB3-7A8AB3877870"", ""version"": ""7 PRO CONFORT AC 1.5 5P 4X2"", ""purchase_price"": 17500}"
124,autocor,2026-03-16T17:52:00Z,PDK6525,FIAT,500,2020,16900,33620,Autocor Cumbaya,Manual,,,4X2,,,,,2026-03-16T17:52:00Z,AZUL,1.4,773A8698-5A82-40A1-9648-57A299D711A1,https://cdn.pilotsolution.net/crm/stock/autocor/14166/14166_277154_desktop.jpeg,"{""id_record"": 124, ""id"": ""773A8698-5A82-40A1-9648-57A299D711A1"", ""media"": ""https://cdn.pilotsolution.net/crm/stock/autocor/14166/14166_277154_desktop.jpeg"", ""brand"": ""FIAT"", ""model"": ""500"", ""prices"": 16900, ""year"": 2020, ""owner"": 0, ""home"": 0, ""odometer"": 33620, ""type"": ""HATCHBACK"", ""location"": ""Autocor Cumbaya"", ""business_channel"": ""1400"", ""processedAt"": ""2026-03-16T17:00:28.096Z"", ""color"": ""AZUL"", ""accesories"": ""4X2"", ""license_plate"": ""PDK6525"", ""received_flag"": ""1"", ""days_in_stock"": ""15"", ""published_in_web"": ""1"", ""engine_number"": ""005-001-000004825"", ""reserved_by_user_email"": """", ""reserved_by_user_name"": """", ""reserved_dt"": null, ""expiration_dt"": null, ""opportunity_sale_id"": """", ""factory_invoicing_dt"": ""2026-03-01T00:00:00.000Z"", ""factory_status"": """", ""status_name"": ""DISPONIBLE"", ""fuel_name"": ""Gasolina"", ""availability_status_name"": ""Disponible"", ""availability_status_code"": ""1"", ""created_fullname"": ""Ventas  Cumbaya "", ""created_dt"": ""2026-03-01T17:27:08.000Z"", ""deleted_flag"": ""0"", ""owner_branch_code"": ""Autocor Cumbaya"", ""saving_plan_group"": ""HATCHBACK"", ""saving_plan_order"": ""MANUAL"", ""integration_reference_code"": ""F956DFFC-A652-4D02-93A2-C4AFCDCC6701"", ""version"": ""AC 1.4 3P 4X2 TM LOUNGE"", ""purchase_price"": 13040}"
125,autocor,2026-03-16T17:52:00Z,PFB2301,CHEVROLET,TAHOE,2023,96900,23500,Autocor Shyris,Automática,,,4X4,,,,,2026-03-16T17:52:00Z,PLOMO,5.3,A0A2B293-7982-4300-A54D-5BF8728699B3,https://cdn.pilotsolution.net/crm/stock/autocor/14165/14165_278685_desktop.jpeg,"{""id_record"": 125, ""id"": ""A0A2B293-7982-4300-A54D-5BF8728699B3"", ""media"": ""https://cdn.pilotsolution.net/crm/stock/autocor/14165/14165_278685_desktop.jpeg"", ""brand"": ""CHEVROLET"", ""model"": ""TAHOE"", ""prices"": 96900, ""year"": 2023, ""owner"": 1, ""home"": 0, ""odometer"": 23500, ""type"": ""SUV"", ""location"": ""Autocor Shyris"", ""business_channel"": ""5300"", ""processedAt"": ""2026-03-16T17:00:28.096Z"", ""color"": ""PLOMO"", ""accesories"": ""4X4"", ""license_plate"": ""PFB2301"", ""received_flag"": ""1"", ""days_in_stock"": ""15"", ""published_in_web"": ""1"", ""engine_number"": """", ""reserved_by_user_email"": """", ""reserved_by_user_name"": """", ""reserved_dt"": null, ""expiration_dt"": null, ""opportunity_sale_id"": """", ""factory_invoicing_dt"": ""2026-03-01T00:00:00.000Z"", ""factory_status"": ""SI"", ""status_name"": ""DISPONIBLE"", ""fuel_name"": ""Gasolina"", ""availability_status_name"": ""Disponible"", ""availability_status_code"": ""1"", ""created_fullname"": ""ASISTENTE COMERCIAL SHYRIS"", ""created_dt"": ""2026-03-01T17:17:24.000Z"", ""deleted_flag"": ""0"", ""owner_branch_code"": ""Autocor Shyris"", ""saving_plan_group"": ""SUV"", ""saving_plan_order"": ""AUTOMATICA"", ""integration_reference_code"": ""362DA078-442E-455D-8508-B64E1CE1EF85"", ""version"": ""AC 5.3 5P 4X4 TA  Z71"", ""purchase_price"": 87000}"
126,autocor,2026-03-16T17:52:00Z,PDQ8962,BMW,218I,2021,33900,57000,Autocor Eloy Alfaro,Automática,,,4X2,,,,,2026-03-16T17:52:00Z,NEGRO,1.5,A4FBCFAD-D52F-4282-8FF4-763C7466AAC8,https://cdn.pilotsolution.net/crm/stock/autocor/14164/14164_277085_desktop.jpeg,"{""id_record"": 126, ""id"": ""A4FBCFAD-D52F-4282-8FF4-763C7466AAC8"", ""media"": ""https://cdn.pilotsolution.net/crm/stock/autocor/14164/14164_277085_desktop.jpeg"", ""brand"": ""BMW"", ""model"": ""218I"", ""prices"": 33900, ""year"": 2021, ""owner"": 0, ""home"": 0, ""odometer"": 57000, ""type"": ""SEDAN"", ""location"": ""Autocor Eloy Alfaro"", ""business_channel"": ""1500"", ""processedAt"": ""2026-03-16T17:00:28.096Z"", ""color"": ""NEGRO"", ""accesories"": ""4X2"", ""license_plate"": ""PDQ8962"", ""received_flag"": ""1"", ""days_in_stock"": ""16"", ""published_in_web"": ""1"", ""engine_number"": """", ""reserved_by_user_email"": """", ""reserved_by_user_name"": """", ""reserved_dt"": null, ""expiration_dt"": null, ""opportunity_sale_id"": """", ""factory_invoicing_dt"": ""2026-02-28T00:00:00.000Z"", ""factory_status"": ""NO"", ""status_name"": ""DISPONIBLE"", ""fuel_name"": ""Gasolina"", ""availability_status_name"": ""Disponible"", ""availability_status_code"": ""1"", ""created_fullname"": ""ASISTENTE COMERCIAL ELOY ALFARO"", ""created_dt"": ""2026-03-01T16:59:17.000Z"", ""deleted_flag"": ""0"", ""owner_branch_code"": ""Autocor Eloy Alfaro"", ""saving_plan_group"": ""SEDAN"", ""saving_plan_order"": ""AUTOMATICA"", ""integration_reference_code"": ""A30263BF-56C1-4CD5-9534-A99DF7933C02"", ""version"": ""GRAN COUPE AC 1.5 4P 4X2 TA"", ""purchase_price"": 30000}"
127,autocor,2026-03-16T17:52:00Z,PFB1598,RENAULT,DUSTER,2023,19900,72000,Autocor Eloy Alfaro,Automática,,,4X2,,,,,2026-03-16T17:52:00Z,PLOMO,1.3,A1B5FF6E-B43F-416E-BCBF-5DEC977E4A12,https://cdn.pilotsolution.net/crm/stock/autocor/14159/14159_278632_desktop.jpeg,"{""id_record"": 127, ""id"": ""A1B5FF6E-B43F-416E-BCBF-5DEC977E4A12"", ""media"": ""https://cdn.pilotsolution.net/crm/stock/autocor/14159/14159_278632_desktop.jpeg"", ""brand"": ""RENAULT"", ""model"": ""DUSTER"", ""prices"": 19900, ""year"": 2023, ""owner"": 1, ""home"": 0, ""odometer"": 72000, ""type"": ""SUV"", ""location"": ""Autocor Eloy Alfaro"", ""business_channel"": ""1300"", ""processedAt"": ""2026-03-16T17:00:28.096Z"", ""color"": ""PLOMO"", ""accesories"": ""4X2"", ""license_plate"": ""PFB1598"", ""received_flag"": ""0"", ""days_in_stock"": ""0"", ""published_in_web"": ""1"", ""engine_number"": """", ""reserved_by_user_email"": """", ""reserved_by_user_name"": """", ""reserved_dt"": null, ""expiration_dt"": null, ""opportunity_sale_id"": """", ""factory_invoicing_dt"": ""2026-02-28T00:00:00.000Z"", ""factory_status"": ""SI"", ""status_name"": ""DISPONIBLE"", ""fuel_name"": ""Gasolina"", ""availability_status_name"": ""Disponible"", ""availability_status_code"": ""1"", ""created_fullname"": ""ASISTENTE COMERCIAL ELOY ALFARO"", ""created_dt"": ""2026-02-28T22:17:27.000Z"", ""deleted_flag"": ""0"", ""owner_branch_code"": ""Autocor Eloy Alfaro"", ""saving_plan_group"": ""SUV"", ""saving_plan_order"": ""AUTOMATICA"", ""integration_reference_code"": ""79491170-5E51-4EAB-A708-EB7F35DD4D4B"", ""version"": ""INTENS AC 1.3T 5P 4X2 TA"", ""purchase_price"": 15040}"
128,autocor,2026-03-16T17:52:00Z,PDN4461,JAC,T8,2020,21400,123170,Autocor El Recreo,Manual,,,4X4,,,,,2026-03-16T17:52:00Z,BLANCO,ND,DFF8E726-8690-4005-8090-AB356EF11524,https://cdn.pilotsolution.net/crm/stock/autocor/14155/14155_276907_desktop.jpeg,"{""id_record"": 128, ""id"": ""DFF8E726-8690-4005-8090-AB356EF11524"", ""media"": ""https://cdn.pilotsolution.net/crm/stock/autocor/14155/14155_276907_desktop.jpeg"", ""brand"": ""JAC"", ""model"": ""T8"", ""prices"": 21400, ""year"": 2020, ""owner"": 0, ""home"": 0, ""odometer"": 123170, ""type"": ""DOBLE CABINA"", ""location"": ""Autocor El Recreo"", ""business_channel"": ""2000"", ""processedAt"": ""2026-03-16T17:00:28.096Z"", ""color"": ""BLANCO"", ""accesories"": ""4X4"", ""license_plate"": ""PDN4461"", ""received_flag"": ""1"", ""days_in_stock"": ""false"", ""published_in_web"": ""1"", ""engine_number"": ""008-001-000001340"", ""reserved_by_user_email"": """", ""reserved_by_user_name"": """", ""reserved_dt"": null, ""expiration_dt"": null, ""opportunity_sale_id"": """", ""factory_invoicing_dt"": null, ""factory_status"": """", ""status_name"": ""DISPONIBLE"", ""fuel_name"": ""Gasolina"", ""availability_status_name"": ""Disponible"", ""availability_status_code"": ""1"", ""created_fullname"": ""ANDRES  MERA"", ""created_dt"": ""2026-02-28T18:43:50.000Z"", ""deleted_flag"": ""0"", ""owner_branch_code"": ""Autocor El Recreo"", ""saving_plan_group"": ""DOBLE CABINA"", ""saving_plan_order"": ""MANUAL "", ""integration_reference_code"": ""F2393681-1002-47FD-B5A2-66574D944352"", ""version"": ""LUXURY"", ""purchase_price"": 16040}"
129,autocor,2026-03-16T17:52:00Z,PFF7946,FORD,ESCAPE,2023,34900,27800,Autocor Shyris,Automática,,,4X4,,,,,2026-03-16T17:52:00Z,PLOMO,2.5,ECC7B708-C306-4B5F-93EB-EB325A570D56,https://cdn.pilotsolution.net/crm/stock/autocor/14149/14149_277272_desktop.jpeg,"{""id_record"": 129, ""id"": ""ECC7B708-C306-4B5F-93EB-EB325A570D56"", ""media"": ""https://cdn.pilotsolution.net/crm/stock/autocor/14149/14149_277272_desktop.jpeg"", ""brand"": ""FORD"", ""model"": ""ESCAPE"", ""prices"": 34900, ""year"": 2023, ""owner"": 0, ""home"": 0, ""odometer"": 27800, ""type"": ""SUV"", ""location"": ""Autocor Shyris"", ""business_channel"": ""2500"", ""processedAt"": ""2026-03-16T17:00:28.096Z"", ""color"": ""PLOMO"", ""accesories"": ""4X4"", ""license_plate"": ""PFF7946"", ""received_flag"": ""1"", ""days_in_stock"": ""14"", ""published_in_web"": ""1"", ""engine_number"": """", ""reserved_by_user_email"": """", ""reserved_by_user_name"": """", ""reserved_dt"": null, ""expiration_dt"": null, ""opportunity_sale_id"": """", ""factory_invoicing_dt"": ""2026-03-02T00:00:00.000Z"", ""factory_status"": """", ""status_name"": ""DISPONIBLE"", ""fuel_name"": ""Hibrido "", ""availability_status_name"": ""Disponible"", ""availability_status_code"": ""1"", ""created_fullname"": ""Fernando Colimba"", ""created_dt"": ""2026-02-28T02:04:29.000Z"", ""deleted_flag"": ""0"", ""owner_branch_code"": ""Autocor Shyris"", ""saving_plan_group"": ""SUV"", ""saving_plan_order"": ""AUTOMATICA"", ""integration_reference_code"": ""71241393-705E-464B-948B-96ECA29FE7F6"", ""version"": ""TITANIUM FHEV ATK AC 2.5 5P"", ""purchase_price"": 32500}"
13,autocor,2026-03-16T17:51:58Z,GTC1566,KIA,OPTIMA,2019,15900,95000,Autocor Guayaquil,Automática,,,4X2,,,,,2026-03-16T17:51:58Z,AZUL,2.0,5E609CA7-8575-4A95-A508-6553DA3B3615,https://cdn.pilotsolution.net/crm/stock/autocor/14410/14410_283119_desktop.jpeg,"{""id_record"": 13, ""id"": ""5E609CA7-8575-4A95-A508-6553DA3B3615"", ""media"": ""https://cdn.pilotsolution.net/crm/stock/autocor/14410/14410_283119_desktop.jpeg"", ""brand"": ""KIA"", ""model"": ""OPTIMA"", ""prices"": 15900, ""year"": 2019, ""owner"": 0, ""home"": 1, ""odometer"": 95000, ""type"": ""SUV"", ""location"": ""Autocor Guayaquil"", ""business_channel"": ""2000"", ""processedAt"": ""2026-03-16T17:00:28.096Z"", ""color"": ""AZUL"", ""accesories"": ""4X2"", ""license_plate"": ""GTC1566"", ""received_flag"": ""1"", ""days_in_stock"": ""false"", ""published_in_web"": ""1"", ""engine_number"": """", ""reserved_by_user_email"": """", ""reserved_by_user_name"": """", ""reserved_dt"": null, ""expiration_dt"": null, ""opportunity_sale_id"": """", ""factory_invoicing_dt"": null, ""factory_status"": ""NO"", ""status_name"": ""DISPONIBLE"", ""fuel_name"": ""Hibrido "", ""availability_status_name"": ""Disponible"", ""availability_status_code"": ""1"", ""created_fullname"": ""FRANCISCO AROCA"", ""created_dt"": ""2026-03-14T15:01:02.000Z"", ""deleted_flag"": ""0"", ""owner_branch_code"": ""Autocor Guayaquil"", ""saving_plan_group"": ""SUV"", ""saving_plan_order"": ""AUTOMATICA"", ""integration_reference_code"": """", ""version"": ""AC 2.0 4P 4X2 TA HYBRID"", ""purchase_price"": 0}"
130,autocor,2026-03-16T17:52:00Z,PDZ6978,BMW,X5,2023,79900,34000,Autocor Shyris,Automática,,,4X4,,,,,2026-03-16T17:52:00Z,PLOMO,3.0,8ABAE391-B035-4FE3-A6F0-B418F9DFF734,https://cdn.pilotsolution.net/crm/stock/autocor/14143/14143_276601_desktop.jpeg,"{""id_record"": 130, ""id"": ""8ABAE391-B035-4FE3-A6F0-B418F9DFF734"", ""media"": ""https://cdn.pilotsolution.net/crm/stock/autocor/14143/14143_276601_desktop.jpeg"", ""brand"": ""BMW"", ""model"": ""X5"", ""prices"": 79900, ""year"": 2023, ""owner"": 0, ""home"": 0, ""odometer"": 34000, ""type"": ""SUV"", ""location"": ""Autocor Shyris"", ""business_channel"": ""3000"", ""processedAt"": ""2026-03-16T17:00:28.096Z"", ""color"": ""PLOMO"", ""accesories"": ""4X4"", ""license_plate"": ""PDZ6978"", ""received_flag"": ""1"", ""days_in_stock"": ""16"", ""published_in_web"": ""1"", ""engine_number"": """", ""reserved_by_user_email"": """", ""reserved_by_user_name"": """", ""reserved_dt"": null, ""expiration_dt"": null, ""opportunity_sale_id"": """", ""factory_invoicing_dt"": ""2026-02-28T00:00:00.000Z"", ""factory_status"": """", ""status_name"": ""DISPONIBLE"", ""fuel_name"": ""Hibrido "", ""availability_status_name"": ""Disponible"", ""availability_status_code"": ""1"", ""created_fullname"": ""ASISTENTE COMERCIAL SHYRIS"", ""created_dt"": ""2026-02-27T22:53:15.000Z"", ""deleted_flag"": ""0"", ""owner_branch_code"": ""Autocor Shyris"", ""saving_plan_group"": ""SUV"", ""saving_plan_order"": ""AUTOMATICA"", ""integration_reference_code"": ""86C46290-3CEF-4F08-A8FE-EFEC4195134A"", ""version"": ""AC 3.0 5P 4X4 TA  XDRIVE 45E"", ""purchase_price"": 73040}"
131,autocor,2026-03-16T17:52:00Z,PFL7305,CHERY,ARRIZO 5,2025,15400,30000,Autocor Eloy Alfaro,Manual,,,4X2,,,,,2026-03-16T17:52:00Z,PLATA,1.5,C9E927EA-56B5-407C-A370-EAD0E9279FC0,https://cdn.pilotsolution.net/crm/stock/autocor/14141/14141_276677_desktop.jpeg,"{""id_record"": 131, ""id"": ""C9E927EA-56B5-407C-A370-EAD0E9279FC0"", ""media"": ""https://cdn.pilotsolution.net/crm/stock/autocor/14141/14141_276677_desktop.jpeg"", ""brand"": ""CHERY"", ""model"": ""ARRIZO 5"", ""prices"": 15400, ""year"": 2025, ""owner"": 0, ""home"": 0, ""odometer"": 30000, ""type"": ""SEDAN"", ""location"": ""Autocor Eloy Alfaro"", ""business_channel"": ""1500"", ""processedAt"": ""2026-03-16T17:00:28.096Z"", ""color"": ""PLATA"", ""accesories"": ""4X2"", ""license_plate"": ""PFL7305"", ""received_flag"": ""1"", ""days_in_stock"": ""20"", ""published_in_web"": ""1"", ""engine_number"": ""003-001-000005728"", ""reserved_by_user_email"": """", ""reserved_by_user_name"": """", ""reserved_dt"": null, ""expiration_dt"": null, ""opportunity_sale_id"": """", ""factory_invoicing_dt"": ""2026-02-24T00:00:00.000Z"", ""factory_status"": """", ""status_name"": ""DISPONIBLE"", ""fuel_name"": ""Gasolina"", ""availability_status_name"": ""Disponible"", ""availability_status_code"": ""1"", ""created_fullname"": ""ANDRES  FONSECA"", ""created_dt"": ""2026-02-27T22:46:44.000Z"", ""deleted_flag"": ""0"", ""owner_branch_code"": ""Autocor Eloy Alfaro"", ""saving_plan_group"": ""SEDAN"", ""saving_plan_order"": ""MANUAL"", ""integration_reference_code"": ""5B18CB80-1221-4BC0-AC0A-8AFA59BC6163"", ""version"": ""ARIZO 5 PRO COMFORT AC 1.5 4P"", ""purchase_price"": 13000}"
132,autocor,2026-03-16T17:52:00Z,PDL2579,MERCEDES BENZ,GLA 180,2018,32900,36000,Autocor 6 de Diciembre,Automática,,,4X2,,,,,2026-03-16T17:52:00Z,BLANCO,1.6,DE12DE9D-926B-46B6-A787-CB0100E6E4FB,https://cdn.pilotsolution.net/crm/stock/autocor/14140/14140_276575_desktop.jpeg,"{""id_record"": 132, ""id"": ""DE12DE9D-926B-46B6-A787-CB0100E6E4FB"", ""media"": ""https://cdn.pilotsolution.net/crm/stock/autocor/14140/14140_276575_desktop.jpeg"", ""brand"": ""MERCEDES BENZ"", ""model"": ""GLA 180"", ""prices"": 32900, ""year"": 2018, ""owner"": 0, ""home"": 0, ""odometer"": 36000, ""type"": ""CROSSOVER"", ""location"": ""Autocor 6 de Diciembre"", ""business_channel"": ""1600"", ""processedAt"": ""2026-03-16T17:00:28.096Z"", ""color"": ""BLANCO"", ""accesories"": ""4X2"", ""license_plate"": ""PDL2579"", ""received_flag"": ""1"", ""days_in_stock"": ""17"", ""published_in_web"": ""1"", ""engine_number"": ""003-001-000005737"", ""reserved_by_user_email"": """", ""reserved_by_user_name"": """", ""reserved_dt"": null, ""expiration_dt"": null, ""opportunity_sale_id"": """", ""factory_invoicing_dt"": ""2026-02-27T00:00:00.000Z"", ""factory_status"": """", ""status_name"": ""DISPONIBLE"", ""fuel_name"": ""Gasolina"", ""availability_status_name"": ""Disponible"", ""availability_status_code"": ""1"", ""created_fullname"": ""ANDRES  FONSECA"", ""created_dt"": ""2026-02-27T22:31:07.000Z"", ""deleted_flag"": ""0"", ""owner_branch_code"": ""Autocor 6 de Diciembre"", ""saving_plan_group"": ""CROSSOVER"", ""saving_plan_order"": ""AUTOMATICA"", ""integration_reference_code"": ""C1BDC0E4-70E8-41AA-9EFE-C9333D022551"", ""version"": ""GLA 180 AC 1.6 5P 4X2 TA"", ""purchase_price"": 29040}"
133,autocor,2026-03-16T17:52:00Z,GCA1442,SUZUKI,GRAND VITARA,2019,15900,127447,Autocor Guayaquil,Automática,,,4X2,,,,,2026-03-16T17:52:00Z,DORADO,ND,630EA33F-033D-4679-8BF3-439F2F72E1F8,https://cdn.pilotsolution.net/crm/stock/autocor/14139/14139_276607_desktop.jpeg,"{""id_record"": 133, ""id"": ""630EA33F-033D-4679-8BF3-439F2F72E1F8"", ""media"": ""https://cdn.pilotsolution.net/crm/stock/autocor/14139/14139_276607_desktop.jpeg"", ""brand"": ""SUZUKI"", ""model"": ""GRAND VITARA"", ""prices"": 15900, ""year"": 2019, ""owner"": 0, ""home"": 0, ""odometer"": 127447, ""type"": ""SUV"", ""location"": ""Autocor Guayaquil"", ""business_channel"": ""2400"", ""processedAt"": ""2026-03-16T17:00:28.096Z"", ""color"": ""DORADO "", ""accesories"": ""4X2"", ""license_plate"": ""GCA1442"", ""received_flag"": ""1"", ""days_in_stock"": ""13"", ""published_in_web"": ""1"", ""engine_number"": """", ""reserved_by_user_email"": """", ""reserved_by_user_name"": """", ""reserved_dt"": null, ""expiration_dt"": null, ""opportunity_sale_id"": """", ""factory_invoicing_dt"": ""2026-03-03T00:00:00.000Z"", ""factory_status"": ""NO"", ""status_name"": ""DISPONIBLE"", ""fuel_name"": ""Gasolina"", ""availability_status_name"": ""Disponible"", ""availability_status_code"": ""1"", ""created_fullname"": ""Juan  Triana"", ""created_dt"": ""2026-02-27T22:29:21.000Z"", ""deleted_flag"": ""0"", ""owner_branch_code"": ""Autocor Guayaquil"", ""saving_plan_group"": ""SUV"", ""saving_plan_order"": ""AUTOMATICA"", ""integration_reference_code"": ""4B27ED63-002D-4273-A2D9-A6EB72309972"", ""version"": ""NEXT SPORT AC"", ""purchase_price"": 12040}"
134,autocor,2026-03-16T17:52:00Z,MBG8407,TOYOTA,FORTUNER,2023,48900,35000,Autocor Guayaquil,Automática,,,4X4,,,,,2026-03-16T17:52:00Z,PLOMO,2.7,DD0C098D-357B-49E1-B10A-4CE4849391A5,https://cdn.pilotsolution.net/crm/stock/autocor/14137/14137_281689_desktop.jpeg,"{""id_record"": 134, ""id"": ""DD0C098D-357B-49E1-B10A-4CE4849391A5"", ""media"": ""https://cdn.pilotsolution.net/crm/stock/autocor/14137/14137_281689_desktop.jpeg"", ""brand"": ""TOYOTA"", ""model"": ""FORTUNER"", ""prices"": 48900, ""year"": 2023, ""owner"": 0, ""home"": 0, ""odometer"": 35000, ""type"": ""CAMIONETA"", ""location"": ""Autocor Guayaquil"", ""business_channel"": ""2700"", ""processedAt"": ""2026-03-16T17:00:28.096Z"", ""color"": ""PLOMO"", ""accesories"": ""4X4"", ""license_plate"": ""MBG8407"", ""received_flag"": ""1"", ""days_in_stock"": ""11"", ""published_in_web"": ""1"", ""engine_number"": """", ""reserved_by_user_email"": """", ""reserved_by_user_name"": """", ""reserved_dt"": null, ""expiration_dt"": null, ""opportunity_sale_id"": """", ""factory_invoicing_dt"": ""2026-03-05T00:00:00.000Z"", ""factory_status"": """", ""status_name"": ""DISPONIBLE"", ""fuel_name"": ""Gasolina"", ""availability_status_name"": ""Disponible"", ""availability_status_code"": ""1"", ""created_fullname"": ""BILL BROWN"", ""created_dt"": ""2026-02-27T21:54:39.000Z"", ""deleted_flag"": ""0"", ""owner_branch_code"": ""Autocor Guayaquil"", ""saving_plan_group"": ""CAMIONETA"", ""saving_plan_order"": ""AUTOMATICA"", ""integration_reference_code"": ""D7A9C261-5E29-4B5D-A470-D2685897AE63"", ""version"": ""AC 2.7 5P 4X4 TA"", ""purchase_price"": 43540}"
135,autocor,2026-03-16T17:52:00Z,PCO6804,LAND ROVER,RANGE ROVER,2015,29900,78900,Autocor Eloy Alfaro,Automática,,,4X4,,,,,2026-03-16T17:52:00Z,PLOMO,2.0,E24080E4-ED2F-4575-BCDD-04141878EE96,https://cdn.pilotsolution.net/crm/stock/autocor/14136/14136_282428_desktop.jpeg,"{""id_record"": 135, ""id"": ""E24080E4-ED2F-4575-BCDD-04141878EE96"", ""media"": ""https://cdn.pilotsolution.net/crm/stock/autocor/14136/14136_282428_desktop.jpeg"", ""brand"": ""LAND ROVER"", ""model"": ""RANGE ROVER"", ""prices"": 29900, ""year"": 2015, ""owner"": 0, ""home"": 0, ""odometer"": 78900, ""type"": ""SUV"", ""location"": ""Autocor Eloy Alfaro"", ""business_channel"": ""2000"", ""processedAt"": ""2026-03-16T17:00:28.096Z"", ""color"": ""PLOMO"", ""accesories"": ""4X4"", ""license_plate"": ""PCO6804"", ""received_flag"": ""1"", ""days_in_stock"": ""4"", ""published_in_web"": ""1"", ""engine_number"": ""009-001-000000896"", ""reserved_by_user_email"": """", ""reserved_by_user_name"": """", ""reserved_dt"": null, ""expiration_dt"": null, ""opportunity_sale_id"": """", ""factory_invoicing_dt"": ""2026-03-12T00:00:00.000Z"", ""factory_status"": """", ""status_name"": ""DISPONIBLE"", ""fuel_name"": ""Gasolina"", ""availability_status_name"": ""Disponible"", ""availability_status_code"": ""1"", ""created_fullname"": ""BOLIVAR ROMERO"", ""created_dt"": ""2026-02-27T21:12:37.000Z"", ""deleted_flag"": ""0"", ""owner_branch_code"": ""Autocor Eloy Alfaro"", ""saving_plan_group"": ""SUV"", ""saving_plan_order"": ""AUTOMATICA"", ""integration_reference_code"": ""D0FD9C0A-914D-41C2-B56A-7FF8DE8DEDCF"", ""version"": ""EVOQUE SI4 AC 2.0 5P 4X4 TA"", ""purchase_price"": 23000}"
136,autocor,2026-03-16T17:52:00Z,PDY4495,ZXAUTO,TERRALORD,2023,18900,78000,Autocor El Recreo,Manual,,,4X2,,,,,2026-03-16T17:52:00Z,ROJO,2.4,2DF0BED9-2A2B-44A4-A2B5-A5A01A72D55A,https://cdn.pilotsolution.net/crm/stock/autocor/14131/14131_276461_desktop.jpeg,"{""id_record"": 136, ""id"": ""2DF0BED9-2A2B-44A4-A2B5-A5A01A72D55A"", ""media"": ""https://cdn.pilotsolution.net/crm/stock/autocor/14131/14131_276461_desktop.jpeg"", ""brand"": ""ZXAUTO"", ""model"": ""TERRALORD"", ""prices"": 18900, ""year"": 2023, ""owner"": 0, ""home"": 0, ""odometer"": 78000, ""type"": ""DOBLE CABINA"", ""location"": ""Autocor El Recreo"", ""business_channel"": ""2400"", ""processedAt"": ""2026-03-16T17:00:28.096Z"", ""color"": ""ROJO"", ""accesories"": ""4X2"", ""license_plate"": ""PDY4495"", ""received_flag"": ""1"", ""days_in_stock"": ""25"", ""published_in_web"": ""1"", ""engine_number"": """", ""reserved_by_user_email"": """", ""reserved_by_user_name"": """", ""reserved_dt"": null, ""expiration_dt"": null, ""opportunity_sale_id"": """", ""factory_invoicing_dt"": ""2026-02-19T00:00:00.000Z"", ""factory_status"": """", ""status_name"": ""DISPONIBLE"", ""fuel_name"": ""Gasolina"", ""availability_status_name"": ""Disponible"", ""availability_status_code"": ""1"", ""created_fullname"": ""VENTAS RECREO"", ""created_dt"": ""2026-02-27T18:30:56.000Z"", ""deleted_flag"": ""0"", ""owner_branch_code"": ""Autocor El Recreo"", ""saving_plan_group"": ""DOBLE CABINA"", ""saving_plan_order"": ""MANUAL"", ""integration_reference_code"": ""4FBB986F-71BD-49E4-8FB8-47B6BAC74361"", ""version"": ""HEAVY DUTY AC 2.4 CD"", ""purchase_price"": 15840}"
137,autocor,2026-03-16T17:52:00Z,PCS9155,VOLKSWAGEN,GOLF,2016,29900,45000,Autocor Shyris,Automática,,,4X2,,,,,2026-03-16T17:52:00Z,AZUL,1.8,18B98116-0E90-4AFD-89C6-10F8B83D8675,https://cdn.pilotsolution.net/crm/stock/autocor/14119/14119_276269_desktop.jpeg,"{""id_record"": 137, ""id"": ""18B98116-0E90-4AFD-89C6-10F8B83D8675"", ""media"": ""https://cdn.pilotsolution.net/crm/stock/autocor/14119/14119_276269_desktop.jpeg"", ""brand"": ""VOLKSWAGEN"", ""model"": ""GOLF"", ""prices"": 29900, ""year"": 2016, ""owner"": 0, ""home"": 0, ""odometer"": 45000, ""type"": ""HATCHBACK"", ""location"": ""Autocor Shyris"", ""business_channel"": ""1800"", ""processedAt"": ""2026-03-16T17:00:28.096Z"", ""color"": ""AZUL"", ""accesories"": ""4X2"", ""license_plate"": ""PCS9155"", ""received_flag"": ""1"", ""days_in_stock"": ""18"", ""published_in_web"": ""1"", ""engine_number"": ""001-001-000011688"", ""reserved_by_user_email"": """", ""reserved_by_user_name"": """", ""reserved_dt"": null, ""expiration_dt"": null, ""opportunity_sale_id"": """", ""factory_invoicing_dt"": ""2026-02-26T00:00:00.000Z"", ""factory_status"": """", ""status_name"": ""DISPONIBLE"", ""fuel_name"": ""Gasolina"", ""availability_status_name"": ""Disponible"", ""availability_status_code"": ""1"", ""created_fullname"": ""MATEO MONGE"", ""created_dt"": ""2026-02-26T18:54:07.000Z"", ""deleted_flag"": ""0"", ""owner_branch_code"": ""Autocor Shyris"", ""saving_plan_group"": ""HATCHBACK"", ""saving_plan_order"": ""AUTOMATICA"", ""integration_reference_code"": ""01EE134C-0135-4671-A826-A81C2B32E9E9"", ""version"": ""AC 1.8 5P 4X2 TA"", ""purchase_price"": 24040}"
138,autocor,2026-03-16T17:52:00Z,PCS7063,HYUNDAI,TUCSON,2016,20400,79542,Autocor Valle de los Chillos,Automática,,,4X2,,,,,2026-03-16T17:52:00Z,PLATEADO,2.0,699C25C0-B13B-4FE9-A91F-608EB210FDCA,https://cdn.pilotsolution.net/crm/stock/autocor/14118/14118_276097_desktop.jpeg,"{""id_record"": 138, ""id"": ""699C25C0-B13B-4FE9-A91F-608EB210FDCA"", ""media"": ""https://cdn.pilotsolution.net/crm/stock/autocor/14118/14118_276097_desktop.jpeg"", ""brand"": ""HYUNDAI"", ""model"": ""TUCSON"", ""prices"": 20400, ""year"": 2016, ""owner"": 0, ""home"": 0, ""odometer"": 79542, ""type"": ""SUV"", ""location"": ""Autocor Valle de los Chillos"", ""business_channel"": ""2000"", ""processedAt"": ""2026-03-16T17:00:28.096Z"", ""color"": ""PLATEADO"", ""accesories"": ""4X2"", ""license_plate"": ""PCS7063"", ""received_flag"": ""1"", ""days_in_stock"": ""18"", ""published_in_web"": ""1"", ""engine_number"": ""006-001-000002341"", ""reserved_by_user_email"": """", ""reserved_by_user_name"": """", ""reserved_dt"": null, ""expiration_dt"": null, ""opportunity_sale_id"": """", ""factory_invoicing_dt"": ""2026-02-26T00:00:00.000Z"", ""factory_status"": ""NO"", ""status_name"": ""DISPONIBLE"", ""fuel_name"": ""Gasolina"", ""availability_status_name"": ""Disponible"", ""availability_status_code"": ""1"", ""created_fullname"": ""EDWIN ALFREDO CEVALLOS NOBOA"", ""created_dt"": ""2026-02-26T17:44:31.000Z"", ""deleted_flag"": ""0"", ""owner_branch_code"": ""Autocor Valle de los Chillos"", ""saving_plan_group"": ""SUV"", ""saving_plan_order"": ""AUTOMÁTICA"", ""integration_reference_code"": ""BCAF650C-EFBC-4014-A591-67F854A194E3"", ""version"": ""TL AC 2.0 5P 4X2 TA"", ""purchase_price"": 17450}"
139,autocor,2026-03-16T17:52:00Z,PCJ8943,MAZDA,CX7,2011,13400,139000,Autocor Guayaquil,Automática,,,4X2,,,,,2026-03-16T17:52:00Z,PLOMO,ND,E8510C47-068E-433F-8DC3-A9011D74E1F2,https://cdn.pilotsolution.net/crm/stock/autocor/14115/14115_276216_desktop.jpeg,"{""id_record"": 139, ""id"": ""E8510C47-068E-433F-8DC3-A9011D74E1F2"", ""media"": ""https://cdn.pilotsolution.net/crm/stock/autocor/14115/14115_276216_desktop.jpeg"", ""brand"": ""MAZDA"", ""model"": ""CX7"", ""prices"": 13400, ""year"": 2011, ""owner"": 0, ""home"": 0, ""odometer"": 139000, ""type"": ""SUV"", ""location"": ""Autocor Guayaquil"", ""business_channel"": ""2500"", ""processedAt"": ""2026-03-16T17:00:28.096Z"", ""color"": ""PLOMO"", ""accesories"": ""4X2\n"", ""license_plate"": ""PCJ8943"", ""received_flag"": ""1"", ""days_in_stock"": ""false"", ""published_in_web"": ""1"", ""engine_number"": """", ""reserved_by_user_email"": """", ""reserved_by_user_name"": """", ""reserved_dt"": null, ""expiration_dt"": null, ""opportunity_sale_id"": """", ""factory_invoicing_dt"": null, ""factory_status"": ""NO"", ""status_name"": ""DISPONIBLE"", ""fuel_name"": ""Gasolina"", ""availability_status_name"": ""Disponible"", ""availability_status_code"": ""1"", ""created_fullname"": ""MARTIN  BORJA"", ""created_dt"": ""2026-02-26T17:08:29.000Z"", ""deleted_flag"": ""0"", ""owner_branch_code"": ""Autocor Guayaquil"", ""saving_plan_group"": ""SUV"", ""saving_plan_order"": ""AUTOMATICA"", ""integration_reference_code"": ""C4596F7C-0D68-4F79-AF41-7E718F2A8E7C"", ""version"": ""CX7"", ""purchase_price"": 10540}"
14,autocor,2026-03-16T17:51:58Z,PCF4487,TOYOTA,FORTUNER,2013,21900,283000,Autocor 6 de Diciembre,Automática,,,4X4,,,,,2026-03-16T17:51:58Z,BLANCO,2.7,4DED14A2-6788-4574-9812-4F0F010A9EF6,https://cdn.pilotsolution.net/crm/stock/autocor/14408/14408_283158_desktop.jpeg,"{""id_record"": 14, ""id"": ""4DED14A2-6788-4574-9812-4F0F010A9EF6"", ""media"": ""https://cdn.pilotsolution.net/crm/stock/autocor/14408/14408_283158_desktop.jpeg"", ""brand"": ""TOYOTA"", ""model"": ""FORTUNER"", ""prices"": 21900, ""year"": 2013, ""owner"": 0, ""home"": 0, ""odometer"": 283000, ""type"": ""SUV"", ""location"": ""Autocor 6 de Diciembre"", ""business_channel"": ""2700"", ""processedAt"": ""2026-03-16T17:00:28.096Z"", ""color"": ""BLANCO"", ""accesories"": ""4X4"", ""license_plate"": ""PCF4487"", ""received_flag"": ""1"", ""days_in_stock"": ""2"", ""published_in_web"": ""1"", ""engine_number"": """", ""reserved_by_user_email"": """", ""reserved_by_user_name"": """", ""reserved_dt"": null, ""expiration_dt"": null, ""opportunity_sale_id"": """", ""factory_invoicing_dt"": ""2026-03-14T00:00:00.000Z"", ""factory_status"": """", ""status_name"": ""DISPONIBLE"", ""fuel_name"": ""Gasolina"", ""availability_status_name"": ""Disponible"", ""availability_status_code"": ""1"", ""created_fullname"": ""MATEO MONGE"", ""created_dt"": ""2026-03-14T14:40:20.000Z"", ""deleted_flag"": ""0"", ""owner_branch_code"": ""Autocor 6 de Diciembre"", ""saving_plan_group"": ""SUV"", ""saving_plan_order"": ""AUTOMATICA"", ""integration_reference_code"": ""E53034F4-9C97-413E-A9A1-66809C76B4EA"", ""version"": ""TA 2.7 5P 4X4"", ""purchase_price"": 18540}"
140,autocor,2026-03-16T17:52:00Z,PFS5902,NISSAN,KICKS,2023,22400,17100,Autocor El Recreo,Automática,,,4X2,,,,,2026-03-16T17:52:00Z,BLANCO,1.6,6FF74C74-4BB4-4F67-A6A9-6038F1CE670C,https://cdn.pilotsolution.net/crm/stock/autocor/14108/14108_276245_desktop.jpeg,"{""id_record"": 140, ""id"": ""6FF74C74-4BB4-4F67-A6A9-6038F1CE670C"", ""media"": ""https://cdn.pilotsolution.net/crm/stock/autocor/14108/14108_276245_desktop.jpeg"", ""brand"": ""NISSAN"", ""model"": ""KICKS"", ""prices"": 22400, ""year"": 2023, ""owner"": 0, ""home"": 0, ""odometer"": 17100, ""type"": ""SUV"", ""location"": ""Autocor El Recreo"", ""business_channel"": ""1600"", ""processedAt"": ""2026-03-16T17:00:28.096Z"", ""color"": ""BLANCO "", ""accesories"": ""4X2"", ""license_plate"": ""PFS5902"", ""received_flag"": ""1"", ""days_in_stock"": ""19"", ""published_in_web"": ""1"", ""engine_number"": ""008-001-000001315"", ""reserved_by_user_email"": """", ""reserved_by_user_name"": """", ""reserved_dt"": null, ""expiration_dt"": null, ""opportunity_sale_id"": """", ""factory_invoicing_dt"": ""2026-02-25T00:00:00.000Z"", ""factory_status"": """", ""status_name"": ""DISPONIBLE"", ""fuel_name"": ""Gasolina"", ""availability_status_name"": ""Disponible"", ""availability_status_code"": ""1"", ""created_fullname"": ""IVAN CRIOLLO"", ""created_dt"": ""2026-02-25T20:59:31.000Z"", ""deleted_flag"": ""0"", ""owner_branch_code"": ""Autocor El Recreo"", ""saving_plan_group"": ""SUV"", ""saving_plan_order"": ""AUTOMATICA"", ""integration_reference_code"": ""56F24FEE-F200-4577-BEEB-43479A82E73C"", ""version"": ""ADVANCE CVT AC. 1.6 5P 4X2 TA"", ""purchase_price"": 19300}"
141,autocor,2026-03-16T17:52:00Z,PFQ5209,CHERY,ARRIZO 5,2026,15900,4900,Autocor El Recreo,Manual,,,4X2,,,,,2026-03-16T17:52:00Z,PLATEADO,1.5,993C0AD4-3C74-4881-9AD4-5F0308F8133D,https://cdn.pilotsolution.net/crm/stock/autocor/14107/14107_276300_desktop.jpeg,"{""id_record"": 141, ""id"": ""993C0AD4-3C74-4881-9AD4-5F0308F8133D"", ""media"": ""https://cdn.pilotsolution.net/crm/stock/autocor/14107/14107_276300_desktop.jpeg"", ""brand"": ""CHERY"", ""model"": ""ARRIZO 5"", ""prices"": 15900, ""year"": 2026, ""owner"": 0, ""home"": 0, ""odometer"": 4900, ""type"": ""SEDAN"", ""location"": ""Autocor El Recreo"", ""business_channel"": ""1500"", ""processedAt"": ""2026-03-16T17:00:28.096Z"", ""color"": ""PLATEADO"", ""accesories"": ""4X2"", ""license_plate"": ""PFQ5209"", ""received_flag"": ""1"", ""days_in_stock"": ""19"", ""published_in_web"": ""1"", ""engine_number"": ""008-001-000001331"", ""reserved_by_user_email"": """", ""reserved_by_user_name"": """", ""reserved_dt"": null, ""expiration_dt"": null, ""opportunity_sale_id"": """", ""factory_invoicing_dt"": ""2026-02-25T00:00:00.000Z"", ""factory_status"": """", ""status_name"": ""DISPONIBLE"", ""fuel_name"": ""Gasolina"", ""availability_status_name"": ""Disponible"", ""availability_status_code"": ""1"", ""created_fullname"": ""IVAN CRIOLLO"", ""created_dt"": ""2026-02-25T20:56:35.000Z"", ""deleted_flag"": ""0"", ""owner_branch_code"": ""Autocor El Recreo"", ""saving_plan_group"": ""SEDAN"", ""saving_plan_order"": ""MANUAL"", ""integration_reference_code"": ""E964B58C-9CF7-46F2-9906-00D6110C750B"", ""version"": ""5 PRO STANDARD AC 1.5 4P"", ""purchase_price"": 13800}"
142,autocor,2026-03-16T17:52:00Z,GTC1788,AUDI,A3,2019,21900,79552,Autocor Av. Orellana,Automática,,,4X2,,,,,2026-03-16T17:52:00Z,PLOMO,1.2,82878DFC-25AA-4728-A46C-7AC34B4DC703,https://cdn.pilotsolution.net/crm/stock/autocor/14105/14105_277551_desktop.jpeg,"{""id_record"": 142, ""id"": ""82878DFC-25AA-4728-A46C-7AC34B4DC703"", ""media"": ""https://cdn.pilotsolution.net/crm/stock/autocor/14105/14105_277551_desktop.jpeg"", ""brand"": ""AUDI"", ""model"": ""A3"", ""prices"": 21900, ""year"": 2019, ""owner"": 0, ""home"": 0, ""odometer"": 79552, ""type"": ""SEDAN"", ""location"": ""Autocor Av. Orellana"", ""business_channel"": ""1200"", ""processedAt"": ""2026-03-16T17:00:28.096Z"", ""color"": ""PLOMO"", ""accesories"": ""4X2"", ""license_plate"": ""GTC1788"", ""received_flag"": ""1"", ""days_in_stock"": ""19"", ""published_in_web"": ""1"", ""engine_number"": """", ""reserved_by_user_email"": """", ""reserved_by_user_name"": """", ""reserved_dt"": null, ""expiration_dt"": null, ""opportunity_sale_id"": """", ""factory_invoicing_dt"": ""2026-02-25T00:00:00.000Z"", ""factory_status"": """", ""status_name"": ""DISPONIBLE"", ""fuel_name"": ""Gasolina"", ""availability_status_name"": ""Disponible"", ""availability_status_code"": ""1"", ""created_fullname"": ""Fernando Colimba"", ""created_dt"": ""2026-02-25T18:56:14.000Z"", ""deleted_flag"": ""0"", ""owner_branch_code"": ""Autocor Av. Orellana"", ""saving_plan_group"": ""SEDAN"", ""saving_plan_order"": ""AUTOMATICA"", ""integration_reference_code"": ""23AB4BB4-4386-4AD1-80C5-8A703248ACCA"", ""version"": ""TFSI STRONIC 8VMAKG STD AC 1.2"", ""purchase_price"": 18500}"
143,autocor,2026-03-16T17:52:00Z,CD5290,BMW,Z4,2023,97900,1300,Autocor Shyris,Automática,,,4X2,,,,,2026-03-16T17:52:00Z,PLOMO,2.0,4D6C61CE-8BE9-49D6-A424-2BD60721960E,https://cdn.pilotsolution.net/crm/stock/autocor/14104/14104_276182_desktop.jpeg,"{""id_record"": 143, ""id"": ""4D6C61CE-8BE9-49D6-A424-2BD60721960E"", ""media"": ""https://cdn.pilotsolution.net/crm/stock/autocor/14104/14104_276182_desktop.jpeg"", ""brand"": ""BMW"", ""model"": ""Z4"", ""prices"": 97900, ""year"": 2023, ""owner"": 0, ""home"": 0, ""odometer"": 1300, ""type"": ""SEDAN"", ""location"": ""Autocor Shyris"", ""business_channel"": ""2000"", ""processedAt"": ""2026-03-16T17:00:28.096Z"", ""color"": ""PLOMO"", ""accesories"": ""4X2"", ""license_plate"": ""CD5290"", ""received_flag"": ""1"", ""days_in_stock"": ""18"", ""published_in_web"": ""1"", ""engine_number"": """", ""reserved_by_user_email"": """", ""reserved_by_user_name"": """", ""reserved_dt"": null, ""expiration_dt"": null, ""opportunity_sale_id"": """", ""factory_invoicing_dt"": ""2026-02-26T00:00:00.000Z"", ""factory_status"": """", ""status_name"": ""DISPONIBLE"", ""fuel_name"": ""Gasolina"", ""availability_status_name"": ""Disponible"", ""availability_status_code"": ""1"", ""created_fullname"": ""Fernando Colimba"", ""created_dt"": ""2026-02-25T18:54:35.000Z"", ""deleted_flag"": ""0"", ""owner_branch_code"": ""Autocor Shyris"", ""saving_plan_group"": ""SEDAN"", ""saving_plan_order"": ""AUTOMATICA"", ""integration_reference_code"": ""18B00845-B268-4042-AE37-940F20D07976"", ""version"": ""20I AC 2.0 2P 4X2 TA"", ""purchase_price"": 86000}"
144,autocor,2026-03-16T17:52:00Z,PFF5494,RENAULT,DUSTER,2023,20900,74500,Autocor Shyris,Manual,,,4X4,,,,,2026-03-16T17:52:00Z,PLOMO,1.3,27DE4A0E-EAAC-43EB-8B20-E770CE760511,https://cdn.pilotsolution.net/crm/stock/autocor/14103/14103_278728_desktop.jpeg,"{""id_record"": 144, ""id"": ""27DE4A0E-EAAC-43EB-8B20-E770CE760511"", ""media"": ""https://cdn.pilotsolution.net/crm/stock/autocor/14103/14103_278728_desktop.jpeg"", ""brand"": ""RENAULT"", ""model"": ""DUSTER"", ""prices"": 20900, ""year"": 2023, ""owner"": 1, ""home"": 0, ""odometer"": 74500, ""type"": ""SUV"", ""location"": ""Autocor Shyris"", ""business_channel"": ""1300"", ""processedAt"": ""2026-03-16T17:00:28.096Z"", ""color"": ""PLOMO"", ""accesories"": ""4X4"", ""license_plate"": ""PFF5494"", ""received_flag"": ""1"", ""days_in_stock"": ""19"", ""published_in_web"": ""1"", ""engine_number"": ""005-001-000004942"", ""reserved_by_user_email"": """", ""reserved_by_user_name"": """", ""reserved_dt"": null, ""expiration_dt"": null, ""opportunity_sale_id"": """", ""factory_invoicing_dt"": ""2026-02-25T00:00:00.000Z"", ""factory_status"": ""SI"", ""status_name"": ""DISPONIBLE"", ""fuel_name"": ""Gasolina"", ""availability_status_name"": ""Disponible"", ""availability_status_code"": ""1"", ""created_fullname"": ""ASISTENTE COMERCIAL SHYRIS"", ""created_dt"": ""2026-02-25T18:48:12.000Z"", ""deleted_flag"": ""0"", ""owner_branch_code"": ""Autocor Shyris"", ""saving_plan_group"": ""SUV"", ""saving_plan_order"": ""MANUAL"", ""integration_reference_code"": ""E74F11FB-64D2-4CEE-9A8D-F1B583255017"", ""version"": ""INTENS AC 1.3T 5P 4X4 TM"", ""purchase_price"": 15340}"
145,autocor,2026-03-16T17:52:00Z,GSS7175,JETOUR,X70,2023,16900,88200,Autocor Av. Orellana,Automática,,,4X2,,,,,2026-03-16T17:52:00Z,AZUL,1.5,179E5C01-2297-440D-9C83-0FA877FDF062,https://cdn.pilotsolution.net/crm/stock/autocor/14098/14098_281092_desktop.jpeg,"{""id_record"": 145, ""id"": ""179E5C01-2297-440D-9C83-0FA877FDF062"", ""media"": ""https://cdn.pilotsolution.net/crm/stock/autocor/14098/14098_281092_desktop.jpeg"", ""brand"": ""JETOUR"", ""model"": ""X70"", ""prices"": 16900, ""year"": 2023, ""owner"": 0, ""home"": 0, ""odometer"": 88200, ""type"": ""JEEP"", ""location"": ""Autocor Av. Orellana"", ""business_channel"": ""1500"", ""processedAt"": ""2026-03-16T17:00:28.096Z"", ""color"": ""AZUL"", ""accesories"": ""4X2\n"", ""license_plate"": ""GSS7175"", ""received_flag"": ""1"", ""days_in_stock"": ""19"", ""published_in_web"": ""1"", ""engine_number"": ""004-001-000003709"", ""reserved_by_user_email"": """", ""reserved_by_user_name"": """", ""reserved_dt"": null, ""expiration_dt"": null, ""opportunity_sale_id"": """", ""factory_invoicing_dt"": ""2026-02-25T00:00:00.000Z"", ""factory_status"": """", ""status_name"": ""DISPONIBLE"", ""fuel_name"": ""Gasolina"", ""availability_status_name"": ""Disponible"", ""availability_status_code"": ""1"", ""created_fullname"": ""ASISTENTE COMERCIAL ORELLANA"", ""created_dt"": ""2026-02-25T17:04:13.000Z"", ""deleted_flag"": ""0"", ""owner_branch_code"": ""Autocor Av. Orellana"", ""saving_plan_group"": ""JEEP"", ""saving_plan_order"": ""AUTOMATICA"", ""integration_reference_code"": ""2A44A6EC-C457-4289-9405-0D294BB763D8"", ""version"": ""AC 1.5 5P 4X2 TA"", ""purchase_price"": 13540}"
146,autocor,2026-03-16T17:52:00Z,GSR4284,NISSAN,XTRAIL,2016,16900,114557,Autocor Guayaquil,Automática,,,4X2,,,,,2026-03-16T17:52:00Z,PLOMO,2.5,766AA8AB-1729-4C80-89F3-013EF1D2BEE2,https://cdn.pilotsolution.net/crm/stock/autocor/14097/14097_279436_desktop.jpeg,"{""id_record"": 146, ""id"": ""766AA8AB-1729-4C80-89F3-013EF1D2BEE2"", ""media"": ""https://cdn.pilotsolution.net/crm/stock/autocor/14097/14097_279436_desktop.jpeg"", ""brand"": ""NISSAN"", ""model"": ""XTRAIL"", ""prices"": 16900, ""year"": 2016, ""owner"": 0, ""home"": 0, ""odometer"": 114557, ""type"": ""SUV"", ""location"": ""Autocor Guayaquil"", ""business_channel"": ""2500"", ""processedAt"": ""2026-03-16T17:00:28.096Z"", ""color"": ""PLOMO "", ""accesories"": ""4X2"", ""license_plate"": ""GSR4284"", ""received_flag"": ""1"", ""days_in_stock"": ""88"", ""published_in_web"": ""1"", ""engine_number"": """", ""reserved_by_user_email"": """", ""reserved_by_user_name"": """", ""reserved_dt"": null, ""expiration_dt"": null, ""opportunity_sale_id"": """", ""factory_invoicing_dt"": ""2025-12-18T00:00:00.000Z"", ""factory_status"": ""NO"", ""status_name"": ""DISPONIBLE"", ""fuel_name"": ""Gasolina"", ""availability_status_name"": ""Disponible"", ""availability_status_code"": ""1"", ""created_fullname"": ""Juan  Triana"", ""created_dt"": ""2026-02-25T16:49:10.000Z"", ""deleted_flag"": ""0"", ""owner_branch_code"": ""Autocor Guayaquil"", ""saving_plan_group"": ""SUV"", ""saving_plan_order"": ""AUTOMATICA"", ""integration_reference_code"": ""0CFC555C-652D-4C6A-B2AE-4AEF99C2F3CA"", ""version"": ""SENSE CVT AC 2.5 5P 4X2 TA"", ""purchase_price"": 13040}"
147,autocor,2026-03-16T17:52:00Z,PDD6573,TOYOTA,YARIS,2019,16600,101900,Autocor Valle de los Chillos,Manual,,,4X2,,,,,2026-03-16T17:52:00Z,BLANCO,1.5,2F440E4D-35AE-415C-961A-C169418B72CC,https://cdn.pilotsolution.net/crm/stock/autocor/14096/14096_280594_desktop.jpeg,"{""id_record"": 147, ""id"": ""2F440E4D-35AE-415C-961A-C169418B72CC"", ""media"": ""https://cdn.pilotsolution.net/crm/stock/autocor/14096/14096_280594_desktop.jpeg"", ""brand"": ""TOYOTA"", ""model"": ""YARIS"", ""prices"": 16600, ""year"": 2019, ""owner"": 0, ""home"": 0, ""odometer"": 101900, ""type"": ""HATCHBACK"", ""location"": ""Autocor Valle de los Chillos"", ""business_channel"": ""1500"", ""processedAt"": ""2026-03-16T17:00:28.096Z"", ""color"": ""BLANCO"", ""accesories"": ""4X2"", ""license_plate"": ""PDD6573"", ""received_flag"": ""1"", ""days_in_stock"": ""16"", ""published_in_web"": ""1"", ""engine_number"": ""006-001-000002364"", ""reserved_by_user_email"": """", ""reserved_by_user_name"": """", ""reserved_dt"": null, ""expiration_dt"": null, ""opportunity_sale_id"": """", ""factory_invoicing_dt"": ""2026-02-28T00:00:00.000Z"", ""factory_status"": ""NO"", ""status_name"": ""DISPONIBLE"", ""fuel_name"": ""Gasolina"", ""availability_status_name"": ""Disponible"", ""availability_status_code"": ""1"", ""created_fullname"": ""CARLOS  LOAYZA"", ""created_dt"": ""2026-02-25T16:35:51.000Z"", ""deleted_flag"": ""0"", ""owner_branch_code"": ""Autocor Valle de los Chillos"", ""saving_plan_group"": ""HATCHBACK"", ""saving_plan_order"": ""MANUAL"", ""integration_reference_code"": ""2AF904CC-2B0F-49AB-A9D8-00FED156F478"", ""version"": ""AC 1.5 5P 4X2 TM"", ""purchase_price"": 14540}"
148,autocor,2026-03-16T17:52:00Z,PBZ5898,KIA,SPORTAGE,2013,13900,141000,Autocor 6 de Diciembre,Automática,,,4X2,,,,,2026-03-16T17:52:00Z,BLANCO,ND,14AA8D63-2F12-43D2-9208-32D1373C8608,https://cdn.pilotsolution.net/crm/stock/autocor/14094/14094_276793_desktop.jpeg,"{""id_record"": 148, ""id"": ""14AA8D63-2F12-43D2-9208-32D1373C8608"", ""media"": ""https://cdn.pilotsolution.net/crm/stock/autocor/14094/14094_276793_desktop.jpeg"", ""brand"": ""KIA"", ""model"": ""SPORTAGE"", ""prices"": 13900, ""year"": 2013, ""owner"": 0, ""home"": 0, ""odometer"": 141000, ""type"": ""JEEP"", ""location"": ""Autocor 6 de Diciembre"", ""business_channel"": ""2000"", ""processedAt"": ""2026-03-16T17:00:28.096Z"", ""color"": ""BLANCO"", ""accesories"": ""4X2"", ""license_plate"": ""PBZ5898"", ""received_flag"": ""1"", ""days_in_stock"": ""18"", ""published_in_web"": ""1"", ""engine_number"": ""001-001-000011689"", ""reserved_by_user_email"": """", ""reserved_by_user_name"": """", ""reserved_dt"": null, ""expiration_dt"": null, ""opportunity_sale_id"": """", ""factory_invoicing_dt"": ""2026-02-26T00:00:00.000Z"", ""factory_status"": """", ""status_name"": ""DISPONIBLE"", ""fuel_name"": ""Gasolina"", ""availability_status_name"": ""Disponible"", ""availability_status_code"": ""1"", ""created_fullname"": ""JOSE REVELO"", ""created_dt"": ""2026-02-25T14:23:57.000Z"", ""deleted_flag"": ""0"", ""owner_branch_code"": ""Autocor 6 de Diciembre"", ""saving_plan_group"": ""JEEP"", ""saving_plan_order"": ""AUTOMATICA"", ""integration_reference_code"": ""30BE587B-3D20-453D-BEB1-1698C04C1164"", ""version"": ""LX AT"", ""purchase_price"": 11150}"
149,autocor,2026-03-16T17:52:00Z,GTF9890,KIA,SORENTO,2020,21600,109350,Autocor Guayaquil,Automática,,,4X2,,,,,2026-03-16T17:52:00Z,PLOMO,2.4,8F5A029C-AAC3-49AC-9E6F-E1590795C3E8,https://cdn.pilotsolution.net/crm/stock/autocor/14093/14093_275683_desktop.jpeg,"{""id_record"": 149, ""id"": ""8F5A029C-AAC3-49AC-9E6F-E1590795C3E8"", ""media"": ""https://cdn.pilotsolution.net/crm/stock/autocor/14093/14093_275683_desktop.jpeg"", ""brand"": ""KIA"", ""model"": ""SORENTO"", ""prices"": 21600, ""year"": 2020, ""owner"": 0, ""home"": 0, ""odometer"": 109350, ""type"": ""TODOTERRENO"", ""location"": ""Autocor Guayaquil"", ""business_channel"": ""2400"", ""processedAt"": ""2026-03-16T17:00:28.096Z"", ""color"": ""PLOMO "", ""accesories"": ""4X2"", ""license_plate"": ""GTF9890"", ""received_flag"": ""1"", ""days_in_stock"": ""23"", ""published_in_web"": ""1"", ""engine_number"": """", ""reserved_by_user_email"": """", ""reserved_by_user_name"": """", ""reserved_dt"": null, ""expiration_dt"": null, ""opportunity_sale_id"": """", ""factory_invoicing_dt"": ""2026-02-21T00:00:00.000Z"", ""factory_status"": """", ""status_name"": ""DISPONIBLE"", ""fuel_name"": ""Gasolina"", ""availability_status_name"": ""Disponible"", ""availability_status_code"": ""1"", ""created_fullname"": ""Juan  Triana"", ""created_dt"": ""2026-02-25T13:44:42.000Z"", ""deleted_flag"": ""0"", ""owner_branch_code"": ""Autocor Guayaquil"", ""saving_plan_group"": ""TODOTERRENO"", ""saving_plan_order"": ""AUTOMATICA"", ""integration_reference_code"": ""AD3232AB-0080-49AD-8A3D-2E233C6381E2"", ""version"": ""AC 2.4 5P 4X2 TM"", ""purchase_price"": 17540}"
15,autocor,2026-03-16T17:51:58Z,GTC8024,MAZDA,NEW CX-5 CORE,2020,25900,54100,Autocor Eloy Alfaro,Automática,,,4X2,,,,,2026-03-16T17:51:58Z,ROJO,2.0,C155A086-56FD-4F89-A4B9-44F0EC5F23F7,https://cdn.pilotsolution.net/crm/stock/autocor/14405/14405_283430_desktop.jpeg,"{""id_record"": 15, ""id"": ""C155A086-56FD-4F89-A4B9-44F0EC5F23F7"", ""media"": ""https://cdn.pilotsolution.net/crm/stock/autocor/14405/14405_283430_desktop.jpeg"", ""brand"": ""MAZDA"", ""model"": ""NEW CX-5 CORE"", ""prices"": 25900, ""year"": 2020, ""owner"": 0, ""home"": 0, ""odometer"": 54100, ""type"": ""SUV"", ""location"": ""Autocor Eloy Alfaro"", ""business_channel"": ""2000"", ""processedAt"": ""2026-03-16T17:00:28.096Z"", ""color"": ""ROJO"", ""accesories"": ""4X2"", ""license_plate"": ""GTC8024"", ""received_flag"": ""0"", ""days_in_stock"": ""0"", ""published_in_web"": ""1"", ""engine_number"": """", ""reserved_by_user_email"": """", ""reserved_by_user_name"": """", ""reserved_dt"": null, ""expiration_dt"": null, ""opportunity_sale_id"": """", ""factory_invoicing_dt"": ""2023-03-12T00:00:00.000Z"", ""factory_status"": """", ""status_name"": ""DISPONIBLE"", ""fuel_name"": ""Gasolina"", ""availability_status_name"": ""Disponible"", ""availability_status_code"": ""1"", ""created_fullname"": ""ASISTENTE COMERCIAL ELOY ALFARO"", ""created_dt"": ""2026-03-13T22:43:11.000Z"", ""deleted_flag"": ""0"", ""owner_branch_code"": ""Autocor Eloy Alfaro"", ""saving_plan_group"": ""SUV"", ""saving_plan_order"": ""AUTOMATICA"", ""integration_reference_code"": ""147B7179-55D6-406C-9A3B-5875A81BF0DC"", ""version"": ""AC 2.0 5P 4X2 TA"", ""purchase_price"": 25000}"
150,autocor,2026-03-16T17:52:00Z,GTK9774,MAZDA,BT-50,2023,37900,124799,Autocor Guayaquil,Manual,,,4X4,,,,,2026-03-16T17:52:00Z,PLOMO,3.0,61A081D6-1A6D-4A39-9295-54DAD28DFEF4,https://cdn.pilotsolution.net/crm/stock/autocor/14089/14089_279564_desktop.jpeg,"{""id_record"": 150, ""id"": ""61A081D6-1A6D-4A39-9295-54DAD28DFEF4"", ""media"": ""https://cdn.pilotsolution.net/crm/stock/autocor/14089/14089_279564_desktop.jpeg"", ""brand"": ""MAZDA"", ""model"": ""BT-50"", ""prices"": 37900, ""year"": 2023, ""owner"": 0, ""home"": 0, ""odometer"": 124799, ""type"": ""CAMIONETA"", ""location"": ""Autocor Guayaquil"", ""business_channel"": ""3000"", ""processedAt"": ""2026-03-16T17:00:28.096Z"", ""color"": ""PLOMO "", ""accesories"": ""4X4"", ""license_plate"": ""GTK9774"", ""received_flag"": ""0"", ""days_in_stock"": ""0"", ""published_in_web"": ""1"", ""engine_number"": """", ""reserved_by_user_email"": """", ""reserved_by_user_name"": """", ""reserved_dt"": null, ""expiration_dt"": null, ""opportunity_sale_id"": """", ""factory_invoicing_dt"": ""2026-02-23T00:00:00.000Z"", ""factory_status"": ""NO"", ""status_name"": ""DISPONIBLE"", ""fuel_name"": ""Diesel"", ""availability_status_name"": ""Disponible"", ""availability_status_code"": ""1"", ""created_fullname"": ""Juan  Triana"", ""created_dt"": ""2026-02-24T20:51:38.000Z"", ""deleted_flag"": ""0"", ""owner_branch_code"": ""Autocor Guayaquil"", ""saving_plan_group"": ""CAMIONETA"", ""saving_plan_order"": ""MANUAL "", ""integration_reference_code"": ""BA0F9012-989A-4E8D-A0E3-D767F61AB73F"", ""version"": ""AC 3.0 CD 4X4 TM DIESEL"", ""purchase_price"": 33040}"
151,autocor,2026-03-16T17:52:00Z,PDJ7250,MERCEDES BENZ,GLA 180,2019,34900,38000,Autocor Eloy Alfaro,Automática,,,4X2,,,,,2026-03-16T17:52:00Z,BLANCO,1.6,A4099AE7-40E8-4713-917A-ADB9EA197C1E,https://cdn.pilotsolution.net/crm/stock/autocor/14086/14086_275367_desktop.jpeg,"{""id_record"": 151, ""id"": ""A4099AE7-40E8-4713-917A-ADB9EA197C1E"", ""media"": ""https://cdn.pilotsolution.net/crm/stock/autocor/14086/14086_275367_desktop.jpeg"", ""brand"": ""MERCEDES BENZ"", ""model"": ""GLA 180"", ""prices"": 34900, ""year"": 2019, ""owner"": 0, ""home"": 0, ""odometer"": 38000, ""type"": ""SEDAN"", ""location"": ""Autocor Eloy Alfaro"", ""business_channel"": ""1600"", ""processedAt"": ""2026-03-16T17:00:28.096Z"", ""color"": ""BLANCO"", ""accesories"": ""4X2"", ""license_plate"": ""PDJ7250"", ""received_flag"": ""0"", ""days_in_stock"": ""0"", ""published_in_web"": ""1"", ""engine_number"": """", ""reserved_by_user_email"": """", ""reserved_by_user_name"": """", ""reserved_dt"": null, ""expiration_dt"": null, ""opportunity_sale_id"": """", ""factory_invoicing_dt"": ""2026-02-24T00:00:00.000Z"", ""factory_status"": """", ""status_name"": ""DISPONIBLE"", ""fuel_name"": ""Gasolina"", ""availability_status_name"": ""Disponible"", ""availability_status_code"": ""1"", ""created_fullname"": ""ASISTENTE COMERCIAL ELOY ALFARO"", ""created_dt"": ""2026-02-24T17:07:14.000Z"", ""deleted_flag"": ""0"", ""owner_branch_code"": ""Autocor Eloy Alfaro"", ""saving_plan_group"": ""SEDAN"", ""saving_plan_order"": ""AUTOMATICA"", ""integration_reference_code"": ""DBFAF745-5DD8-43B3-96F8-68DB55DC06C2"", ""version"": ""AC 1.6 5P 4X2 TA"", ""purchase_price"": 31140}"
152,autocor,2026-03-16T17:52:00Z,IBG1769,HYUNDAI,TUCSON,2025,37600,9000,Autocor Av. Orellana,Automática,,,4X2,,,,,2026-03-16T17:52:00Z,PLATEADO,1.6,8539D3F8-5CDE-4E6D-B44C-1AFA17A43DD4,https://cdn.pilotsolution.net/crm/stock/autocor/14082/14082_277452_desktop.jpeg,"{""id_record"": 152, ""id"": ""8539D3F8-5CDE-4E6D-B44C-1AFA17A43DD4"", ""media"": ""https://cdn.pilotsolution.net/crm/stock/autocor/14082/14082_277452_desktop.jpeg"", ""brand"": ""HYUNDAI"", ""model"": ""TUCSON"", ""prices"": 37600, ""year"": 2025, ""owner"": 0, ""home"": 0, ""odometer"": 9000, ""type"": ""SUV"", ""location"": ""Autocor Av. Orellana"", ""business_channel"": ""1600"", ""processedAt"": ""2026-03-16T17:00:28.096Z"", ""color"": ""PLATEADO"", ""accesories"": ""4X2"", ""license_plate"": ""IBG1769"", ""received_flag"": ""1"", ""days_in_stock"": ""17"", ""published_in_web"": ""1"", ""engine_number"": """", ""reserved_by_user_email"": """", ""reserved_by_user_name"": """", ""reserved_dt"": null, ""expiration_dt"": null, ""opportunity_sale_id"": """", ""factory_invoicing_dt"": ""2026-02-27T00:00:00.000Z"", ""factory_status"": """", ""status_name"": ""DISPONIBLE"", ""fuel_name"": ""Gasolina"", ""availability_status_name"": ""Disponible"", ""availability_status_code"": ""1"", ""created_fullname"": ""DAVID  RAMIREZ"", ""created_dt"": ""2026-02-24T05:04:18.000Z"", ""deleted_flag"": ""0"", ""owner_branch_code"": ""Autocor Av. Orellana"", ""saving_plan_group"": ""SUV"", ""saving_plan_order"": ""AUTOMATICA"", ""integration_reference_code"": ""C182CB67-70C9-4FE1-A93B-4FFD0D5084EC"", ""version"": ""NX4K AC 1.6 5P 4X2 TA HYBRID"", ""purchase_price"": 33500}"
153,autocor,2026-03-16T17:52:00Z,PCY5310,KIA,SORENTO,2017,18400,174444,Autocor Av. Orellana,Automática,,,4X2,,,,,2026-03-16T17:52:00Z,BLANCO,3.3,A3649490-B4C4-4B6F-BC20-9032DDB79348,https://cdn.pilotsolution.net/crm/stock/autocor/14080/14080_279165_desktop.jpeg,"{""id_record"": 153, ""id"": ""A3649490-B4C4-4B6F-BC20-9032DDB79348"", ""media"": ""https://cdn.pilotsolution.net/crm/stock/autocor/14080/14080_279165_desktop.jpeg"", ""brand"": ""KIA"", ""model"": ""SORENTO"", ""prices"": 18400, ""year"": 2017, ""owner"": 0, ""home"": 0, ""odometer"": 174444, ""type"": ""SUV"", ""location"": ""Autocor Av. Orellana"", ""business_channel"": ""3300"", ""processedAt"": ""2026-03-16T17:00:28.096Z"", ""color"": ""BLANCO"", ""accesories"": ""4X2"", ""license_plate"": ""PCY5310"", ""received_flag"": ""1"", ""days_in_stock"": ""12"", ""published_in_web"": ""1"", ""engine_number"": """", ""reserved_by_user_email"": """", ""reserved_by_user_name"": """", ""reserved_dt"": null, ""expiration_dt"": null, ""opportunity_sale_id"": """", ""factory_invoicing_dt"": ""2026-03-04T00:00:00.000Z"", ""factory_status"": """", ""status_name"": ""DISPONIBLE"", ""fuel_name"": ""Gasolina"", ""availability_status_name"": ""Disponible"", ""availability_status_code"": ""1"", ""created_fullname"": ""DAVID  RAMIREZ"", ""created_dt"": ""2026-02-24T04:50:10.000Z"", ""deleted_flag"": ""0"", ""owner_branch_code"": ""Autocor Av. Orellana"", ""saving_plan_group"": ""SUV"", ""saving_plan_order"": ""AUTOMATICA"", ""integration_reference_code"": ""5EF8B3AB-31B7-4DE1-B546-C2DA045C12D8"", ""version"": ""AC 3.3 5P 4X2 TA"", ""purchase_price"": 16300}"
154,autocor,2026-03-16T17:52:00Z,PCJ4583,MERCEDES BENZ,C200,2014,26900,170000,Autocor Cumbaya,Manual,,,4X2,,,,,2026-03-16T17:52:00Z,PLATEADO,1.8,E2DFBD37-60AC-4C09-A268-74ACB77F460E,https://cdn.pilotsolution.net/crm/stock/autocor/14076/14076_282925_desktop.jpeg,"{""id_record"": 154, ""id"": ""E2DFBD37-60AC-4C09-A268-74ACB77F460E"", ""media"": ""https://cdn.pilotsolution.net/crm/stock/autocor/14076/14076_282925_desktop.jpeg"", ""brand"": ""MERCEDES BENZ"", ""model"": ""C200"", ""prices"": 26900, ""year"": 2014, ""owner"": 0, ""home"": 0, ""odometer"": 170000, ""type"": ""SEDAN"", ""location"": ""Autocor Cumbaya"", ""business_channel"": ""1800"", ""processedAt"": ""2026-03-16T17:00:28.096Z"", ""color"": ""PLATEADO"", ""accesories"": ""4X2"", ""license_plate"": ""PCJ4583"", ""received_flag"": ""1"", ""days_in_stock"": ""3"", ""published_in_web"": ""1"", ""engine_number"": """", ""reserved_by_user_email"": """", ""reserved_by_user_name"": """", ""reserved_dt"": null, ""expiration_dt"": null, ""opportunity_sale_id"": """", ""factory_invoicing_dt"": ""2026-03-13T00:00:00.000Z"", ""factory_status"": ""NO"", ""status_name"": ""DISPONIBLE"", ""fuel_name"": ""Gasolina"", ""availability_status_name"": ""Disponible"", ""availability_status_code"": ""1"", ""created_fullname"": ""Ventas  Cumbaya "", ""created_dt"": ""2026-02-23T22:28:09.000Z"", ""deleted_flag"": ""0"", ""owner_branch_code"": ""Autocor Cumbaya"", ""saving_plan_group"": ""SEDAN"", ""saving_plan_order"": ""MANUAL"", ""integration_reference_code"": ""00DD3CA5-2B2B-4DB7-9B81-4A7C7131EA82"", ""version"": ""AC 1.8 5P 4X2 TM"", ""purchase_price"": 25000}"
155,autocor,2026-03-16T17:52:00Z,PDX4734,VOLKSWAGEN,VIRTUS,2022,17400,88130,Autocor Av. Orellana,Manual,,,4X2,,,,,2026-03-16T17:52:00Z,BLANCO,1.6,819B587A-629C-4305-B7F0-D83D5320BB96,https://cdn.pilotsolution.net/crm/stock/autocor/14075/14075_275199_desktop.jpeg,"{""id_record"": 155, ""id"": ""819B587A-629C-4305-B7F0-D83D5320BB96"", ""media"": ""https://cdn.pilotsolution.net/crm/stock/autocor/14075/14075_275199_desktop.jpeg"", ""brand"": ""VOLKSWAGEN"", ""model"": ""VIRTUS"", ""prices"": 17400, ""year"": 2022, ""owner"": 0, ""home"": 0, ""odometer"": 88130, ""type"": ""SEDAN"", ""location"": ""Autocor Av. Orellana"", ""business_channel"": ""1600"", ""processedAt"": ""2026-03-16T17:00:28.096Z"", ""color"": ""BLANCO"", ""accesories"": ""4X2"", ""license_plate"": ""PDX4734"", ""received_flag"": ""1"", ""days_in_stock"": ""24"", ""published_in_web"": ""1"", ""engine_number"": """", ""reserved_by_user_email"": """", ""reserved_by_user_name"": """", ""reserved_dt"": null, ""expiration_dt"": null, ""opportunity_sale_id"": """", ""factory_invoicing_dt"": ""2026-02-20T00:00:00.000Z"", ""factory_status"": """", ""status_name"": ""DISPONIBLE"", ""fuel_name"": ""Gasolina"", ""availability_status_name"": ""Disponible"", ""availability_status_code"": ""1"", ""created_fullname"": ""ASISTENTE COMERCIAL ORELLANA"", ""created_dt"": ""2026-02-23T22:21:25.000Z"", ""deleted_flag"": ""0"", ""owner_branch_code"": ""Autocor Av. Orellana"", ""saving_plan_group"": ""SEDAN"", ""saving_plan_order"": ""MANUAL"", ""integration_reference_code"": ""92E8C658-A51A-46CC-B825-D0036A24297F"", ""version"": ""TRENDLINE MQB AC 1.6 4P 4X2"", ""purchase_price"": 15000}"
156,autocor,2026-03-16T17:52:00Z,PFI7748,SHINERAY,G01,2025,18900,5000,Autocor 6 de Diciembre,Manual,,,4X2,,,,,2026-03-16T17:52:00Z,DORADO,1.5,AD1E58A9-7480-448B-AE09-91436B6B9514,https://cdn.pilotsolution.net/crm/stock/autocor/14071/14071_275399_desktop.jpeg,"{""id_record"": 156, ""id"": ""AD1E58A9-7480-448B-AE09-91436B6B9514"", ""media"": ""https://cdn.pilotsolution.net/crm/stock/autocor/14071/14071_275399_desktop.jpeg"", ""brand"": ""SHINERAY"", ""model"": ""G01"", ""prices"": 18900, ""year"": 2025, ""owner"": 0, ""home"": 0, ""odometer"": 5000, ""type"": ""JEEP"", ""location"": ""Autocor 6 de Diciembre"", ""business_channel"": ""1500"", ""processedAt"": ""2026-03-16T17:00:28.096Z"", ""color"": ""DORADO"", ""accesories"": ""4X2"", ""license_plate"": ""PFI7748"", ""received_flag"": ""1"", ""days_in_stock"": ""20"", ""published_in_web"": ""1"", ""engine_number"": ""001-001-000011692"", ""reserved_by_user_email"": """", ""reserved_by_user_name"": """", ""reserved_dt"": null, ""expiration_dt"": null, ""opportunity_sale_id"": """", ""factory_invoicing_dt"": ""2026-02-24T00:00:00.000Z"", ""factory_status"": """", ""status_name"": ""DISPONIBLE"", ""fuel_name"": ""Gasolina"", ""availability_status_name"": ""Disponible"", ""availability_status_code"": ""1"", ""created_fullname"": ""ASISTENTE COMERCIAL 6 DICIEMBRE"", ""created_dt"": ""2026-02-23T20:29:24.000Z"", ""deleted_flag"": ""0"", ""owner_branch_code"": ""Autocor 6 de Diciembre"", ""saving_plan_group"": ""JEEP"", ""saving_plan_order"": ""MANUAL"", ""integration_reference_code"": ""3283B692-320B-4671-BB2A-E00E30834CA7"", ""version"": ""AC 1.5 5P 4X2 TM"", ""purchase_price"": 18900}"
157,autocor,2026-03-16T17:52:00Z,PCY1748,KIA,SPORTAGE,2017,19600,121000,Autocor La Prensa,Automática,,,4X2,,,,,2026-03-16T17:52:00Z,ROJO,2.0,401BCF4E-7848-4932-B514-21396AF59467,https://cdn.pilotsolution.net/crm/stock/autocor/14070/14070_275123_desktop.jpeg,"{""id_record"": 157, ""id"": ""401BCF4E-7848-4932-B514-21396AF59467"", ""media"": ""https://cdn.pilotsolution.net/crm/stock/autocor/14070/14070_275123_desktop.jpeg"", ""brand"": ""KIA"", ""model"": ""SPORTAGE"", ""prices"": 19600, ""year"": 2017, ""owner"": 0, ""home"": 0, ""odometer"": 121000, ""type"": ""SUV"", ""location"": ""Autocor La Prensa"", ""business_channel"": ""2000"", ""processedAt"": ""2026-03-16T17:00:28.096Z"", ""color"": ""ROJO"", ""accesories"": ""4X2"", ""license_plate"": ""PCY1748"", ""received_flag"": ""1"", ""days_in_stock"": ""22"", ""published_in_web"": ""1"", ""engine_number"": """", ""reserved_by_user_email"": """", ""reserved_by_user_name"": """", ""reserved_dt"": null, ""expiration_dt"": null, ""opportunity_sale_id"": """", ""factory_invoicing_dt"": ""2026-02-22T00:00:00.000Z"", ""factory_status"": """", ""status_name"": ""DISPONIBLE"", ""fuel_name"": ""Gasolina"", ""availability_status_name"": ""Disponible"", ""availability_status_code"": ""1"", ""created_fullname"": ""VENTAS LA PRENSA"", ""created_dt"": ""2026-02-23T20:11:02.000Z"", ""deleted_flag"": ""0"", ""owner_branch_code"": ""Autocor La Prensa"", ""saving_plan_group"": ""SUV"", ""saving_plan_order"": ""AUTOMATICA"", ""integration_reference_code"": ""559B062E-8551-4B7D-A5E8-A20A614E8D21"", ""version"": ""AC 2.0  5P 4X2 TA   R GTI LX"", ""purchase_price"": 17455}"
158,autocor,2026-03-16T17:52:00Z,PFK1978,MAZDA,CX5,2025,35400,8800,Autocor Shyris,Automática,,,4X2,,,,,2026-03-16T17:52:00Z,PLOMO,2.0,CD9FC89E-C29E-4BB8-BDD0-1530E0347BDF,https://cdn.pilotsolution.net/crm/stock/autocor/14067/14067_275254_desktop.jpeg,"{""id_record"": 158, ""id"": ""CD9FC89E-C29E-4BB8-BDD0-1530E0347BDF"", ""media"": ""https://cdn.pilotsolution.net/crm/stock/autocor/14067/14067_275254_desktop.jpeg"", ""brand"": ""MAZDA"", ""model"": ""CX5"", ""prices"": 35400, ""year"": 2025, ""owner"": 0, ""home"": 0, ""odometer"": 8800, ""type"": ""SUV"", ""location"": ""Autocor Shyris"", ""business_channel"": ""2000"", ""processedAt"": ""2026-03-16T17:00:28.096Z"", ""color"": ""PLOMO"", ""accesories"": ""4X2"", ""license_plate"": ""PFK1978"", ""received_flag"": ""1"", ""days_in_stock"": ""21"", ""published_in_web"": ""1"", ""engine_number"": """", ""reserved_by_user_email"": """", ""reserved_by_user_name"": """", ""reserved_dt"": null, ""expiration_dt"": null, ""opportunity_sale_id"": """", ""factory_invoicing_dt"": ""2026-02-23T00:00:00.000Z"", ""factory_status"": """", ""status_name"": ""DISPONIBLE"", ""fuel_name"": ""Gasolina"", ""availability_status_name"": ""Disponible"", ""availability_status_code"": ""1"", ""created_fullname"": ""Fernando Colimba"", ""created_dt"": ""2026-02-23T15:42:40.000Z"", ""deleted_flag"": ""0"", ""owner_branch_code"": ""Autocor Shyris"", ""saving_plan_group"": ""SUV"", ""saving_plan_order"": ""AUTOMATICA"", ""integration_reference_code"": ""7FD63A40-380A-4670-B3F3-EBA5B2E22B93"", ""version"": ""AC 2.0 5P 4X2 TA  CORE"", ""purchase_price"": 32000}"
159,autocor,2026-03-16T17:52:00Z,XBA7372,CHEVROLET,GRAND VITARA,2012,12900,161899,Autocor El Recreo,Manual,,,4X2,,,,,2026-03-16T17:52:00Z,BLANCO,2.0,0F1CA58F-1FB6-42A4-BF62-F7CF591E73A3,https://cdn.pilotsolution.net/crm/stock/autocor/14062/14062_274871_desktop.jpeg,"{""id_record"": 159, ""id"": ""0F1CA58F-1FB6-42A4-BF62-F7CF591E73A3"", ""media"": ""https://cdn.pilotsolution.net/crm/stock/autocor/14062/14062_274871_desktop.jpeg"", ""brand"": ""CHEVROLET"", ""model"": ""GRAND VITARA"", ""prices"": 12900, ""year"": 2012, ""owner"": 0, ""home"": 0, ""odometer"": 161899, ""type"": ""SUV"", ""location"": ""Autocor El Recreo"", ""business_channel"": ""2000"", ""processedAt"": ""2026-03-16T17:00:28.096Z"", ""color"": ""BLANCO"", ""accesories"": ""4X2"", ""license_plate"": ""XBA7372"", ""received_flag"": ""1"", ""days_in_stock"": ""34"", ""published_in_web"": ""1"", ""engine_number"": ""008-001-000001330"", ""reserved_by_user_email"": """", ""reserved_by_user_name"": """", ""reserved_dt"": null, ""expiration_dt"": null, ""opportunity_sale_id"": """", ""factory_invoicing_dt"": ""2026-02-10T00:00:00.000Z"", ""factory_status"": """", ""status_name"": ""DISPONIBLE"", ""fuel_name"": ""Gasolina"", ""availability_status_name"": ""Disponible"", ""availability_status_code"": ""1"", ""created_fullname"": ""Jose Zamora"", ""created_dt"": ""2026-02-22T18:02:24.000Z"", ""deleted_flag"": ""0"", ""owner_branch_code"": ""Autocor El Recreo"", ""saving_plan_group"": ""SUV"", ""saving_plan_order"": ""MANUAL"", ""integration_reference_code"": ""7F37F928-4A64-4795-884A-294356F891C0"", ""version"": ""2.0L 5P DLX TM 4X2"", ""purchase_price"": 8500}"
16,autocor,2026-03-16T17:51:58Z,PFD4194,KIA,SONET,2023,20900,40043,Autocor 6 de Diciembre,Automática,,,4X2,,,,,2026-03-16T17:51:58Z,NEGRO,1.5,2BB4E399-32EC-44D0-A9B1-667DE2083409,https://cdn.pilotsolution.net/crm/stock/autocor/14404/14404_283031_desktop.jpeg,"{""id_record"": 16, ""id"": ""2BB4E399-32EC-44D0-A9B1-667DE2083409"", ""media"": ""https://cdn.pilotsolution.net/crm/stock/autocor/14404/14404_283031_desktop.jpeg"", ""brand"": ""KIA"", ""model"": ""SONET"", ""prices"": 20900, ""year"": 2023, ""owner"": 0, ""home"": 0, ""odometer"": 40043, ""type"": ""SUV"", ""location"": ""Autocor 6 de Diciembre"", ""business_channel"": ""1500"", ""processedAt"": ""2026-03-16T17:00:28.096Z"", ""color"": ""NEGRO"", ""accesories"": ""4X2"", ""license_plate"": ""PFD4194"", ""received_flag"": ""1"", ""days_in_stock"": ""31"", ""published_in_web"": ""1"", ""engine_number"": ""001-001-000011746"", ""reserved_by_user_email"": """", ""reserved_by_user_name"": """", ""reserved_dt"": null, ""expiration_dt"": null, ""opportunity_sale_id"": """", ""factory_invoicing_dt"": ""2026-02-13T00:00:00.000Z"", ""factory_status"": """", ""status_name"": ""DISPONIBLE"", ""fuel_name"": ""Gasolina"", ""availability_status_name"": ""Disponible"", ""availability_status_code"": ""1"", ""created_fullname"": ""ASISTENTE COMERCIAL 6 DICIEMBRE"", ""created_dt"": ""2026-03-13T22:21:38.000Z"", ""deleted_flag"": ""0"", ""owner_branch_code"": ""Autocor 6 de Diciembre"", ""saving_plan_group"": ""SUV"", ""saving_plan_order"": ""AUTOMATICA"", ""integration_reference_code"": ""FAB53125-0C71-4250-86B7-62BBEF132C73"", ""version"": ""AC 1.5 5P 4X2 TA"", ""purchase_price"": 17500}"
160,autocor,2026-03-16T17:52:00Z,PCP4145,HYUNDAI,SONATA,2016,16900,48837,Autocor Cumbaya,Automática,,,4X2,,,,,2026-03-16T17:52:00Z,VÍNO,2.0,8BB2E8BB-1B81-4AD0-96CC-050A3537E481,https://cdn.pilotsolution.net/crm/stock/autocor/14060/14060_274761_desktop.jpeg,"{""id_record"": 160, ""id"": ""8BB2E8BB-1B81-4AD0-96CC-050A3537E481"", ""media"": ""https://cdn.pilotsolution.net/crm/stock/autocor/14060/14060_274761_desktop.jpeg"", ""brand"": ""HYUNDAI"", ""model"": ""SONATA"", ""prices"": 16900, ""year"": 2016, ""owner"": 0, ""home"": 0, ""odometer"": 48837, ""type"": ""SEDAN"", ""location"": ""Autocor Cumbaya"", ""business_channel"": ""2000"", ""processedAt"": ""2026-03-16T17:00:28.096Z"", ""color"": ""VÍNO"", ""accesories"": ""4X2"", ""license_plate"": ""PCP4145"", ""received_flag"": ""1"", ""days_in_stock"": ""false"", ""published_in_web"": ""1"", ""engine_number"": ""010-001-000001002"", ""reserved_by_user_email"": """", ""reserved_by_user_name"": """", ""reserved_dt"": null, ""expiration_dt"": null, ""opportunity_sale_id"": """", ""factory_invoicing_dt"": null, ""factory_status"": """", ""status_name"": ""DISPONIBLE"", ""fuel_name"": ""Hibrido "", ""availability_status_name"": ""Disponible"", ""availability_status_code"": ""1"", ""created_fullname"": ""Fernando Colimba"", ""created_dt"": ""2026-02-21T23:26:38.000Z"", ""deleted_flag"": ""0"", ""owner_branch_code"": ""Autocor Cumbaya"", ""saving_plan_group"": ""SEDAN"", ""saving_plan_order"": ""AUTOMATICA"", ""integration_reference_code"": ""46BFE202-ADCC-449C-A33A-C9D6771FB03C"", ""version"": ""AC 2.0 4P 4X2 TA HYBRID"", ""purchase_price"": 13500}"
161,autocor,2026-03-16T17:52:01Z,PDL5741,FORD,F150,2018,44900,47800,Autocor Shyris,Automática,,,4X4,,,,,2026-03-16T17:52:01Z,BLANCO,3.3,E72C20D8-0C53-47D0-85B5-E5C1CBCD66E2,https://cdn.pilotsolution.net/crm/stock/autocor/14057/14057_274894_desktop.jpeg,"{""id_record"": 161, ""id"": ""E72C20D8-0C53-47D0-85B5-E5C1CBCD66E2"", ""media"": ""https://cdn.pilotsolution.net/crm/stock/autocor/14057/14057_274894_desktop.jpeg"", ""brand"": ""FORD"", ""model"": ""F150"", ""prices"": 44900, ""year"": 2018, ""owner"": 0, ""home"": 0, ""odometer"": 47800, ""type"": ""CAMIONETA"", ""location"": ""Autocor Shyris"", ""business_channel"": ""3300"", ""processedAt"": ""2026-03-16T17:00:28.096Z"", ""color"": ""BLANCO"", ""accesories"": ""4X4"", ""license_plate"": ""PDL5741"", ""received_flag"": ""1"", ""days_in_stock"": ""21"", ""published_in_web"": ""1"", ""engine_number"": """", ""reserved_by_user_email"": """", ""reserved_by_user_name"": """", ""reserved_dt"": null, ""expiration_dt"": null, ""opportunity_sale_id"": """", ""factory_invoicing_dt"": ""2026-02-23T00:00:00.000Z"", ""factory_status"": """", ""status_name"": ""DISPONIBLE"", ""fuel_name"": ""Gasolina"", ""availability_status_name"": ""Disponible"", ""availability_status_code"": ""1"", ""created_fullname"": ""ANDRES  MERA"", ""created_dt"": ""2026-02-21T21:48:00.000Z"", ""deleted_flag"": ""0"", ""owner_branch_code"": ""Autocor Shyris"", ""saving_plan_group"": ""CAMIONETA"", ""saving_plan_order"": ""AUTOMATICA"", ""integration_reference_code"": ""DDA05F9B-8ABD-460B-B78A-0B9673979FDA"", ""version"": ""XLT SC AC 3.3 CD 4X4 TA"", ""purchase_price"": 37540}"
162,autocor,2026-03-16T17:52:01Z,GTK9246,CHERY,TIGGO 8,2023,16900,95000,Autocor Guayaquil,Automática,,,4X2,,,,,2026-03-16T17:52:01Z,PLOMO,2.0,B0F0F38A-7F4D-448F-8874-F5B3456691F7,https://cdn.pilotsolution.net/crm/stock/autocor/14052/14052_274821_desktop.jpeg,"{""id_record"": 162, ""id"": ""B0F0F38A-7F4D-448F-8874-F5B3456691F7"", ""media"": ""https://cdn.pilotsolution.net/crm/stock/autocor/14052/14052_274821_desktop.jpeg"", ""brand"": ""CHERY"", ""model"": ""TIGGO 8"", ""prices"": 16900, ""year"": 2023, ""owner"": 0, ""home"": 0, ""odometer"": 95000, ""type"": ""SUV"", ""location"": ""Autocor Guayaquil"", ""business_channel"": ""2000"", ""processedAt"": ""2026-03-16T17:00:28.096Z"", ""color"": ""PLOMO"", ""accesories"": ""4X2"", ""license_plate"": ""GTK9246"", ""received_flag"": ""1"", ""days_in_stock"": ""false"", ""published_in_web"": ""1"", ""engine_number"": """", ""reserved_by_user_email"": """", ""reserved_by_user_name"": """", ""reserved_dt"": null, ""expiration_dt"": null, ""opportunity_sale_id"": """", ""factory_invoicing_dt"": null, ""factory_status"": ""NO"", ""status_name"": ""DISPONIBLE"", ""fuel_name"": ""Gasolina"", ""availability_status_name"": ""Disponible"", ""availability_status_code"": ""1"", ""created_fullname"": ""VENTAS  GUAYAQUIL"", ""created_dt"": ""2026-02-21T18:34:40.000Z"", ""deleted_flag"": ""0"", ""owner_branch_code"": ""Autocor Guayaquil"", ""saving_plan_group"": ""SUV"", ""saving_plan_order"": ""AUTOMATICA"", ""integration_reference_code"": ""6450A95B-891D-4CEE-87F8-160DD318295D"", ""version"": ""AC 2.0 5P 4X2 TA  LUXURY"", ""purchase_price"": 14000}"
163,autocor,2026-03-16T17:52:01Z,GTL3701,FORD,F150,2022,61900,98500,Autocor Guayaquil,Automática,,,4X4,,,,,2026-03-16T17:52:01Z,PLATEADO,3.5,DA81CC38-0FA3-4D97-B9C3-9A33C102B965,https://cdn.pilotsolution.net/crm/stock/autocor/14050/14050_274946_desktop.jpeg,"{""id_record"": 163, ""id"": ""DA81CC38-0FA3-4D97-B9C3-9A33C102B965"", ""media"": ""https://cdn.pilotsolution.net/crm/stock/autocor/14050/14050_274946_desktop.jpeg"", ""brand"": ""FORD"", ""model"": ""F150"", ""prices"": 61900, ""year"": 2022, ""owner"": 0, ""home"": 0, ""odometer"": 98500, ""type"": ""CAMIONETA"", ""location"": ""Autocor Guayaquil"", ""business_channel"": ""3500"", ""processedAt"": ""2026-03-16T17:00:28.096Z"", ""color"": ""PLATEADO"", ""accesories"": ""4X4"", ""license_plate"": ""GTL3701"", ""received_flag"": ""1"", ""days_in_stock"": ""false"", ""published_in_web"": ""1"", ""engine_number"": """", ""reserved_by_user_email"": """", ""reserved_by_user_name"": """", ""reserved_dt"": null, ""expiration_dt"": null, ""opportunity_sale_id"": """", ""factory_invoicing_dt"": null, ""factory_status"": ""NO"", ""status_name"": ""DISPONIBLE"", ""fuel_name"": ""Gasolina"", ""availability_status_name"": ""Disponible"", ""availability_status_code"": ""1"", ""created_fullname"": ""VENTAS  GUAYAQUIL"", ""created_dt"": ""2026-02-21T18:17:28.000Z"", ""deleted_flag"": ""0"", ""owner_branch_code"": ""Autocor Guayaquil"", ""saving_plan_group"": ""CAMIONETA"", ""saving_plan_order"": ""AUTOMATICA"", ""integration_reference_code"": ""A0474E61-5391-4869-BA85-0781358F8BFC"", ""version"": ""XLT AC 3.5 CD 4X4 TA"", ""purchase_price"": 46000}"
164,autocor,2026-03-16T17:52:01Z,PFL8897,KIA,SOLUTO,2025,15900,30000,Autocor El Recreo,Manual,,,4X2,,,,,2026-03-16T17:52:01Z,NEGRO,1.4,5BF73251-CAA6-4302-B837-99AEFA53DA2C,https://cdn.pilotsolution.net/crm/stock/autocor/14049/14049_276944_desktop.jpeg,"{""id_record"": 164, ""id"": ""5BF73251-CAA6-4302-B837-99AEFA53DA2C"", ""media"": ""https://cdn.pilotsolution.net/crm/stock/autocor/14049/14049_276944_desktop.jpeg"", ""brand"": ""KIA"", ""model"": ""SOLUTO"", ""prices"": 15900, ""year"": 2025, ""owner"": 0, ""home"": 0, ""odometer"": 30000, ""type"": ""SEDAN"", ""location"": ""Autocor El Recreo"", ""business_channel"": ""1400"", ""processedAt"": ""2026-03-16T17:00:28.096Z"", ""color"": ""NEGRO"", ""accesories"": ""4X2"", ""license_plate"": ""PFL8897"", ""received_flag"": ""1"", ""days_in_stock"": ""23"", ""published_in_web"": ""1"", ""engine_number"": ""008-001-000001328"", ""reserved_by_user_email"": """", ""reserved_by_user_name"": """", ""reserved_dt"": null, ""expiration_dt"": null, ""opportunity_sale_id"": """", ""factory_invoicing_dt"": ""2026-02-21T00:00:00.000Z"", ""factory_status"": """", ""status_name"": ""DISPONIBLE"", ""fuel_name"": ""Gasolina"", ""availability_status_name"": ""Disponible"", ""availability_status_code"": ""1"", ""created_fullname"": ""IVAN CRIOLLO"", ""created_dt"": ""2026-02-21T17:56:05.000Z"", ""deleted_flag"": ""0"", ""owner_branch_code"": ""Autocor El Recreo"", ""saving_plan_group"": ""SEDAN"", ""saving_plan_order"": ""MANUAL"", ""integration_reference_code"": ""D708D123-C6CC-48B9-BFF3-6F17C34C5F00"", ""version"": ""LX AC  1.4 4P 4X2 TM"", ""purchase_price"": 13940}"
165,autocor,2026-03-16T17:52:01Z,PDU7275,FORD,EXPLORER,2021,58900,50000,Autocor Shyris,Automática,,,4X4,,,,,2026-03-16T17:52:01Z,BLANCO,2.3,ADC14655-5558-4042-94FF-FC2166A9D432,https://cdn.pilotsolution.net/crm/stock/autocor/14046/14046_274572_desktop.jpeg,"{""id_record"": 165, ""id"": ""ADC14655-5558-4042-94FF-FC2166A9D432"", ""media"": ""https://cdn.pilotsolution.net/crm/stock/autocor/14046/14046_274572_desktop.jpeg"", ""brand"": ""FORD"", ""model"": ""EXPLORER"", ""prices"": 58900, ""year"": 2021, ""owner"": 0, ""home"": 0, ""odometer"": 50000, ""type"": ""SUV"", ""location"": ""Autocor Shyris"", ""business_channel"": ""2300"", ""processedAt"": ""2026-03-16T17:00:28.096Z"", ""color"": ""BLANCO "", ""accesories"": ""4X4"", ""license_plate"": ""PDU7275"", ""received_flag"": ""1"", ""days_in_stock"": ""23"", ""published_in_web"": ""1"", ""engine_number"": ""001-001-000011614"", ""reserved_by_user_email"": """", ""reserved_by_user_name"": """", ""reserved_dt"": null, ""expiration_dt"": null, ""opportunity_sale_id"": """", ""factory_invoicing_dt"": ""2026-02-21T00:00:00.000Z"", ""factory_status"": """", ""status_name"": ""DISPONIBLE"", ""fuel_name"": ""Gasolina"", ""availability_status_name"": ""Disponible"", ""availability_status_code"": ""1"", ""created_fullname"": ""ASISTENTE COMERCIAL SHYRIS"", ""created_dt"": ""2026-02-21T17:07:25.000Z"", ""deleted_flag"": ""0"", ""owner_branch_code"": ""Autocor Shyris"", ""saving_plan_group"": ""SUV"", ""saving_plan_order"": ""AUTOMATICA"", ""integration_reference_code"": ""E98BEC1C-879B-46C4-98A7-CE47EF2B4C79"", ""version"": ""XLT ECOBOOST AC 2.3 5P"", ""purchase_price"": 52600}"
166,autocor,2026-03-16T17:52:01Z,ABI1907,KIA,RIO,2019,16400,64000,Autocor Valle de los Chillos,Automática,,,4X2,,,,,2026-03-16T17:52:01Z,PLOMO,1.4,51DC8CCA-87AF-41B8-B778-B97C696B0E63,https://cdn.pilotsolution.net/crm/stock/autocor/14045/14045_274481_desktop.jpeg,"{""id_record"": 166, ""id"": ""51DC8CCA-87AF-41B8-B778-B97C696B0E63"", ""media"": ""https://cdn.pilotsolution.net/crm/stock/autocor/14045/14045_274481_desktop.jpeg"", ""brand"": ""KIA"", ""model"": ""RIO"", ""prices"": 16400, ""year"": 2019, ""owner"": 0, ""home"": 0, ""odometer"": 64000, ""type"": ""SEDAN"", ""location"": ""Autocor Valle de los Chillos"", ""business_channel"": ""1400"", ""processedAt"": ""2026-03-16T17:00:28.096Z"", ""color"": ""PLOMO"", ""accesories"": ""4X2"", ""license_plate"": ""ABI1907"", ""received_flag"": ""1"", ""days_in_stock"": ""23"", ""published_in_web"": ""1"", ""engine_number"": ""006-001-000002360"", ""reserved_by_user_email"": """", ""reserved_by_user_name"": """", ""reserved_dt"": null, ""expiration_dt"": null, ""opportunity_sale_id"": """", ""factory_invoicing_dt"": ""2026-02-21T00:00:00.000Z"", ""factory_status"": ""NO"", ""status_name"": ""DISPONIBLE"", ""fuel_name"": ""Gasolina"", ""availability_status_name"": ""Disponible"", ""availability_status_code"": ""1"", ""created_fullname"": ""VENTAS VALLE CHILLOS"", ""created_dt"": ""2026-02-21T16:30:25.000Z"", ""deleted_flag"": ""0"", ""owner_branch_code"": ""Autocor Valle de los Chillos"", ""saving_plan_group"": ""SEDAN"", ""saving_plan_order"": ""AUTOMÁTICA"", ""integration_reference_code"": ""9E5073F0-C182-42A2-BE1F-645144BA0A9D"", ""version"": ""LX AC 1.4 4P 4X2 TA"", ""purchase_price"": 13769}"
167,autocor,2026-03-16T17:52:01Z,IBG1806,TOYOTA,COROLLA,2026,33400,21700,Autocor Shyris,Automática,,,4X2,,,,,2026-03-16T17:52:01Z,PLOMO,1.8,DB804F59-2674-4943-BB3C-1FAB635A06B1,https://cdn.pilotsolution.net/crm/stock/autocor/14043/14043_274431_desktop.jpeg,"{""id_record"": 167, ""id"": ""DB804F59-2674-4943-BB3C-1FAB635A06B1"", ""media"": ""https://cdn.pilotsolution.net/crm/stock/autocor/14043/14043_274431_desktop.jpeg"", ""brand"": ""TOYOTA"", ""model"": ""COROLLA"", ""prices"": 33400, ""year"": 2026, ""owner"": 0, ""home"": 0, ""odometer"": 21700, ""type"": ""SUV"", ""location"": ""Autocor Shyris"", ""business_channel"": ""1800"", ""processedAt"": ""2026-03-16T17:00:28.096Z"", ""color"": ""PLOMO"", ""accesories"": ""4X2"", ""license_plate"": ""IBG1806"", ""received_flag"": ""1"", ""days_in_stock"": ""23"", ""published_in_web"": ""1"", ""engine_number"": ""005-001-000005071"", ""reserved_by_user_email"": """", ""reserved_by_user_name"": """", ""reserved_dt"": null, ""expiration_dt"": null, ""opportunity_sale_id"": """", ""factory_invoicing_dt"": ""2026-02-21T00:00:00.000Z"", ""factory_status"": """", ""status_name"": ""DISPONIBLE"", ""fuel_name"": ""Gasolina"", ""availability_status_name"": ""Disponible"", ""availability_status_code"": ""1"", ""created_fullname"": ""ASISTENTE COMERCIAL SHYRIS"", ""created_dt"": ""2026-02-21T16:11:13.000Z"", ""deleted_flag"": ""0"", ""owner_branch_code"": ""Autocor Shyris"", ""saving_plan_group"": ""SUV"", ""saving_plan_order"": ""AUTOMATICA"", ""integration_reference_code"": ""D9CCFC68-FC21-4625-AA1D-E77784D9106F"", ""version"": ""CROSS MID AC 1.8 5P 4X2"", ""purchase_price"": 30000}"
168,autocor,2026-03-16T17:52:01Z,PDW2708,CHEVROLET,SPARK,2022,12900,96000,Autocor Eloy Alfaro,Manual,,,4X2,,,,,2026-03-16T17:52:01Z,VINO,1.2,F0A58B09-A20F-4F06-A68B-12A2A1B418F0,https://cdn.pilotsolution.net/crm/stock/autocor/14042/14042_274542_desktop.jpeg,"{""id_record"": 168, ""id"": ""F0A58B09-A20F-4F06-A68B-12A2A1B418F0"", ""media"": ""https://cdn.pilotsolution.net/crm/stock/autocor/14042/14042_274542_desktop.jpeg"", ""brand"": ""CHEVROLET"", ""model"": ""SPARK"", ""prices"": 12900, ""year"": 2022, ""owner"": 0, ""home"": 0, ""odometer"": 96000, ""type"": ""HATCHBACK"", ""location"": ""Autocor Eloy Alfaro"", ""business_channel"": ""1200"", ""processedAt"": ""2026-03-16T17:00:28.096Z"", ""color"": ""VINO"", ""accesories"": ""4X2"", ""license_plate"": ""PDW2708"", ""received_flag"": ""0"", ""days_in_stock"": ""0"", ""published_in_web"": ""1"", ""engine_number"": """", ""reserved_by_user_email"": """", ""reserved_by_user_name"": """", ""reserved_dt"": null, ""expiration_dt"": null, ""opportunity_sale_id"": """", ""factory_invoicing_dt"": ""2026-02-19T00:00:00.000Z"", ""factory_status"": """", ""status_name"": ""DISPONIBLE"", ""fuel_name"": ""Gasolina"", ""availability_status_name"": ""Disponible"", ""availability_status_code"": ""1"", ""created_fullname"": ""ASISTENTE COMERCIAL ELOY ALFARO"", ""created_dt"": ""2026-02-21T16:07:36.000Z"", ""deleted_flag"": ""0"", ""owner_branch_code"": ""Autocor Eloy Alfaro"", ""saving_plan_group"": ""HATCHBACK"", ""saving_plan_order"": ""MANUAL "", ""integration_reference_code"": ""A78465BA-C93A-473E-AB11-868E054FB43D"", ""version"": ""SPARK GT LS AC 1.2 5P 4X2 TM"", ""purchase_price"": 10540}"
169,autocor,2026-03-16T17:52:01Z,GTO1179,DODGE,JOURNEY,2016,14900,115872,Autocor Guayaquil,Automática,,,4x2,,,,,2026-03-16T17:52:01Z,NEGRO,2.5,F1A6D737-B8A3-4FC4-AEEB-E88CDF9A2593,https://cdn.pilotsolution.net/crm/stock/autocor/14040/14040_275655_desktop.jpeg,"{""id_record"": 169, ""id"": ""F1A6D737-B8A3-4FC4-AEEB-E88CDF9A2593"", ""media"": ""https://cdn.pilotsolution.net/crm/stock/autocor/14040/14040_275655_desktop.jpeg"", ""brand"": ""DODGE"", ""model"": ""JOURNEY"", ""prices"": 14900, ""year"": 2016, ""owner"": 0, ""home"": 0, ""odometer"": 115872, ""type"": ""SUV"", ""location"": ""Autocor Guayaquil"", ""business_channel"": ""2500"", ""processedAt"": ""2026-03-16T17:00:28.096Z"", ""color"": ""NEGRO"", ""accesories"": ""4x2"", ""license_plate"": ""GTO1179"", ""received_flag"": ""1"", ""days_in_stock"": ""62"", ""published_in_web"": ""1"", ""engine_number"": """", ""reserved_by_user_email"": """", ""reserved_by_user_name"": """", ""reserved_dt"": null, ""expiration_dt"": null, ""opportunity_sale_id"": """", ""factory_invoicing_dt"": ""2026-01-13T00:00:00.000Z"", ""factory_status"": """", ""status_name"": ""DISPONIBLE"", ""fuel_name"": ""Gasolina"", ""availability_status_name"": ""Disponible"", ""availability_status_code"": ""1"", ""created_fullname"": ""VENTAS  GUAYAQUIL"", ""created_dt"": ""2026-02-21T16:01:08.000Z"", ""deleted_flag"": ""0"", ""owner_branch_code"": ""Autocor Guayaquil"", ""saving_plan_group"": ""SUV"", ""saving_plan_order"": ""AUTOMATICA"", ""integration_reference_code"": ""36EFDEEE-D12B-429C-B956-6952F8BF363A"", ""version"": ""SE AC 2.5P 4X2 TA"", ""purchase_price"": 12040}"
17,autocor,2026-03-16T17:51:58Z,GTF2018,CHEVROLET,SPARK,2020,11900,44500,Autocor Guayaquil,Manual,,,4X2,,,,,2026-03-16T17:51:58Z,BLANCO,1.2,EAEB92A2-76EC-4E8D-87BC-616C88FEA6D6,https://cdn.pilotsolution.net/crm/stock/autocor/14403/14403_282977_desktop.jpeg,"{""id_record"": 17, ""id"": ""EAEB92A2-76EC-4E8D-87BC-616C88FEA6D6"", ""media"": ""https://cdn.pilotsolution.net/crm/stock/autocor/14403/14403_282977_desktop.jpeg"", ""brand"": ""CHEVROLET"", ""model"": ""SPARK"", ""prices"": 11900, ""year"": 2020, ""owner"": 0, ""home"": 1, ""odometer"": 44500, ""type"": ""SEDAN "", ""location"": ""Autocor Guayaquil"", ""business_channel"": ""1200"", ""processedAt"": ""2026-03-16T17:00:28.096Z"", ""color"": ""BLANCO "", ""accesories"": ""4X2"", ""license_plate"": ""GTF2018"", ""received_flag"": ""1"", ""days_in_stock"": ""18"", ""published_in_web"": ""1"", ""engine_number"": """", ""reserved_by_user_email"": """", ""reserved_by_user_name"": """", ""reserved_dt"": null, ""expiration_dt"": null, ""opportunity_sale_id"": """", ""factory_invoicing_dt"": ""2026-02-26T00:00:00.000Z"", ""factory_status"": ""NO"", ""status_name"": ""DISPONIBLE"", ""fuel_name"": ""Gasolina"", ""availability_status_name"": ""Disponible"", ""availability_status_code"": ""1"", ""created_fullname"": ""Juan  Triana"", ""created_dt"": ""2026-03-13T22:08:25.000Z"", ""deleted_flag"": ""0"", ""owner_branch_code"": ""Autocor Guayaquil"", ""saving_plan_group"": ""SEDAN "", ""saving_plan_order"": ""MANUAL"", ""integration_reference_code"": ""C1227961-9E0B-460E-9E96-40AEBA258BB7"", ""version"": ""GT LS AC 1.2 5P 4X2 TM"", ""purchase_price"": 9040}"
170,autocor,2026-03-16T17:52:01Z,PFN4202,GREAT WALL,POER,2025,28900,17000,Autocor Av. Orellana,Manual,,,4X4,,,,,2026-03-16T17:52:01Z,PLOMO,2.0,7416A440-2680-4DD1-8C39-C7324B4967E4,https://cdn.pilotsolution.net/crm/stock/autocor/14037/14037_275962_desktop.jpeg,"{""id_record"": 170, ""id"": ""7416A440-2680-4DD1-8C39-C7324B4967E4"", ""media"": ""https://cdn.pilotsolution.net/crm/stock/autocor/14037/14037_275962_desktop.jpeg"", ""brand"": ""GREAT WALL"", ""model"": ""POER"", ""prices"": 28900, ""year"": 2025, ""owner"": 0, ""home"": 0, ""odometer"": 17000, ""type"": ""CAMIONETA"", ""location"": ""Autocor Av. Orellana"", ""business_channel"": ""2000"", ""processedAt"": ""2026-03-16T17:00:28.096Z"", ""color"": ""PLOMO"", ""accesories"": ""4X4"", ""license_plate"": ""PFN4202"", ""received_flag"": ""1"", ""days_in_stock"": ""19"", ""published_in_web"": ""1"", ""engine_number"": """", ""reserved_by_user_email"": """", ""reserved_by_user_name"": """", ""reserved_dt"": null, ""expiration_dt"": null, ""opportunity_sale_id"": """", ""factory_invoicing_dt"": ""2026-02-25T00:00:00.000Z"", ""factory_status"": """", ""status_name"": ""DISPONIBLE"", ""fuel_name"": ""Diesel"", ""availability_status_name"": ""Disponible"", ""availability_status_code"": ""1"", ""created_fullname"": ""DAVID  RAMIREZ"", ""created_dt"": ""2026-02-21T14:43:59.000Z"", ""deleted_flag"": ""0"", ""owner_branch_code"": ""Autocor Av. Orellana"", ""saving_plan_group"": ""CAMIONETA"", ""saving_plan_order"": ""MANUAL"", ""integration_reference_code"": ""C8B458E6-C52A-48DF-8EE9-E445E4F35544"", ""version"": ""AC 2.0 CD 4X4 TM DIESEL"", ""purchase_price"": 26274}"
171,autocor,2026-03-16T17:52:01Z,PDU4603,RENAULT,KOLEOS,2022,26900,44200,Autocor Cumbaya,Automática,,,4X4,,,,,2026-03-16T17:52:01Z,AZUL,2.5,AB9E8176-A9B0-4D4A-9FDF-334636D8803F,https://cdn.pilotsolution.net/crm/stock/autocor/14034/14034_283124_desktop.jpeg,"{""id_record"": 171, ""id"": ""AB9E8176-A9B0-4D4A-9FDF-334636D8803F"", ""media"": ""https://cdn.pilotsolution.net/crm/stock/autocor/14034/14034_283124_desktop.jpeg"", ""brand"": ""RENAULT"", ""model"": ""KOLEOS"", ""prices"": 26900, ""year"": 2022, ""owner"": 0, ""home"": 0, ""odometer"": 44200, ""type"": ""SUV"", ""location"": ""Autocor Cumbaya"", ""business_channel"": ""2500"", ""processedAt"": ""2026-03-16T17:00:28.096Z"", ""color"": ""AZUL"", ""accesories"": ""4X4"", ""license_plate"": ""PDU4603"", ""received_flag"": ""1"", ""days_in_stock"": ""2"", ""published_in_web"": ""1"", ""engine_number"": ""005-001-000005091"", ""reserved_by_user_email"": """", ""reserved_by_user_name"": """", ""reserved_dt"": null, ""expiration_dt"": null, ""opportunity_sale_id"": """", ""factory_invoicing_dt"": ""2026-03-14T00:00:00.000Z"", ""factory_status"": ""NO"", ""status_name"": ""DISPONIBLE"", ""fuel_name"": ""Gasolina"", ""availability_status_name"": ""Disponible"", ""availability_status_code"": ""1"", ""created_fullname"": ""ANDRES  MERA"", ""created_dt"": ""2026-02-20T20:38:19.000Z"", ""deleted_flag"": ""0"", ""owner_branch_code"": ""Autocor Cumbaya"", ""saving_plan_group"": ""SUV"", ""saving_plan_order"": ""AUTOMATICA"", ""integration_reference_code"": ""0E9DB050-20F2-47A1-B15D-F20FBFC78F79"", ""version"": ""INTENS AC 2.5 5P 4X4 TA"", ""purchase_price"": 23040}"
172,autocor,2026-03-16T17:52:01Z,861859,MAZDA,CX5,2024,36600,285,Autocor 6 de Diciembre,Automática,,,4X2,,,,,2026-03-16T17:52:01Z,PLATA,2.0,2E38847D-A0E6-4CE6-A0EF-A75B0EAE6B56,https://cdn.pilotsolution.net/crm/stock/autocor/14033/14033_274285_desktop.jpeg,"{""id_record"": 172, ""id"": ""2E38847D-A0E6-4CE6-A0EF-A75B0EAE6B56"", ""media"": ""https://cdn.pilotsolution.net/crm/stock/autocor/14033/14033_274285_desktop.jpeg"", ""brand"": ""MAZDA"", ""model"": ""CX5"", ""prices"": 36600, ""year"": 2024, ""owner"": 0, ""home"": 0, ""odometer"": 285, ""type"": ""SUV"", ""location"": ""Autocor 6 de Diciembre"", ""business_channel"": ""2000"", ""processedAt"": ""2026-03-16T17:00:28.096Z"", ""color"": ""PLATA"", ""accesories"": ""4X2"", ""license_plate"": ""861859"", ""received_flag"": ""1"", ""days_in_stock"": ""26"", ""published_in_web"": ""1"", ""engine_number"": ""001-001-000011684"", ""reserved_by_user_email"": """", ""reserved_by_user_name"": """", ""reserved_dt"": null, ""expiration_dt"": null, ""opportunity_sale_id"": """", ""factory_invoicing_dt"": ""2026-02-18T00:00:00.000Z"", ""factory_status"": """", ""status_name"": ""DISPONIBLE"", ""fuel_name"": ""Gasolina"", ""availability_status_name"": ""Disponible"", ""availability_status_code"": ""1"", ""created_fullname"": ""ASISTENTE COMERCIAL 6 DICIEMBRE"", ""created_dt"": ""2026-02-20T20:04:44.000Z"", ""deleted_flag"": ""0"", ""owner_branch_code"": ""Autocor 6 de Diciembre"", ""saving_plan_group"": ""SUV"", ""saving_plan_order"": ""AUTOMATICA"", ""integration_reference_code"": ""B56E573A-BB8B-4FED-A511-2FB3B98D6651"", ""version"": ""AC 2.0 5P 4X2 TA"", ""purchase_price"": 36600}"
173,autocor,2026-03-16T17:52:01Z,PCT7604,TOYOTA,RAV4,2017,22600,125117,Autocor Av. Orellana,Automática,,,4X2,,,,,2026-03-16T17:52:01Z,BLANCO,2.0,6AD9157D-400F-41F4-891C-9F5B5EAC1288,https://cdn.pilotsolution.net/crm/stock/autocor/14025/14025_274146_desktop.jpeg,"{""id_record"": 173, ""id"": ""6AD9157D-400F-41F4-891C-9F5B5EAC1288"", ""media"": ""https://cdn.pilotsolution.net/crm/stock/autocor/14025/14025_274146_desktop.jpeg"", ""brand"": ""TOYOTA"", ""model"": ""RAV4"", ""prices"": 22600, ""year"": 2017, ""owner"": 0, ""home"": 0, ""odometer"": 125117, ""type"": ""SUV"", ""location"": ""Autocor Av. Orellana"", ""business_channel"": ""2000"", ""processedAt"": ""2026-03-16T17:00:28.096Z"", ""color"": ""BLANCO"", ""accesories"": ""4X2"", ""license_plate"": ""PCT7604"", ""received_flag"": ""1"", ""days_in_stock"": ""26"", ""published_in_web"": ""1"", ""engine_number"": """", ""reserved_by_user_email"": """", ""reserved_by_user_name"": """", ""reserved_dt"": null, ""expiration_dt"": null, ""opportunity_sale_id"": """", ""factory_invoicing_dt"": ""2026-02-18T00:00:00.000Z"", ""factory_status"": """", ""status_name"": ""DISPONIBLE"", ""fuel_name"": ""Gasolina"", ""availability_status_name"": ""Disponible"", ""availability_status_code"": ""1"", ""created_fullname"": ""JOSE DELGADO "", ""created_dt"": ""2026-02-20T16:43:07.000Z"", ""deleted_flag"": ""0"", ""owner_branch_code"": ""Autocor Av. Orellana"", ""saving_plan_group"": ""SUV"", ""saving_plan_order"": ""AUTOMATICA"", ""integration_reference_code"": ""501962A6-2D80-4BF4-A470-837D0B1A706B"", ""version"": ""AC 2.0 5P 4X2 TA"", ""purchase_price"": 19800}"
174,autocor,2026-03-16T17:52:01Z,PFF5500,RENAULT,DUSTER,2023,20900,60927,Autocor Av. Orellana,Manual,,,4X4,,,,,2026-03-16T17:52:01Z,PLATEADO,1.3,9CE23908-1335-4B25-BE0F-B05108998D8D,https://cdn.pilotsolution.net/crm/stock/autocor/14022/14022_277318_desktop.jpeg,"{""id_record"": 174, ""id"": ""9CE23908-1335-4B25-BE0F-B05108998D8D"", ""media"": ""https://cdn.pilotsolution.net/crm/stock/autocor/14022/14022_277318_desktop.jpeg"", ""brand"": ""RENAULT"", ""model"": ""DUSTER"", ""prices"": 20900, ""year"": 2023, ""owner"": 1, ""home"": 0, ""odometer"": 60927, ""type"": ""SUV"", ""location"": ""Autocor Av. Orellana"", ""business_channel"": ""1300"", ""processedAt"": ""2026-03-16T17:00:28.096Z"", ""color"": ""PLATEADO"", ""accesories"": ""4X4"", ""license_plate"": ""PFF5500"", ""received_flag"": ""1"", ""days_in_stock"": ""17"", ""published_in_web"": ""1"", ""engine_number"": """", ""reserved_by_user_email"": """", ""reserved_by_user_name"": """", ""reserved_dt"": null, ""expiration_dt"": null, ""opportunity_sale_id"": """", ""factory_invoicing_dt"": ""2026-02-27T00:00:00.000Z"", ""factory_status"": ""SI"", ""status_name"": ""DISPONIBLE"", ""fuel_name"": ""Gasolina"", ""availability_status_name"": ""Disponible"", ""availability_status_code"": ""1"", ""created_fullname"": ""ASISTENTE COMERCIAL SHYRIS"", ""created_dt"": ""2026-02-19T21:22:36.000Z"", ""deleted_flag"": ""0"", ""owner_branch_code"": ""Autocor Av. Orellana"", ""saving_plan_group"": ""SUV"", ""saving_plan_order"": ""MANUAL"", ""integration_reference_code"": ""C1BDAFF4-236F-4E86-A1E5-AE6D8C8C88C9"", ""version"": ""INTENS AC 1.3T 5P 4X4 TM"", ""purchase_price"": 15540}"
175,autocor,2026-03-16T17:52:01Z,PFK1903,MAZDA,CX5,2025,35400,4000,Autocor Cumbaya,Automática,,,4X2,,,,,2026-03-16T17:52:01Z,ROJO,2.0,93468B38-603D-4E07-8849-EADE6E33FE4B,https://cdn.pilotsolution.net/crm/stock/autocor/14021/14021_274008_desktop.jpeg,"{""id_record"": 175, ""id"": ""93468B38-603D-4E07-8849-EADE6E33FE4B"", ""media"": ""https://cdn.pilotsolution.net/crm/stock/autocor/14021/14021_274008_desktop.jpeg"", ""brand"": ""MAZDA"", ""model"": ""CX5"", ""prices"": 35400, ""year"": 2025, ""owner"": 0, ""home"": 0, ""odometer"": 4000, ""type"": ""SUV"", ""location"": ""Autocor Cumbaya"", ""business_channel"": ""2000"", ""processedAt"": ""2026-03-16T17:00:28.096Z"", ""color"": ""ROJO"", ""accesories"": ""4X2"", ""license_plate"": ""PFK1903"", ""received_flag"": ""1"", ""days_in_stock"": ""25"", ""published_in_web"": ""1"", ""engine_number"": ""010-001-000000998"", ""reserved_by_user_email"": """", ""reserved_by_user_name"": """", ""reserved_dt"": null, ""expiration_dt"": null, ""opportunity_sale_id"": """", ""factory_invoicing_dt"": ""2026-02-19T00:00:00.000Z"", ""factory_status"": """", ""status_name"": ""DISPONIBLE"", ""fuel_name"": ""Gasolina"", ""availability_status_name"": ""Disponible"", ""availability_status_code"": ""1"", ""created_fullname"": ""Fernando Colimba"", ""created_dt"": ""2026-02-19T21:21:55.000Z"", ""deleted_flag"": ""0"", ""owner_branch_code"": ""Autocor Cumbaya"", ""saving_plan_group"": ""SUV"", ""saving_plan_order"": ""AUTOMATICA"", ""integration_reference_code"": ""5FBD5E2E-CF4F-4111-B2EE-AAFFD48D280A"", ""version"": ""AC 2.0 5P 4X2 TA"", ""purchase_price"": 32500}"
176,autocor,2026-03-16T17:52:01Z,PDK6382,PEUGEOT,208,2020,14900,73500,Autocor Av. Orellana,Manual,,,4X2,,,,,2026-03-16T17:52:01Z,PLOMO,1.6,782F398C-206D-4D07-9DAB-8ED13E4D4889,https://cdn.pilotsolution.net/crm/stock/autocor/14020/14020_275056_desktop.jpeg,"{""id_record"": 176, ""id"": ""782F398C-206D-4D07-9DAB-8ED13E4D4889"", ""media"": ""https://cdn.pilotsolution.net/crm/stock/autocor/14020/14020_275056_desktop.jpeg"", ""brand"": ""PEUGEOT"", ""model"": ""208"", ""prices"": 14900, ""year"": 2020, ""owner"": 0, ""home"": 0, ""odometer"": 73500, ""type"": ""SUV"", ""location"": ""Autocor Av. Orellana"", ""business_channel"": ""1600"", ""processedAt"": ""2026-03-16T17:00:28.096Z"", ""color"": ""PLOMO"", ""accesories"": ""4X2"", ""license_plate"": ""PDK6382"", ""received_flag"": ""1"", ""days_in_stock"": ""24"", ""published_in_web"": ""1"", ""engine_number"": """", ""reserved_by_user_email"": """", ""reserved_by_user_name"": """", ""reserved_dt"": null, ""expiration_dt"": null, ""opportunity_sale_id"": """", ""factory_invoicing_dt"": ""2026-02-20T00:00:00.000Z"", ""factory_status"": """", ""status_name"": ""DISPONIBLE"", ""fuel_name"": ""Diesel"", ""availability_status_name"": ""Disponible"", ""availability_status_code"": ""1"", ""created_fullname"": ""JEFFERSON  VASQUEZ"", ""created_dt"": ""2026-02-19T20:38:20.000Z"", ""deleted_flag"": ""0"", ""owner_branch_code"": ""Autocor Av. Orellana"", ""saving_plan_group"": ""SUV"", ""saving_plan_order"": ""MANUAL"", ""integration_reference_code"": ""357CFB0F-A35B-4DC0-865B-2840BC14DC01"", ""version"": ""ACTPK 16H BM5 AC 1.6 5P 4X2 TM"", ""purchase_price"": 15400}"
177,autocor,2026-03-16T17:52:01Z,PDK4464,GAC,GS3,2020,13400,88010,Autocor Av. Orellana,Automática,,,4X2,,,,,2026-03-16T17:52:01Z,BLANCO,1.3,5E74CC0D-0C52-4204-B7BC-B750723B5172,https://cdn.pilotsolution.net/crm/stock/autocor/14017/14017_279132_desktop.jpeg,"{""id_record"": 177, ""id"": ""5E74CC0D-0C52-4204-B7BC-B750723B5172"", ""media"": ""https://cdn.pilotsolution.net/crm/stock/autocor/14017/14017_279132_desktop.jpeg"", ""brand"": ""GAC "", ""model"": ""GS3"", ""prices"": 13400, ""year"": 2020, ""owner"": 0, ""home"": 0, ""odometer"": 88010, ""type"": ""SUV"", ""location"": ""Autocor Av. Orellana"", ""business_channel"": ""1300"", ""processedAt"": ""2026-03-16T17:00:28.096Z"", ""color"": ""BLANCO"", ""accesories"": ""4X2"", ""license_plate"": ""PDK4464"", ""received_flag"": ""1"", ""days_in_stock"": ""18"", ""published_in_web"": ""1"", ""engine_number"": """", ""reserved_by_user_email"": """", ""reserved_by_user_name"": """", ""reserved_dt"": null, ""expiration_dt"": null, ""opportunity_sale_id"": """", ""factory_invoicing_dt"": ""2026-02-26T00:00:00.000Z"", ""factory_status"": """", ""status_name"": ""DISPONIBLE"", ""fuel_name"": ""Gasolina"", ""availability_status_name"": ""Disponible"", ""availability_status_code"": ""1"", ""created_fullname"": ""Fernando Colimba"", ""created_dt"": ""2026-02-19T18:13:10.000Z"", ""deleted_flag"": ""0"", ""owner_branch_code"": ""Autocor Av. Orellana"", ""saving_plan_group"": ""SUV"", ""saving_plan_order"": ""AUTOMATICA"", ""integration_reference_code"": """", ""version"": ""4X2 TA 1.3T AT GB AC 1.3 5P"", ""purchase_price"": 0}"
178,autocor,2026-03-16T17:52:01Z,PDQ8994,MERCEDES BENZ,GLC 200,2020,45900,67000,Autocor Eloy Alfaro,Automática,,,4X4,,,,,2026-03-16T17:52:01Z,PLOMO,2.0,BF35702F-47E6-439F-AC2E-6EEF8FA5E2DA,https://cdn.pilotsolution.net/crm/stock/autocor/14005/14005_274400_desktop.jpeg,"{""id_record"": 178, ""id"": ""BF35702F-47E6-439F-AC2E-6EEF8FA5E2DA"", ""media"": ""https://cdn.pilotsolution.net/crm/stock/autocor/14005/14005_274400_desktop.jpeg"", ""brand"": ""MERCEDES BENZ"", ""model"": ""GLC 200"", ""prices"": 45900, ""year"": 2020, ""owner"": 0, ""home"": 0, ""odometer"": 67000, ""type"": ""SUV"", ""location"": ""Autocor Eloy Alfaro"", ""business_channel"": ""2000"", ""processedAt"": ""2026-03-16T17:00:28.096Z"", ""color"": ""PLOMO"", ""accesories"": ""4X4"", ""license_plate"": ""PDQ8994"", ""received_flag"": ""0"", ""days_in_stock"": ""0"", ""published_in_web"": ""1"", ""engine_number"": """", ""reserved_by_user_email"": """", ""reserved_by_user_name"": """", ""reserved_dt"": null, ""expiration_dt"": null, ""opportunity_sale_id"": """", ""factory_invoicing_dt"": ""2026-02-20T00:00:00.000Z"", ""factory_status"": """", ""status_name"": ""DISPONIBLE"", ""fuel_name"": ""Gasolina"", ""availability_status_name"": ""Disponible"", ""availability_status_code"": ""1"", ""created_fullname"": ""Fernando Colimba"", ""created_dt"": ""2026-02-18T15:48:47.000Z"", ""deleted_flag"": ""0"", ""owner_branch_code"": ""Autocor Eloy Alfaro"", ""saving_plan_group"": ""SUV"", ""saving_plan_order"": ""AUTOMATICA"", ""integration_reference_code"": ""BE44FDFC-31D6-4E48-B909-930EA6A99F60"", ""version"": ""BASICO AC 2.0 5P 4X4"", ""purchase_price"": 40000}"
179,autocor,2026-03-16T17:52:01Z,PKU0375,CHEVROLET,TRAILBLAZER,2004,8900,220000,Autocor Eloy Alfaro,Automática,,,4X4,,,,,2026-03-16T17:52:01Z,PLOMO,ND,FC7AC1C9-2E3B-4183-B587-F92E7C69220F,https://cdn.pilotsolution.net/crm/stock/autocor/14004/14004_273590_desktop.jpeg,"{""id_record"": 179, ""id"": ""FC7AC1C9-2E3B-4183-B587-F92E7C69220F"", ""media"": ""https://cdn.pilotsolution.net/crm/stock/autocor/14004/14004_273590_desktop.jpeg"", ""brand"": ""CHEVROLET"", ""model"": ""TRAILBLAZER"", ""prices"": 8900, ""year"": 2004, ""owner"": 0, ""home"": 0, ""odometer"": 220000, ""type"": ""SUV"", ""location"": ""Autocor Eloy Alfaro"", ""business_channel"": ""4200"", ""processedAt"": ""2026-03-16T17:00:28.096Z"", ""color"": ""PLOMO"", ""accesories"": ""4X4"", ""license_plate"": ""PKU0375"", ""received_flag"": ""1"", ""days_in_stock"": ""30"", ""published_in_web"": ""1"", ""engine_number"": ""8ZNDT13S14V307119"", ""reserved_by_user_email"": """", ""reserved_by_user_name"": """", ""reserved_dt"": null, ""expiration_dt"": null, ""opportunity_sale_id"": """", ""factory_invoicing_dt"": ""2026-02-14T00:00:00.000Z"", ""factory_status"": """", ""status_name"": ""DISPONIBLE"", ""fuel_name"": ""Gasolina"", ""availability_status_name"": ""Disponible"", ""availability_status_code"": ""1"", ""created_fullname"": ""ANDRES  FONSECA"", ""created_dt"": ""2026-02-18T15:34:37.000Z"", ""deleted_flag"": ""0"", ""owner_branch_code"": ""Autocor Eloy Alfaro"", ""saving_plan_group"": ""SUV"", ""saving_plan_order"": ""AUTOMATICA"", ""integration_reference_code"": ""89E056B5-DA83-4EB3-B855-A23C78FA183A"", ""version"": ""TRAILBLAZER 4X4 T/A"", ""purchase_price"": 8900}"
18,autocor,2026-03-16T17:51:58Z,PFN3828,AUDI,Q3,2025,47900,9800,Autocor Shyris,Automática,,,4X2,,,,,2026-03-16T17:51:58Z,PLATEADO,1.4,8A447C80-5A31-4DFF-A150-1F8242EA26CF,https://cdn.pilotsolution.net/crm/stock/autocor/14402/14402_282999_desktop.jpeg,"{""id_record"": 18, ""id"": ""8A447C80-5A31-4DFF-A150-1F8242EA26CF"", ""media"": ""https://cdn.pilotsolution.net/crm/stock/autocor/14402/14402_282999_desktop.jpeg"", ""brand"": ""AUDI"", ""model"": ""Q3"", ""prices"": 47900, ""year"": 2025, ""owner"": 0, ""home"": 0, ""odometer"": 9800, ""type"": ""SEDAN"", ""location"": ""Autocor Shyris"", ""business_channel"": ""1400"", ""processedAt"": ""2026-03-16T17:00:28.096Z"", ""color"": ""PLATEADO"", ""accesories"": ""4X2"", ""license_plate"": ""PFN3828"", ""received_flag"": ""1"", ""days_in_stock"": ""3"", ""published_in_web"": ""1"", ""engine_number"": """", ""reserved_by_user_email"": """", ""reserved_by_user_name"": """", ""reserved_dt"": null, ""expiration_dt"": null, ""opportunity_sale_id"": """", ""factory_invoicing_dt"": ""2026-03-13T00:00:00.000Z"", ""factory_status"": """", ""status_name"": ""DISPONIBLE"", ""fuel_name"": ""Gasolina"", ""availability_status_name"": ""Disponible"", ""availability_status_code"": ""1"", ""created_fullname"": ""ASISTENTE COMERCIAL SHYRIS"", ""created_dt"": ""2026-03-13T21:59:19.000Z"", ""deleted_flag"": ""0"", ""owner_branch_code"": ""Autocor Shyris"", ""saving_plan_group"": ""SEDAN"", ""saving_plan_order"": ""AUTOMATICA"", ""integration_reference_code"": ""E1C09331-0673-4C4C-ACCB-D6D9AD67C42F"", ""version"": ""TFSI F3NACX AC 1.4 SPORTBACK"", ""purchase_price"": 42000}"
180,autocor,2026-03-16T17:52:01Z,LETEDDE14T,JMC,JIM,2026,28990,0,Autocor El Recreo,Manual,,,4x4,,,,,2026-03-16T17:52:01Z,PLATEADO,2.5,014458EA-1DD5-4A25-9D02-49049224D532,https://cdn.pilotsolution.net/crm/stock/autocor/14003/14003_273563_desktop.jpeg,"{""id_record"": 180, ""id"": ""014458EA-1DD5-4A25-9D02-49049224D532"", ""media"": ""https://cdn.pilotsolution.net/crm/stock/autocor/14003/14003_273563_desktop.jpeg"", ""brand"": ""JMC"", ""model"": ""JIM"", ""prices"": 28990, ""year"": 2026, ""owner"": 0, ""home"": 0, ""odometer"": 0, ""type"": ""CAMIONETA"", ""location"": ""Autocor El Recreo"", ""business_channel"": ""2500"", ""processedAt"": ""2026-03-16T17:00:28.096Z"", ""color"": ""PLATEADO"", ""accesories"": ""4x4"", ""license_plate"": ""LETEDDE14T"", ""received_flag"": ""1"", ""days_in_stock"": ""26"", ""published_in_web"": ""1"", ""engine_number"": ""008-001-000001321"", ""reserved_by_user_email"": """", ""reserved_by_user_name"": """", ""reserved_dt"": null, ""expiration_dt"": null, ""opportunity_sale_id"": """", ""factory_invoicing_dt"": ""2026-02-18T00:00:00.000Z"", ""factory_status"": """", ""status_name"": ""DISPONIBLE"", ""fuel_name"": ""Diesel"", ""availability_status_name"": ""Disponible"", ""availability_status_code"": ""1"", ""created_fullname"": ""ASISTENTE COMERCIAL SHYRIS"", ""created_dt"": ""2026-02-18T15:20:26.000Z"", ""deleted_flag"": ""0"", ""owner_branch_code"": ""Autocor El Recreo"", ""saving_plan_group"": ""CAMIONETA"", ""saving_plan_order"": ""MANUAL"", ""integration_reference_code"": """", ""version"": ""RE MAX AC 2.5 CD 4X4 TM DIESEL"", ""purchase_price"": 28990}"
181,autocor,2026-03-16T17:52:01Z,PFF5512,RENAULT,DUSTER,2023,20900,75622,Autocor Av. Orellana,Manual,,,4X4,,,,,2026-03-16T17:52:01Z,PLATEADO,1.3,10E0FBB3-99E1-4B99-82B8-0404BFE66B9A,https://cdn.pilotsolution.net/crm/stock/autocor/13995/13995_273958_desktop.jpeg,"{""id_record"": 181, ""id"": ""10E0FBB3-99E1-4B99-82B8-0404BFE66B9A"", ""media"": ""https://cdn.pilotsolution.net/crm/stock/autocor/13995/13995_273958_desktop.jpeg"", ""brand"": ""RENAULT"", ""model"": ""DUSTER"", ""prices"": 20900, ""year"": 2023, ""owner"": 1, ""home"": 0, ""odometer"": 75622, ""type"": ""SUV"", ""location"": ""Autocor Av. Orellana"", ""business_channel"": ""1300"", ""processedAt"": ""2026-03-16T17:00:28.096Z"", ""color"": ""PLATEADO"", ""accesories"": ""4X4"", ""license_plate"": ""PFF5512"", ""received_flag"": ""1"", ""days_in_stock"": ""29"", ""published_in_web"": ""1"", ""engine_number"": """", ""reserved_by_user_email"": """", ""reserved_by_user_name"": """", ""reserved_dt"": null, ""expiration_dt"": null, ""opportunity_sale_id"": """", ""factory_invoicing_dt"": ""2026-02-15T00:00:00.000Z"", ""factory_status"": ""SI"", ""status_name"": ""DISPONIBLE"", ""fuel_name"": ""Gasolina"", ""availability_status_name"": ""Disponible"", ""availability_status_code"": ""1"", ""created_fullname"": ""Ventas  Cumbaya "", ""created_dt"": ""2026-02-16T18:14:31.000Z"", ""deleted_flag"": ""0"", ""owner_branch_code"": ""Autocor Av. Orellana"", ""saving_plan_group"": ""SUV"", ""saving_plan_order"": ""MANUAL"", ""integration_reference_code"": ""C1C9617B-19B6-4307-B60F-B8C33E8FAE0B"", ""version"": ""INTENS AC 1.3T 5P 4X4 TM"", ""purchase_price"": 15540}"
182,autocor,2026-03-16T17:52:01Z,ABJ5836,CITROEN,C5,2020,18900,123000,Autocor Av. Orellana,Automática,,,4X2,,,,,2026-03-16T17:52:01Z,NARANJA,2.0,4C73D8F6-DE50-4A51-AA21-C433057C75B0,https://cdn.pilotsolution.net/crm/stock/autocor/13993/13993_273439_desktop.jpeg,"{""id_record"": 182, ""id"": ""4C73D8F6-DE50-4A51-AA21-C433057C75B0"", ""media"": ""https://cdn.pilotsolution.net/crm/stock/autocor/13993/13993_273439_desktop.jpeg"", ""brand"": ""CITROEN"", ""model"": ""C5"", ""prices"": 18900, ""year"": 2020, ""owner"": 0, ""home"": 0, ""odometer"": 123000, ""type"": ""SUV"", ""location"": ""Autocor Av. Orellana"", ""business_channel"": ""2000"", ""processedAt"": ""2026-03-16T17:00:28.096Z"", ""color"": ""NARANJA"", ""accesories"": ""4X2"", ""license_plate"": ""ABJ5836"", ""received_flag"": ""1"", ""days_in_stock"": ""29"", ""published_in_web"": ""1"", ""engine_number"": """", ""reserved_by_user_email"": """", ""reserved_by_user_name"": """", ""reserved_dt"": null, ""expiration_dt"": null, ""opportunity_sale_id"": """", ""factory_invoicing_dt"": ""2026-02-15T00:00:00.000Z"", ""factory_status"": """", ""status_name"": ""DISPONIBLE"", ""fuel_name"": ""Diesel"", ""availability_status_name"": ""Disponible"", ""availability_status_code"": ""1"", ""created_fullname"": ""Ventas  Cumbaya "", ""created_dt"": ""2026-02-16T18:03:12.000Z"", ""deleted_flag"": ""0"", ""owner_branch_code"": ""Autocor Av. Orellana"", ""saving_plan_group"": ""SUV"", ""saving_plan_order"": ""AUTOMATICA"", ""integration_reference_code"": ""577FC342-FE91-4AB0-9833-BA31CEC1BF67"", ""version"": ""AIRCROSS ACC 2.0 5P 4X2 TA DIESEL"", ""purchase_price"": 16000}"
183,autocor,2026-03-16T17:52:01Z,PDZ9645,TOYOTA,FORTUNER,2023,48900,80000,Autocor 6 de Diciembre,Automática,,,4X4,,,,,2026-03-16T17:52:01Z,BLANCO,2.7,5E165BBF-0F10-4871-B508-DC50E6747DFD,https://cdn.pilotsolution.net/crm/stock/autocor/13991/13991_273126_desktop.jpeg,"{""id_record"": 183, ""id"": ""5E165BBF-0F10-4871-B508-DC50E6747DFD"", ""media"": ""https://cdn.pilotsolution.net/crm/stock/autocor/13991/13991_273126_desktop.jpeg"", ""brand"": ""TOYOTA"", ""model"": ""FORTUNER"", ""prices"": 48900, ""year"": 2023, ""owner"": 0, ""home"": 0, ""odometer"": 80000, ""type"": ""JEEP"", ""location"": ""Autocor 6 de Diciembre"", ""business_channel"": ""2700"", ""processedAt"": ""2026-03-16T17:00:28.096Z"", ""color"": ""BLANCO"", ""accesories"": ""4X4\n"", ""license_plate"": ""PDZ9645"", ""received_flag"": ""1"", ""days_in_stock"": ""30"", ""published_in_web"": ""1"", ""engine_number"": """", ""reserved_by_user_email"": """", ""reserved_by_user_name"": """", ""reserved_dt"": null, ""expiration_dt"": null, ""opportunity_sale_id"": """", ""factory_invoicing_dt"": ""2026-02-14T00:00:00.000Z"", ""factory_status"": """", ""status_name"": ""DISPONIBLE"", ""fuel_name"": ""Gasolina"", ""availability_status_name"": ""Disponible"", ""availability_status_code"": ""1"", ""created_fullname"": ""ASISTENTE COMERCIAL 6 DICIEMBRE"", ""created_dt"": ""2026-02-16T16:47:30.000Z"", ""deleted_flag"": ""0"", ""owner_branch_code"": ""Autocor 6 de Diciembre"", ""saving_plan_group"": ""JEEP"", ""saving_plan_order"": ""AUTOMATICA"", ""integration_reference_code"": ""5CE75A0B-B0E5-4EC3-ABBC-1A93526FF11A"", ""version"": ""AC 2.7 5P 4X4 TA"", ""purchase_price"": 52000}"
184,autocor,2026-03-16T17:52:01Z,14909,CHERY,TIGGO 7,2024,23600,174,Autocor 6 de Diciembre,Automática,,,4X2,,,,,2026-03-16T17:52:01Z,NEGRO,1.5,7C39BAE4-5BD5-4C1A-9E7D-2E3FB7228948,https://cdn.pilotsolution.net/crm/stock/autocor/13989/13989_273094_desktop.jpeg,"{""id_record"": 184, ""id"": ""7C39BAE4-5BD5-4C1A-9E7D-2E3FB7228948"", ""media"": ""https://cdn.pilotsolution.net/crm/stock/autocor/13989/13989_273094_desktop.jpeg"", ""brand"": ""CHERY"", ""model"": ""TIGGO 7"", ""prices"": 23600, ""year"": 2024, ""owner"": 0, ""home"": 0, ""odometer"": 174, ""type"": ""SUV"", ""location"": ""Autocor 6 de Diciembre"", ""business_channel"": ""1500"", ""processedAt"": ""2026-03-16T17:00:28.096Z"", ""color"": ""NEGRO"", ""accesories"": ""4X2\n"", ""license_plate"": ""14909"", ""received_flag"": ""1"", ""days_in_stock"": ""31"", ""published_in_web"": ""1"", ""engine_number"": ""001-001-000011677"", ""reserved_by_user_email"": """", ""reserved_by_user_name"": """", ""reserved_dt"": null, ""expiration_dt"": null, ""opportunity_sale_id"": """", ""factory_invoicing_dt"": ""2026-02-13T00:00:00.000Z"", ""factory_status"": """", ""status_name"": ""DISPONIBLE"", ""fuel_name"": ""Hibrido "", ""availability_status_name"": ""Disponible"", ""availability_status_code"": ""1"", ""created_fullname"": ""ASISTENTE COMERCIAL 6 DICIEMBRE"", ""created_dt"": ""2026-02-16T16:28:14.000Z"", ""deleted_flag"": ""0"", ""owner_branch_code"": ""Autocor 6 de Diciembre"", ""saving_plan_group"": ""SUV"", ""saving_plan_order"": ""AUTOMATICA"", ""integration_reference_code"": ""D86FC0CC-A83E-4375-A8B2-F06DC53B694E"", ""version"": ""LUXURY AC 1.5 5P TA MILD HYBRID "", ""purchase_price"": 23600}"
185,autocor,2026-03-16T17:52:01Z,GTG2067,RAM,1500,2019,38900,49000,Autocor Guayaquil,Automática,,,4X4,,,,,2026-03-16T17:52:01Z,PLOMO,3.6,DDF46A6C-4468-4254-80FF-014D08E73C1C,https://cdn.pilotsolution.net/crm/stock/autocor/13987/13987_272867_desktop.jpeg,"{""id_record"": 185, ""id"": ""DDF46A6C-4468-4254-80FF-014D08E73C1C"", ""media"": ""https://cdn.pilotsolution.net/crm/stock/autocor/13987/13987_272867_desktop.jpeg"", ""brand"": ""RAM"", ""model"": ""1500"", ""prices"": 38900, ""year"": 2019, ""owner"": 0, ""home"": 0, ""odometer"": 49000, ""type"": ""CAMIONETAS"", ""location"": ""Autocor Guayaquil"", ""business_channel"": ""3600"", ""processedAt"": ""2026-03-16T17:00:28.096Z"", ""color"": ""PLOMO"", ""accesories"": ""4X4"", ""license_plate"": ""GTG2067"", ""received_flag"": ""1"", ""days_in_stock"": ""48"", ""published_in_web"": ""1"", ""engine_number"": """", ""reserved_by_user_email"": """", ""reserved_by_user_name"": """", ""reserved_dt"": null, ""expiration_dt"": null, ""opportunity_sale_id"": """", ""factory_invoicing_dt"": ""2026-01-27T00:00:00.000Z"", ""factory_status"": ""NO"", ""status_name"": ""DISPONIBLE"", ""fuel_name"": ""Gasolina"", ""availability_status_name"": ""Disponible"", ""availability_status_code"": ""1"", ""created_fullname"": ""VENTAS  GUAYAQUIL"", ""created_dt"": ""2026-02-15T16:55:13.000Z"", ""deleted_flag"": ""0"", ""owner_branch_code"": ""Autocor Guayaquil"", ""saving_plan_group"": ""CAMIONETAS"", ""saving_plan_order"": ""AUTOMATICA"", ""integration_reference_code"": ""32645BF2-6070-4631-88D8-110701279E4F"", ""version"": ""SLT QUAD CAB AC 3.6 CD 4X4 TA RAM DS "", ""purchase_price"": 31040}"
186,autocor,2026-03-16T17:52:01Z,GTB1832,CHEVROLET,TRAILBLAZER,2019,33400,174000,Autocor Guayaquil,Automática,,,4X4,,,,,2026-03-16T17:52:01Z,VINO,2.8,E73F8D48-E191-4056-8856-98DCC7DF9D24,https://cdn.pilotsolution.net/crm/stock/autocor/13986/13986_272839_desktop.jpeg,"{""id_record"": 186, ""id"": ""E73F8D48-E191-4056-8856-98DCC7DF9D24"", ""media"": ""https://cdn.pilotsolution.net/crm/stock/autocor/13986/13986_272839_desktop.jpeg"", ""brand"": ""CHEVROLET"", ""model"": ""TRAILBLAZER"", ""prices"": 33400, ""year"": 2019, ""owner"": 0, ""home"": 0, ""odometer"": 174000, ""type"": ""SUV"", ""location"": ""Autocor Guayaquil"", ""business_channel"": ""2800"", ""processedAt"": ""2026-03-16T17:00:28.096Z"", ""color"": ""VINO"", ""accesories"": ""4X4\n"", ""license_plate"": ""GTB1832"", ""received_flag"": ""1"", ""days_in_stock"": ""55"", ""published_in_web"": ""1"", ""engine_number"": """", ""reserved_by_user_email"": """", ""reserved_by_user_name"": """", ""reserved_dt"": null, ""expiration_dt"": null, ""opportunity_sale_id"": """", ""factory_invoicing_dt"": ""2026-01-20T00:00:00.000Z"", ""factory_status"": ""NO"", ""status_name"": ""DISPONIBLE"", ""fuel_name"": ""Diesel"", ""availability_status_name"": ""Disponible"", ""availability_status_code"": ""1"", ""created_fullname"": ""VENTAS  GUAYAQUIL"", ""created_dt"": ""2026-02-15T16:42:57.000Z"", ""deleted_flag"": ""0"", ""owner_branch_code"": ""Autocor Guayaquil"", ""saving_plan_group"": ""SUV"", ""saving_plan_order"": ""AUTOMATICA"", ""integration_reference_code"": ""1F8B3E94-1CF7-45ED-A053-DDF9EE03B4B2"", ""version"": ""AC 2.8 5P 4X4 TA DIESEL"", ""purchase_price"": 30040}"
187,autocor,2026-03-16T17:52:01Z,PDR5680,MERCEDES BENZ,A200,2020,31900,83000,Autocor Shyris,Automática,,,4X2,,,,,2026-03-16T17:52:01Z,PLATEADO,ND,E9E7C00F-F4C0-4807-B752-ABA16FC5F9BE,https://cdn.pilotsolution.net/crm/stock/autocor/13985/13985_272819_desktop.jpeg,"{""id_record"": 187, ""id"": ""E9E7C00F-F4C0-4807-B752-ABA16FC5F9BE"", ""media"": ""https://cdn.pilotsolution.net/crm/stock/autocor/13985/13985_272819_desktop.jpeg"", ""brand"": ""MERCEDES BENZ"", ""model"": ""A200"", ""prices"": 31900, ""year"": 2020, ""owner"": 0, ""home"": 0, ""odometer"": 83000, ""type"": ""HATCHBACK"", ""location"": ""Autocor Shyris"", ""business_channel"": ""1300"", ""processedAt"": ""2026-03-16T17:00:28.096Z"", ""color"": ""PLATEADO"", ""accesories"": ""4X2"", ""license_plate"": ""PDR5680"", ""received_flag"": ""0"", ""days_in_stock"": ""0"", ""published_in_web"": ""1"", ""engine_number"": ""005-001-000005051"", ""reserved_by_user_email"": """", ""reserved_by_user_name"": """", ""reserved_dt"": null, ""expiration_dt"": null, ""opportunity_sale_id"": """", ""factory_invoicing_dt"": ""2026-02-15T00:00:00.000Z"", ""factory_status"": ""NO"", ""status_name"": ""DISPONIBLE"", ""fuel_name"": ""Gasolina"", ""availability_status_name"": ""Disponible"", ""availability_status_code"": ""1"", ""created_fullname"": ""Jose Zamora"", ""created_dt"": ""2026-02-15T16:03:11.000Z"", ""deleted_flag"": ""0"", ""owner_branch_code"": ""Autocor Shyris"", ""saving_plan_group"": ""HATCHBACK"", ""saving_plan_order"": ""AUTOMATICA"", ""integration_reference_code"": ""E28CF8ED-2FB6-40B7-B24F-30F058629343"", ""version"": ""KOMPACT"", ""purchase_price"": 26300}"
188,autocor,2026-03-16T17:52:01Z,01361,JETOUR,X70,2023,26900,0,Autocor Eloy Alfaro,Manual,,,4x2,,,,,2026-03-16T17:52:01Z,BLANCO,1.5,1F44AB55-633A-4A9F-B11D-3F5B6334D8D1,https://cdn.pilotsolution.net/crm/stock/autocor/13984/13984_273269_desktop.jpeg,"{""id_record"": 188, ""id"": ""1F44AB55-633A-4A9F-B11D-3F5B6334D8D1"", ""media"": ""https://cdn.pilotsolution.net/crm/stock/autocor/13984/13984_273269_desktop.jpeg"", ""brand"": ""JETOUR"", ""model"": ""X70"", ""prices"": 26900, ""year"": 2023, ""owner"": 0, ""home"": 0, ""odometer"": 0, ""type"": ""SUV"", ""location"": ""Autocor Eloy Alfaro"", ""business_channel"": ""1500"", ""processedAt"": ""2026-03-16T17:00:28.096Z"", ""color"": ""BLANCO"", ""accesories"": ""4x2"", ""license_plate"": ""01361"", ""received_flag"": ""1"", ""days_in_stock"": ""30"", ""published_in_web"": ""1"", ""engine_number"": """", ""reserved_by_user_email"": """", ""reserved_by_user_name"": """", ""reserved_dt"": null, ""expiration_dt"": null, ""opportunity_sale_id"": """", ""factory_invoicing_dt"": ""2026-02-14T00:00:00.000Z"", ""factory_status"": """", ""status_name"": ""DISPONIBLE"", ""fuel_name"": ""Gasolina"", ""availability_status_name"": ""Disponible"", ""availability_status_code"": ""1"", ""created_fullname"": ""ASISTENTE COMERCIAL 6 DICIEMBRE"", ""created_dt"": ""2026-02-14T21:36:38.000Z"", ""deleted_flag"": ""0"", ""owner_branch_code"": ""Autocor Eloy Alfaro"", ""saving_plan_group"": ""SUV"", ""saving_plan_order"": ""MANUAL"", ""integration_reference_code"": ""C1E9BDA7-AC3B-4D0C-A68F-DCD969CFD5C2"", ""version"": ""AC 1.5 5P 4X2 TM"", ""purchase_price"": 17000}"
189,autocor,2026-03-16T17:52:01Z,021927,JETOUR,X70,2023,23400,0,Autocor Shyris,Automática,,,4x2,,,,,2026-03-16T17:52:01Z,BLANCO,1.5,F6B146E2-4A05-47A2-AA4A-DAA31829E414,https://cdn.pilotsolution.net/crm/stock/autocor/13983/13983_273358_desktop.jpeg,"{""id_record"": 189, ""id"": ""F6B146E2-4A05-47A2-AA4A-DAA31829E414"", ""media"": ""https://cdn.pilotsolution.net/crm/stock/autocor/13983/13983_273358_desktop.jpeg"", ""brand"": ""JETOUR"", ""model"": ""X70"", ""prices"": 23400, ""year"": 2023, ""owner"": 1, ""home"": 0, ""odometer"": 0, ""type"": ""SUV"", ""location"": ""Autocor Shyris"", ""business_channel"": ""1500"", ""processedAt"": ""2026-03-16T17:00:28.096Z"", ""color"": ""BLANCO"", ""accesories"": ""4x2"", ""license_plate"": ""021927"", ""received_flag"": ""1"", ""days_in_stock"": ""29"", ""published_in_web"": ""1"", ""engine_number"": """", ""reserved_by_user_email"": """", ""reserved_by_user_name"": """", ""reserved_dt"": null, ""expiration_dt"": null, ""opportunity_sale_id"": """", ""factory_invoicing_dt"": ""2026-02-15T00:00:00.000Z"", ""factory_status"": ""SI"", ""status_name"": ""DISPONIBLE"", ""fuel_name"": ""Gasolina"", ""availability_status_name"": ""Disponible"", ""availability_status_code"": ""1"", ""created_fullname"": ""ASISTENTE COMERCIAL 6 DICIEMBRE"", ""created_dt"": ""2026-02-14T21:00:03.000Z"", ""deleted_flag"": ""0"", ""owner_branch_code"": ""Autocor Shyris"", ""saving_plan_group"": ""SUV"", ""saving_plan_order"": ""AUTOMATICA"", ""integration_reference_code"": ""32B83165-95B4-44E6-AA6E-9FB5ACBCBB3C"", ""version"": ""AC 1.5 5P 4X2 TA"", ""purchase_price"": 16500}"
19,autocor,2026-03-16T17:51:58Z,PDT9953,OPEL,CROSSLAND,2022,17900,50600,Autocor Shyris,Automática,,,4X2,,,,,2026-03-16T17:51:58Z,PLOMO,1.2,8BB9F66D-FDBA-4173-AA9B-C4EEBDBF16EF,https://cdn.pilotsolution.net/crm/stock/autocor/14400/14400_282764_desktop.jpeg,"{""id_record"": 19, ""id"": ""8BB9F66D-FDBA-4173-AA9B-C4EEBDBF16EF"", ""media"": ""https://cdn.pilotsolution.net/crm/stock/autocor/14400/14400_282764_desktop.jpeg"", ""brand"": ""OPEL"", ""model"": ""CROSSLAND"", ""prices"": 17900, ""year"": 2022, ""owner"": 0, ""home"": 0, ""odometer"": 50600, ""type"": ""SUV"", ""location"": ""Autocor Shyris"", ""business_channel"": ""1200"", ""processedAt"": ""2026-03-16T17:00:28.096Z"", ""color"": ""PLOMO"", ""accesories"": ""4X2"", ""license_plate"": ""PDT9953"", ""received_flag"": ""1"", ""days_in_stock"": ""3"", ""published_in_web"": ""1"", ""engine_number"": """", ""reserved_by_user_email"": """", ""reserved_by_user_name"": """", ""reserved_dt"": null, ""expiration_dt"": null, ""opportunity_sale_id"": """", ""factory_invoicing_dt"": ""2026-03-13T00:00:00.000Z"", ""factory_status"": """", ""status_name"": ""DISPONIBLE"", ""fuel_name"": ""Gasolina"", ""availability_status_name"": ""Disponible"", ""availability_status_code"": ""1"", ""created_fullname"": ""ASISTENTE COMERCIAL SHYRIS"", ""created_dt"": ""2026-03-13T17:23:57.000Z"", ""deleted_flag"": ""0"", ""owner_branch_code"": ""Autocor Shyris"", ""saving_plan_group"": ""SUV"", ""saving_plan_order"": ""AUTOMATICA"", ""integration_reference_code"": ""9420E313-0094-4179-8B01-84A796A41852"", ""version"": ""X INNOV AC 1.2 5P 4X2 TA"", ""purchase_price"": 14000}"
190,autocor,2026-03-16T17:52:01Z,PFB2022,FORD,TERRITORY,2023,22900,27000,Autocor Cumbaya,Automática,,,4X2,,,,,2026-03-16T17:52:01Z,BLANCO,1.5,1A7B8971-6B7F-4024-8E25-F0D8DD57B1C4,https://cdn.pilotsolution.net/crm/stock/autocor/13981/13981_272789_desktop.jpeg,"{""id_record"": 190, ""id"": ""1A7B8971-6B7F-4024-8E25-F0D8DD57B1C4"", ""media"": ""https://cdn.pilotsolution.net/crm/stock/autocor/13981/13981_272789_desktop.jpeg"", ""brand"": ""FORD"", ""model"": ""TERRITORY"", ""prices"": 22900, ""year"": 2023, ""owner"": 0, ""home"": 0, ""odometer"": 27000, ""type"": ""SUV"", ""location"": ""Autocor Cumbaya"", ""business_channel"": ""1500"", ""processedAt"": ""2026-03-16T17:00:28.096Z"", ""color"": ""BLANCO"", ""accesories"": ""4X2"", ""license_plate"": ""PFB2022"", ""received_flag"": ""1"", ""days_in_stock"": ""false"", ""published_in_web"": ""1"", ""engine_number"": ""005-001-000005046"", ""reserved_by_user_email"": """", ""reserved_by_user_name"": """", ""reserved_dt"": null, ""expiration_dt"": null, ""opportunity_sale_id"": """", ""factory_invoicing_dt"": null, ""factory_status"": """", ""status_name"": ""DISPONIBLE"", ""fuel_name"": ""Gasolina"", ""availability_status_name"": ""Disponible"", ""availability_status_code"": ""1"", ""created_fullname"": ""Ventas  Cumbaya "", ""created_dt"": ""2026-02-14T19:31:02.000Z"", ""deleted_flag"": ""0"", ""owner_branch_code"": ""Autocor Cumbaya"", ""saving_plan_group"": ""SUV"", ""saving_plan_order"": ""AUTOMATICA"", ""integration_reference_code"": ""D9536EA7-55D8-4C98-8215-1F9743A8EB81"", ""version"": ""AC 1.5 5P 4X2 TA"", ""purchase_price"": 20640}"
191,autocor,2026-03-16T17:52:01Z,PDM2682,GREAT WALL,HAVAL H6,2020,18900,61800,Autocor Shyris,Automática,,,4X2,,,,,2026-03-16T17:52:01Z,NEGRO,2.0,F498A848-D8F2-4ECA-B363-7D4CF0828E04,https://cdn.pilotsolution.net/crm/stock/autocor/13979/13979_274115_desktop.jpeg,"{""id_record"": 191, ""id"": ""F498A848-D8F2-4ECA-B363-7D4CF0828E04"", ""media"": ""https://cdn.pilotsolution.net/crm/stock/autocor/13979/13979_274115_desktop.jpeg"", ""brand"": ""GREAT WALL"", ""model"": ""HAVAL H6"", ""prices"": 18900, ""year"": 2020, ""owner"": 0, ""home"": 0, ""odometer"": 61800, ""type"": ""SUV"", ""location"": ""Autocor Shyris"", ""business_channel"": ""2000"", ""processedAt"": ""2026-03-16T17:00:28.096Z"", ""color"": ""NEGRO "", ""accesories"": ""4X2"", ""license_plate"": ""PDM2682"", ""received_flag"": ""1"", ""days_in_stock"": ""24"", ""published_in_web"": ""1"", ""engine_number"": ""005-001-000004959"", ""reserved_by_user_email"": """", ""reserved_by_user_name"": """", ""reserved_dt"": null, ""expiration_dt"": null, ""opportunity_sale_id"": """", ""factory_invoicing_dt"": ""2026-02-20T00:00:00.000Z"", ""factory_status"": """", ""status_name"": ""DISPONIBLE"", ""fuel_name"": ""Gasolina"", ""availability_status_name"": ""Disponible"", ""availability_status_code"": ""1"", ""created_fullname"": ""STEVE  PACHECO"", ""created_dt"": ""2026-02-14T18:48:36.000Z"", ""deleted_flag"": ""0"", ""owner_branch_code"": ""Autocor Shyris"", ""saving_plan_group"": ""SUV"", ""saving_plan_order"": ""AUTOMATICA"", ""integration_reference_code"": ""F6C245FF-1022-4D53-B82C-2733915B675F"", ""version"": ""SUPREME AC 2.0 5P 4X2"", ""purchase_price"": 16040}"
192,autocor,2026-03-16T17:52:01Z,PDV7907,TOYOTA,4RUNNER,2019,79900,69000,Autocor Shyris,Automática,,,4X4,,,,,2026-03-16T17:52:01Z,AZUL,4.0,9FE49D39-460C-4CBE-9EEB-1CD39FF3D305,https://cdn.pilotsolution.net/crm/stock/autocor/13978/13978_272678_desktop.jpeg,"{""id_record"": 192, ""id"": ""9FE49D39-460C-4CBE-9EEB-1CD39FF3D305"", ""media"": ""https://cdn.pilotsolution.net/crm/stock/autocor/13978/13978_272678_desktop.jpeg"", ""brand"": ""TOYOTA"", ""model"": ""4RUNNER"", ""prices"": 79900, ""year"": 2019, ""owner"": 0, ""home"": 0, ""odometer"": 69000, ""type"": ""SUV"", ""location"": ""Autocor Shyris"", ""business_channel"": ""4000"", ""processedAt"": ""2026-03-16T17:00:28.096Z"", ""color"": ""AZUL"", ""accesories"": ""4X4"", ""license_plate"": ""PDV7907"", ""received_flag"": ""1"", ""days_in_stock"": ""30"", ""published_in_web"": ""1"", ""engine_number"": ""005-001-000005045"", ""reserved_by_user_email"": """", ""reserved_by_user_name"": """", ""reserved_dt"": null, ""expiration_dt"": null, ""opportunity_sale_id"": """", ""factory_invoicing_dt"": ""2026-02-14T00:00:00.000Z"", ""factory_status"": """", ""status_name"": ""DISPONIBLE"", ""fuel_name"": ""Gasolina"", ""availability_status_name"": ""Disponible"", ""availability_status_code"": ""1"", ""created_fullname"": ""ASISTENTE COMERCIAL SHYRIS"", ""created_dt"": ""2026-02-14T18:36:21.000Z"", ""deleted_flag"": ""0"", ""owner_branch_code"": ""Autocor Shyris"", ""saving_plan_group"": ""SUV"", ""saving_plan_order"": ""AUTOMATICA"", ""integration_reference_code"": ""2C35B515-2EA3-4321-B3F0-4A50EBB0C2C7"", ""version"": ""LIMITED 4.0 5P 4X4 TA"", ""purchase_price"": 79900}"
193,autocor,2026-03-16T17:52:01Z,PFL4743,CHERY,TIGGO 7,2024,19400,22500,Autocor Shyris,Automática,,,4X2,,,,,2026-03-16T17:52:01Z,ROJO,1.5,5E1B7708-2BA2-47F9-9A6E-690F82E58E8F,https://cdn.pilotsolution.net/crm/stock/autocor/13975/13975_272637_desktop.jpeg,"{""id_record"": 193, ""id"": ""5E1B7708-2BA2-47F9-9A6E-690F82E58E8F"", ""media"": ""https://cdn.pilotsolution.net/crm/stock/autocor/13975/13975_272637_desktop.jpeg"", ""brand"": ""CHERY"", ""model"": ""TIGGO 7"", ""prices"": 19400, ""year"": 2024, ""owner"": 0, ""home"": 0, ""odometer"": 22500, ""type"": ""SUV"", ""location"": ""Autocor Shyris"", ""business_channel"": ""1500"", ""processedAt"": ""2026-03-16T17:00:28.096Z"", ""color"": ""ROJO"", ""accesories"": ""4X2"", ""license_plate"": ""PFL4743"", ""received_flag"": ""1"", ""days_in_stock"": ""30"", ""published_in_web"": ""1"", ""engine_number"": """", ""reserved_by_user_email"": """", ""reserved_by_user_name"": """", ""reserved_dt"": null, ""expiration_dt"": null, ""opportunity_sale_id"": """", ""factory_invoicing_dt"": ""2026-02-14T00:00:00.000Z"", ""factory_status"": """", ""status_name"": ""DISPONIBLE"", ""fuel_name"": ""Gasolina"", ""availability_status_name"": ""Disponible"", ""availability_status_code"": ""1"", ""created_fullname"": ""ASISTENTE COMERCIAL SHYRIS"", ""created_dt"": ""2026-02-14T17:31:50.000Z"", ""deleted_flag"": ""0"", ""owner_branch_code"": ""Autocor Shyris"", ""saving_plan_group"": ""SUV"", ""saving_plan_order"": ""AUTOMATICA"", ""integration_reference_code"": ""B0C48A15-3EDD-434F-9F59-AB8CFDA9C6FC"", ""version"": ""COMFORT 1.5 5P 4X2 TA"", ""purchase_price"": 16000}"
194,autocor,2026-03-16T17:52:01Z,350023,JETOUR,X70,2023,31400,251,Autocor 6 de Diciembre,Automática,,,4X2,,,,,2026-03-16T17:52:01Z,BLANCO,1.6,0CCA9372-DC83-45D0-BD00-EDC54205E389,https://cdn.pilotsolution.net/crm/stock/autocor/13974/13974_273035_desktop.jpeg,"{""id_record"": 194, ""id"": ""0CCA9372-DC83-45D0-BD00-EDC54205E389"", ""media"": ""https://cdn.pilotsolution.net/crm/stock/autocor/13974/13974_273035_desktop.jpeg"", ""brand"": ""JETOUR"", ""model"": ""X70"", ""prices"": 31400, ""year"": 2023, ""owner"": 0, ""home"": 0, ""odometer"": 251, ""type"": ""SUV"", ""location"": ""Autocor 6 de Diciembre"", ""business_channel"": ""1600"", ""processedAt"": ""2026-03-16T17:00:28.096Z"", ""color"": ""BLANCO"", ""accesories"": ""4X2\n"", ""license_plate"": ""350023"", ""received_flag"": ""1"", ""days_in_stock"": ""30"", ""published_in_web"": ""1"", ""engine_number"": ""001-001-000011678"", ""reserved_by_user_email"": """", ""reserved_by_user_name"": """", ""reserved_dt"": null, ""expiration_dt"": null, ""opportunity_sale_id"": """", ""factory_invoicing_dt"": ""2026-02-14T00:00:00.000Z"", ""factory_status"": """", ""status_name"": ""DISPONIBLE"", ""fuel_name"": ""Gasolina"", ""availability_status_name"": ""Disponible"", ""availability_status_code"": ""1"", ""created_fullname"": ""ASISTENTE COMERCIAL 6 DICIEMBRE"", ""created_dt"": ""2026-02-14T17:31:25.000Z"", ""deleted_flag"": ""0"", ""owner_branch_code"": ""Autocor 6 de Diciembre"", ""saving_plan_group"": ""SUV"", ""saving_plan_order"": ""AUTOMATICA"", ""integration_reference_code"": ""B4D733AB-8A6F-4223-BBE4-F8EA3957DF5B"", ""version"": ""DCT AC 1.6 5P 4X2 TA  PLUS II"", ""purchase_price"": 31400}"
195,autocor,2026-03-16T17:52:01Z,PDU9516,MERCEDES BENZ,C300,2022,56900,22800,Autocor Shyris,Automática,,,4X2,,,,,2026-03-16T17:52:01Z,PLOMO,2.0,D31AAD16-525A-44D3-9D6A-5C4A383D5C50,https://cdn.pilotsolution.net/crm/stock/autocor/13973/13973_272574_desktop.jpeg,"{""id_record"": 195, ""id"": ""D31AAD16-525A-44D3-9D6A-5C4A383D5C50"", ""media"": ""https://cdn.pilotsolution.net/crm/stock/autocor/13973/13973_272574_desktop.jpeg"", ""brand"": ""MERCEDES BENZ"", ""model"": ""C300"", ""prices"": 56900, ""year"": 2022, ""owner"": 0, ""home"": 0, ""odometer"": 22800, ""type"": ""SEDAN"", ""location"": ""Autocor Shyris"", ""business_channel"": ""2000"", ""processedAt"": ""2026-03-16T17:00:28.096Z"", ""color"": ""PLOMO"", ""accesories"": ""4X2"", ""license_plate"": ""PDU9516"", ""received_flag"": ""1"", ""days_in_stock"": ""30"", ""published_in_web"": ""1"", ""engine_number"": ""005-001-000005037"", ""reserved_by_user_email"": """", ""reserved_by_user_name"": """", ""reserved_dt"": null, ""expiration_dt"": null, ""opportunity_sale_id"": """", ""factory_invoicing_dt"": ""2026-02-14T00:00:00.000Z"", ""factory_status"": """", ""status_name"": ""DISPONIBLE"", ""fuel_name"": ""Hibrido "", ""availability_status_name"": ""Disponible"", ""availability_status_code"": ""1"", ""created_fullname"": ""ASISTENTE COMERCIAL SHYRIS"", ""created_dt"": ""2026-02-14T16:41:10.000Z"", ""deleted_flag"": ""0"", ""owner_branch_code"": ""Autocor Shyris"", ""saving_plan_group"": ""SEDAN"", ""saving_plan_order"": ""AUTOMATICA"", ""integration_reference_code"": ""E9B67670-1AED-4C85-B37C-B16A038BBF16"", ""version"": ""AMG LINE II AC 2.0 4P 4X2 TA"", ""purchase_price"": 51040}"
196,autocor,2026-03-16T17:52:01Z,IBF4304,TOYOTA,YARIS,2023,19900,52000,Autocor Av. Orellana,Manual,,,4X2,,,,,2026-03-16T17:52:01Z,PLOMO,1.5,0EDA3707-6C78-4157-ACCE-9500B564BB12,https://cdn.pilotsolution.net/crm/stock/autocor/13971/13971_272521_desktop.jpeg,"{""id_record"": 196, ""id"": ""0EDA3707-6C78-4157-ACCE-9500B564BB12"", ""media"": ""https://cdn.pilotsolution.net/crm/stock/autocor/13971/13971_272521_desktop.jpeg"", ""brand"": ""TOYOTA"", ""model"": ""YARIS"", ""prices"": 19900, ""year"": 2023, ""owner"": 0, ""home"": 0, ""odometer"": 52000, ""type"": ""SEDAN"", ""location"": ""Autocor Av. Orellana"", ""business_channel"": ""1500"", ""processedAt"": ""2026-03-16T17:00:28.096Z"", ""color"": ""PLOMO"", ""accesories"": ""4X2"", ""license_plate"": ""IBF4304"", ""received_flag"": ""1"", ""days_in_stock"": ""31"", ""published_in_web"": ""1"", ""engine_number"": ""2NR5612748"", ""reserved_by_user_email"": """", ""reserved_by_user_name"": """", ""reserved_dt"": null, ""expiration_dt"": null, ""opportunity_sale_id"": """", ""factory_invoicing_dt"": ""2026-02-13T00:00:00.000Z"", ""factory_status"": """", ""status_name"": ""DISPONIBLE"", ""fuel_name"": ""Gasolina"", ""availability_status_name"": ""Disponible"", ""availability_status_code"": ""1"", ""created_fullname"": ""Carlos Rivera"", ""created_dt"": ""2026-02-14T15:24:16.000Z"", ""deleted_flag"": ""0"", ""owner_branch_code"": ""Autocor Av. Orellana"", ""saving_plan_group"": ""SEDAN"", ""saving_plan_order"": ""MANUAL"", ""integration_reference_code"": """", ""version"": ""SEDAN SD AC 1.5 4P 4X2 TM "", ""purchase_price"": 17000}"
197,autocor,2026-03-16T17:52:01Z,GSS8305,NISSAN,KICKS,2023,19900,120000,Autocor Av. Orellana,Automática,,,4X2,,,,,2026-03-16T17:52:01Z,BLANCO,1.6,888F935D-16F2-45D6-BED3-A45397456C2A,https://cdn.pilotsolution.net/crm/stock/autocor/13968/13968_272427_desktop.jpeg,"{""id_record"": 197, ""id"": ""888F935D-16F2-45D6-BED3-A45397456C2A"", ""media"": ""https://cdn.pilotsolution.net/crm/stock/autocor/13968/13968_272427_desktop.jpeg"", ""brand"": ""NISSAN"", ""model"": ""KICKS"", ""prices"": 19900, ""year"": 2023, ""owner"": 0, ""home"": 0, ""odometer"": 120000, ""type"": ""SUV"", ""location"": ""Autocor Av. Orellana"", ""business_channel"": ""1600"", ""processedAt"": ""2026-03-16T17:00:28.096Z"", ""color"": ""BLANCO"", ""accesories"": ""4X2"", ""license_plate"": ""GSS8305"", ""received_flag"": ""1"", ""days_in_stock"": ""32"", ""published_in_web"": ""1"", ""engine_number"": ""HR16563861V"", ""reserved_by_user_email"": """", ""reserved_by_user_name"": """", ""reserved_dt"": null, ""expiration_dt"": null, ""opportunity_sale_id"": """", ""factory_invoicing_dt"": ""2026-02-12T00:00:00.000Z"", ""factory_status"": """", ""status_name"": ""DISPONIBLE"", ""fuel_name"": ""Gasolina"", ""availability_status_name"": ""Disponible"", ""availability_status_code"": ""1"", ""created_fullname"": ""Carlos Rivera"", ""created_dt"": ""2026-02-14T15:01:22.000Z"", ""deleted_flag"": ""0"", ""owner_branch_code"": ""Autocor Av. Orellana"", ""saving_plan_group"": ""SUV"", ""saving_plan_order"": ""AUTOMATICA"", ""integration_reference_code"": """", ""version"": ""JEEP ADVANCE CVT AC 1.6 5P 4X2 TA "", ""purchase_price"": 0}"
198,autocor,2026-03-16T17:52:01Z,PDX7071,VOLKSWAGEN,TCROSS,2022,22900,47000,Autocor Av. Orellana,Automática,,,4X2,,,,,2026-03-16T17:52:01Z,VINO,1.6,D93E76DE-9E0C-472C-B375-68466262AE36,https://cdn.pilotsolution.net/crm/stock/autocor/13966/13966_272386_desktop.jpeg,"{""id_record"": 198, ""id"": ""D93E76DE-9E0C-472C-B375-68466262AE36"", ""media"": ""https://cdn.pilotsolution.net/crm/stock/autocor/13966/13966_272386_desktop.jpeg"", ""brand"": ""VOLKSWAGEN"", ""model"": ""TCROSS"", ""prices"": 22900, ""year"": 2022, ""owner"": 0, ""home"": 0, ""odometer"": 47000, ""type"": ""SUV"", ""location"": ""Autocor Av. Orellana"", ""business_channel"": ""1600"", ""processedAt"": ""2026-03-16T17:00:28.096Z"", ""color"": ""VINO"", ""accesories"": ""4X2"", ""license_plate"": ""PDX7071"", ""received_flag"": ""1"", ""days_in_stock"": ""32"", ""published_in_web"": ""1"", ""engine_number"": ""CWS568032"", ""reserved_by_user_email"": """", ""reserved_by_user_name"": """", ""reserved_dt"": null, ""expiration_dt"": null, ""opportunity_sale_id"": """", ""factory_invoicing_dt"": ""2026-02-12T00:00:00.000Z"", ""factory_status"": """", ""status_name"": ""DISPONIBLE"", ""fuel_name"": ""Gasolina"", ""availability_status_name"": ""Disponible"", ""availability_status_code"": ""1"", ""created_fullname"": ""Carlos Rivera"", ""created_dt"": ""2026-02-14T14:53:43.000Z"", ""deleted_flag"": ""0"", ""owner_branch_code"": ""Autocor Av. Orellana"", ""saving_plan_group"": ""SUV"", ""saving_plan_order"": ""AUTOMATICA"", ""integration_reference_code"": """", ""version"": ""JEEP HIGHLINE AC 1.6 5P 4X2 TA"", ""purchase_price"": 0}"
199,autocor,2026-03-16T17:52:01Z,PFN7048,CHEVROLET,ONIX,2025,17400,15100,Autocor La Prensa,Manual,,,4X2,,,,,2026-03-16T17:52:01Z,AZUL,1.0,0DE32761-09D0-4EAE-96B2-71C7FD9B55FE,https://cdn.pilotsolution.net/crm/stock/autocor/13950/13950_272049_desktop.jpeg,"{""id_record"": 199, ""id"": ""0DE32761-09D0-4EAE-96B2-71C7FD9B55FE"", ""media"": ""https://cdn.pilotsolution.net/crm/stock/autocor/13950/13950_272049_desktop.jpeg"", ""brand"": ""CHEVROLET"", ""model"": ""ONIX"", ""prices"": 17400, ""year"": 2025, ""owner"": 0, ""home"": 0, ""odometer"": 15100, ""type"": ""SEDAN"", ""location"": ""Autocor La Prensa"", ""business_channel"": ""1000"", ""processedAt"": ""2026-03-16T17:00:28.096Z"", ""color"": ""AZUL"", ""accesories"": ""4X2"", ""license_plate"": ""PFN7048"", ""received_flag"": ""1"", ""days_in_stock"": ""36"", ""published_in_web"": ""1"", ""engine_number"": """", ""reserved_by_user_email"": """", ""reserved_by_user_name"": """", ""reserved_dt"": null, ""expiration_dt"": null, ""opportunity_sale_id"": """", ""factory_invoicing_dt"": ""2026-02-08T00:00:00.000Z"", ""factory_status"": """", ""status_name"": ""DISPONIBLE"", ""fuel_name"": ""Gasolina"", ""availability_status_name"": ""Disponible"", ""availability_status_code"": ""1"", ""created_fullname"": ""PAUL MEJIA"", ""created_dt"": ""2026-02-12T20:25:07.000Z"", ""deleted_flag"": ""0"", ""owner_branch_code"": ""Autocor La Prensa"", ""saving_plan_group"": ""SEDAN"", ""saving_plan_order"": ""MANUAL"", ""integration_reference_code"": ""6EC61B56-AE00-4F92-85CA-436532CD6191"", ""version"": ""LTZ TURBO AC 1.0 4P 4X2 TM"", ""purchase_price"": 17900}"
2,autocor,2026-03-16T17:51:58Z,GTH6011,CHEVROLET,CAPTIVA,2022,0,1000000,No disponible,Manual,,,ND,,,,,2026-03-16T17:51:58Z,BLANCO,1.5,F7F3221E-D8BE-4C9F-AFE3-A32A59F821BC,,"{""id_record"": 2, ""id"": ""F7F3221E-D8BE-4C9F-AFE3-A32A59F821BC"", ""media"": null, ""brand"": ""CHEVROLET"", ""model"": ""CAPTIVA"", ""prices"": 0, ""year"": 2022, ""owner"": 0, ""home"": 0, ""odometer"": 1000000, ""type"": """", ""location"": ""No disponible"", ""business_channel"": ""Usados"", ""processedAt"": ""2026-03-16T17:00:28.096Z"", ""color"": ""BLANCO"", ""accesories"": """", ""license_plate"": ""GTH6011"", ""received_flag"": ""0"", ""days_in_stock"": ""0"", ""published_in_web"": ""0"", ""engine_number"": """", ""reserved_by_user_email"": """", ""reserved_by_user_name"": """", ""reserved_dt"": null, ""expiration_dt"": null, ""opportunity_sale_id"": """", ""factory_invoicing_dt"": null, ""factory_status"": """", ""status_name"": """", ""fuel_name"": """", ""availability_status_name"": ""Disponible"", ""availability_status_code"": ""1"", ""created_fullname"": ""VENTAS  GUAYAQUIL"", ""created_dt"": ""2026-03-16T16:01:23.000Z"", ""deleted_flag"": ""0"", ""owner_branch_code"": """", ""saving_plan_group"": """", ""saving_plan_order"": """", ""integration_reference_code"": ""C9CF655A-E871-4F72-9E5C-85124B11ABAB"", ""version"": ""TURBO 5PAS AC 1.5 5P 4X2 TM\tTURBO 5PAS AC 1.5 5P 4X2 TM"", ""purchase_price"": 14040}"
20,autocor,2026-03-16T17:51:58Z,GTG6135,KIA,SPORTAGE,2020,22900,87000,Autocor Guayaquil,Manual,,,4X2,,,,,2026-03-16T17:51:58Z,PLOMO,2.0,8797CB8A-BFB7-433C-80D3-B867214B639E,https://cdn.pilotsolution.net/crm/stock/autocor/14398/14398_282715_desktop.jpeg,"{""id_record"": 20, ""id"": ""8797CB8A-BFB7-433C-80D3-B867214B639E"", ""media"": ""https://cdn.pilotsolution.net/crm/stock/autocor/14398/14398_282715_desktop.jpeg"", ""brand"": ""KIA"", ""model"": ""SPORTAGE"", ""prices"": 22900, ""year"": 2020, ""owner"": 0, ""home"": 1, ""odometer"": 87000, ""type"": ""SUV"", ""location"": ""Autocor Guayaquil"", ""business_channel"": ""2000"", ""processedAt"": ""2026-03-16T17:00:28.096Z"", ""color"": ""PLOMO"", ""accesories"": ""4X2"", ""license_plate"": ""GTG6135"", ""received_flag"": ""1"", ""days_in_stock"": ""false"", ""published_in_web"": ""1"", ""engine_number"": """", ""reserved_by_user_email"": """", ""reserved_by_user_name"": """", ""reserved_dt"": null, ""expiration_dt"": null, ""opportunity_sale_id"": """", ""factory_invoicing_dt"": null, ""factory_status"": ""NO"", ""status_name"": ""DISPONIBLE"", ""fuel_name"": ""Gasolina"", ""availability_status_name"": ""Disponible"", ""availability_status_code"": ""1"", ""created_fullname"": ""FRANCISCO AROCA"", ""created_dt"": ""2026-03-13T16:51:56.000Z"", ""deleted_flag"": ""0"", ""owner_branch_code"": ""Autocor Guayaquil"", ""saving_plan_group"": ""SUV"", ""saving_plan_order"": ""MANUAL"", ""integration_reference_code"": """", ""version"": ""LX AC 2.0 5P 4X2 TM"", ""purchase_price"": 0}"
200,autocor,2026-03-16T17:52:01Z,GSZ2018,JEEP,WRANGLER,2018,59900,57000,Autocor Guayaquil,Automática,,,4X4,,,,,2026-03-16T17:52:01Z,BLANCO,3.6,AD30A6C7-AD28-4F4C-8DE4-24AF62164E73,https://cdn.pilotsolution.net/crm/stock/autocor/13944/13944_271768_desktop.jpeg,"{""id_record"": 200, ""id"": ""AD30A6C7-AD28-4F4C-8DE4-24AF62164E73"", ""media"": ""https://cdn.pilotsolution.net/crm/stock/autocor/13944/13944_271768_desktop.jpeg"", ""brand"": ""JEEP"", ""model"": ""WRANGLER"", ""prices"": 59900, ""year"": 2018, ""owner"": 0, ""home"": 1, ""odometer"": 57000, ""type"": ""JEEP"", ""location"": ""Autocor Guayaquil"", ""business_channel"": ""3600"", ""processedAt"": ""2026-03-16T17:00:28.096Z"", ""color"": ""BLANCO"", ""accesories"": ""4X4"", ""license_plate"": ""GSZ2018"", ""received_flag"": ""1"", ""days_in_stock"": ""46"", ""published_in_web"": ""1"", ""engine_number"": """", ""reserved_by_user_email"": """", ""reserved_by_user_name"": """", ""reserved_dt"": null, ""expiration_dt"": null, ""opportunity_sale_id"": """", ""factory_invoicing_dt"": ""2026-01-29T00:00:00.000Z"", ""factory_status"": ""NO"", ""status_name"": ""DISPONIBLE"", ""fuel_name"": ""Gasolina"", ""availability_status_name"": ""Disponible"", ""availability_status_code"": ""1"", ""created_fullname"": ""FRANCISCO AROCA"", ""created_dt"": ""2026-02-11T23:40:46.000Z"", ""deleted_flag"": ""0"", ""owner_branch_code"": ""Autocor Guayaquil"", ""saving_plan_group"": ""JEEP"", ""saving_plan_order"": ""AUTOMATICA"", ""integration_reference_code"": """", ""version"": ""UNLIMITED SPORT AC 3.6 5P 4X4 TA"", ""purchase_price"": 0}"
201,autocor,2026-03-16T17:52:01Z,PFO5380,KIA,SELTOS,2026,26600,3800,Autocor Valle de los Chillos,Manual,,,4X2,,,,,2026-03-16T17:52:01Z,PLATEADO,1.5,10AF0BFD-21A5-45D8-A284-8F879F0ECDF5,https://cdn.pilotsolution.net/crm/stock/autocor/13941/13941_274065_desktop.jpeg,"{""id_record"": 201, ""id"": ""10AF0BFD-21A5-45D8-A284-8F879F0ECDF5"", ""media"": ""https://cdn.pilotsolution.net/crm/stock/autocor/13941/13941_274065_desktop.jpeg"", ""brand"": ""KIA"", ""model"": ""SELTOS"", ""prices"": 26600, ""year"": 2026, ""owner"": 0, ""home"": 1, ""odometer"": 3800, ""type"": ""SUV"", ""location"": ""Autocor Valle de los Chillos"", ""business_channel"": ""1500"", ""processedAt"": ""2026-03-16T17:00:28.096Z"", ""color"": ""PLATEADO"", ""accesories"": ""4X2"", ""license_plate"": ""PFO5380"", ""received_flag"": ""1"", ""days_in_stock"": ""25"", ""published_in_web"": ""1"", ""engine_number"": ""006-001-000002348"", ""reserved_by_user_email"": """", ""reserved_by_user_name"": """", ""reserved_dt"": null, ""expiration_dt"": null, ""opportunity_sale_id"": """", ""factory_invoicing_dt"": ""2026-02-19T00:00:00.000Z"", ""factory_status"": ""NO"", ""status_name"": ""DISPONIBLE"", ""fuel_name"": ""Gasolina"", ""availability_status_name"": ""Disponible"", ""availability_status_code"": ""1"", ""created_fullname"": ""Fernando Colimba"", ""created_dt"": ""2026-02-11T22:16:34.000Z"", ""deleted_flag"": ""0"", ""owner_branch_code"": ""Autocor Valle de los Chillos"", ""saving_plan_group"": ""SUV"", ""saving_plan_order"": ""MANUAL"", ""integration_reference_code"": ""016437AD-9B38-4A63-946B-7CCE5BDF75A6"", ""version"": ""AC 1.5 5P 4X2 TM"", ""purchase_price"": 23500}"
202,autocor,2026-03-16T17:52:01Z,PFD4310,CHERY,TIGGO 7,2024,19400,22000,Autocor La Prensa,Manual,,,4X2,,,,,2026-03-16T17:52:01Z,PLATEADO,1.5,25D8E129-6830-4D05-9265-66C90866FECF,https://cdn.pilotsolution.net/crm/stock/autocor/13940/13940_271870_desktop.jpeg,"{""id_record"": 202, ""id"": ""25D8E129-6830-4D05-9265-66C90866FECF"", ""media"": ""https://cdn.pilotsolution.net/crm/stock/autocor/13940/13940_271870_desktop.jpeg"", ""brand"": ""CHERY"", ""model"": ""TIGGO 7"", ""prices"": 19400, ""year"": 2024, ""owner"": 0, ""home"": 0, ""odometer"": 22000, ""type"": ""SUV"", ""location"": ""Autocor La Prensa"", ""business_channel"": ""1500"", ""processedAt"": ""2026-03-16T17:00:28.096Z"", ""color"": ""PLATEADO"", ""accesories"": ""4X2"", ""license_plate"": ""PFD4310"", ""received_flag"": ""1"", ""days_in_stock"": ""33"", ""published_in_web"": ""1"", ""engine_number"": """", ""reserved_by_user_email"": """", ""reserved_by_user_name"": """", ""reserved_dt"": null, ""expiration_dt"": null, ""opportunity_sale_id"": """", ""factory_invoicing_dt"": ""2026-02-11T00:00:00.000Z"", ""factory_status"": """", ""status_name"": ""DISPONIBLE"", ""fuel_name"": ""Gasolina"", ""availability_status_name"": ""Disponible"", ""availability_status_code"": ""1"", ""created_fullname"": ""VENTAS LA PRENSA"", ""created_dt"": ""2026-02-11T22:06:45.000Z"", ""deleted_flag"": ""0"", ""owner_branch_code"": ""Autocor La Prensa"", ""saving_plan_group"": ""SUV"", ""saving_plan_order"": ""MANUAL"", ""integration_reference_code"": ""34397F2E-8E32-4894-B0E0-F9AF2B6B676A"", ""version"": ""AC 1.5 5P 4X2 TM"", ""purchase_price"": 17200}"
203,autocor,2026-03-16T17:52:01Z,GTI3610,PEUGEOT,2008,2022,18900,54512,Autocor Guayaquil,Manual,,,4X2,,,,,2026-03-16T17:52:01Z,PLOMO,1.2,32D33CDC-7BFB-4422-8929-DB530E2C0F52,https://cdn.pilotsolution.net/crm/stock/autocor/13938/13938_275712_desktop.jpeg,"{""id_record"": 203, ""id"": ""32D33CDC-7BFB-4422-8929-DB530E2C0F52"", ""media"": ""https://cdn.pilotsolution.net/crm/stock/autocor/13938/13938_275712_desktop.jpeg"", ""brand"": ""PEUGEOT"", ""model"": ""2008"", ""prices"": 18900, ""year"": 2022, ""owner"": 0, ""home"": 0, ""odometer"": 54512, ""type"": ""CROSSOVER"", ""location"": ""Autocor Guayaquil"", ""business_channel"": ""1200"", ""processedAt"": ""2026-03-16T17:00:28.096Z"", ""color"": ""PLOMO"", ""accesories"": ""4X2"", ""license_plate"": ""GTI3610"", ""received_flag"": ""1"", ""days_in_stock"": ""21"", ""published_in_web"": ""1"", ""engine_number"": """", ""reserved_by_user_email"": """", ""reserved_by_user_name"": """", ""reserved_dt"": null, ""expiration_dt"": null, ""opportunity_sale_id"": """", ""factory_invoicing_dt"": ""2026-02-23T00:00:00.000Z"", ""factory_status"": """", ""status_name"": ""DISPONIBLE"", ""fuel_name"": ""Gasolina"", ""availability_status_name"": ""Disponible"", ""availability_status_code"": ""1"", ""created_fullname"": ""DAVID  RAMIREZ"", ""created_dt"": ""2026-02-11T21:19:38.000Z"", ""deleted_flag"": ""0"", ""owner_branch_code"": ""Autocor Guayaquil"", ""saving_plan_group"": ""CROSSOVER"", ""saving_plan_order"": ""MANUAL"", ""integration_reference_code"": ""D4EFFC44-C71C-4293-BF73-4AE779E6BC78"", ""version"": ""FIN H 12E BM6 AC 1.2 5P 4X2 TM"", ""purchase_price"": 16500}"
204,autocor,2026-03-16T17:52:01Z,GSW6506,CHERY,TIGGO 7,2024,18900,14216,Autocor Guayaquil,Manual,,,4X2,,,,,2026-03-16T17:52:01Z,BLANCO,1.5,FEAA8CA7-EA31-4A45-8CA1-46F45A063C50,https://cdn.pilotsolution.net/crm/stock/autocor/13937/13937_272123_desktop.jpeg,"{""id_record"": 204, ""id"": ""FEAA8CA7-EA31-4A45-8CA1-46F45A063C50"", ""media"": ""https://cdn.pilotsolution.net/crm/stock/autocor/13937/13937_272123_desktop.jpeg"", ""brand"": ""CHERY"", ""model"": ""TIGGO 7"", ""prices"": 18900, ""year"": 2024, ""owner"": 0, ""home"": 0, ""odometer"": 14216, ""type"": ""SUV"", ""location"": ""Autocor Guayaquil"", ""business_channel"": ""1500"", ""processedAt"": ""2026-03-16T17:00:28.096Z"", ""color"": ""BLANCO"", ""accesories"": ""4X2\n"", ""license_plate"": ""GSW6506"", ""received_flag"": ""1"", ""days_in_stock"": ""48"", ""published_in_web"": ""1"", ""engine_number"": """", ""reserved_by_user_email"": """", ""reserved_by_user_name"": """", ""reserved_dt"": null, ""expiration_dt"": null, ""opportunity_sale_id"": """", ""factory_invoicing_dt"": ""2026-01-27T00:00:00.000Z"", ""factory_status"": ""NO"", ""status_name"": ""DISPONIBLE"", ""fuel_name"": ""Gasolina"", ""availability_status_name"": ""Disponible"", ""availability_status_code"": ""1"", ""created_fullname"": ""VENTAS  GUAYAQUIL"", ""created_dt"": ""2026-02-11T20:07:50.000Z"", ""deleted_flag"": ""0"", ""owner_branch_code"": ""Autocor Guayaquil"", ""saving_plan_group"": ""SUV"", ""saving_plan_order"": ""MANUAL"", ""integration_reference_code"": ""77E2BEB5-1D05-4A92-92A4-3A2A47AAF92B"", ""version"": ""PRO AC 1.5 5P 4X2 TM"", ""purchase_price"": 16540}"
205,autocor,2026-03-16T17:52:01Z,ABK9661,RAM,1500,2022,46900,110000,Autocor Guayaquil,Automática,,,4X2,,,,,2026-03-16T17:52:01Z,VINO,3.6,CDF26B55-8A35-47DE-9B34-68022FA12D9B,https://cdn.pilotsolution.net/crm/stock/autocor/13936/13936_272921_desktop.jpeg,"{""id_record"": 205, ""id"": ""CDF26B55-8A35-47DE-9B34-68022FA12D9B"", ""media"": ""https://cdn.pilotsolution.net/crm/stock/autocor/13936/13936_272921_desktop.jpeg"", ""brand"": ""RAM"", ""model"": ""1500"", ""prices"": 46900, ""year"": 2022, ""owner"": 0, ""home"": 1, ""odometer"": 110000, ""type"": ""CAMIONETA"", ""location"": ""Autocor Guayaquil"", ""business_channel"": ""3600"", ""processedAt"": ""2026-03-16T17:00:28.096Z"", ""color"": ""VINO"", ""accesories"": ""4X2"", ""license_plate"": ""ABK9661"", ""received_flag"": ""1"", ""days_in_stock"": ""38"", ""published_in_web"": ""1"", ""engine_number"": ""GNN395897"", ""reserved_by_user_email"": """", ""reserved_by_user_name"": """", ""reserved_dt"": null, ""expiration_dt"": null, ""opportunity_sale_id"": """", ""factory_invoicing_dt"": ""2026-02-06T00:00:00.000Z"", ""factory_status"": ""NO"", ""status_name"": ""DISPONIBLE"", ""fuel_name"": ""Gasolina"", ""availability_status_name"": ""Disponible"", ""availability_status_code"": ""1"", ""created_fullname"": ""VENTAS  GUAYAQUIL"", ""created_dt"": ""2026-02-11T20:01:09.000Z"", ""deleted_flag"": ""0"", ""owner_branch_code"": ""Autocor Guayaquil"", ""saving_plan_group"": ""CAMIONETA"", ""saving_plan_order"": ""AUTOMATICA"", ""integration_reference_code"": ""3AC1518B-2771-4E49-9A99-31C6F3736AEB"", ""version"": ""ETORQUE CREW CAB AC 3.6 CD 4X4 TA HYBRID"", ""purchase_price"": 42040}"
206,autocor,2026-03-16T17:52:01Z,PDM2589,SUZUKI,GRAND VITARA,2019,17600,93000,Autocor Valle de los Chillos,Manual,,,4X2,,,,,2026-03-16T17:52:01Z,DORADO,2.0,28BE631A-EC69-4FFE-80C0-AF313F56F1E2,https://cdn.pilotsolution.net/crm/stock/autocor/13934/13934_282374_desktop.jpeg,"{""id_record"": 206, ""id"": ""28BE631A-EC69-4FFE-80C0-AF313F56F1E2"", ""media"": ""https://cdn.pilotsolution.net/crm/stock/autocor/13934/13934_282374_desktop.jpeg"", ""brand"": ""SUZUKI"", ""model"": ""GRAND VITARA"", ""prices"": 17600, ""year"": 2019, ""owner"": 0, ""home"": 0, ""odometer"": 93000, ""type"": ""SUV"", ""location"": ""Autocor Valle de los Chillos"", ""business_channel"": ""2000"", ""processedAt"": ""2026-03-16T17:00:28.096Z"", ""color"": ""DORADO"", ""accesories"": ""4X2"", ""license_plate"": ""PDM2589"", ""received_flag"": ""1"", ""days_in_stock"": ""24"", ""published_in_web"": ""1"", ""engine_number"": ""006-001-000002340"", ""reserved_by_user_email"": """", ""reserved_by_user_name"": """", ""reserved_dt"": null, ""expiration_dt"": null, ""opportunity_sale_id"": """", ""factory_invoicing_dt"": ""2026-02-20T00:00:00.000Z"", ""factory_status"": ""NO"", ""status_name"": ""DISPONIBLE"", ""fuel_name"": ""Gasolina"", ""availability_status_name"": ""Disponible"", ""availability_status_code"": ""1"", ""created_fullname"": ""CARLOS  LOAYZA"", ""created_dt"": ""2026-02-11T17:19:50.000Z"", ""deleted_flag"": ""0"", ""owner_branch_code"": ""Autocor Valle de los Chillos"", ""saving_plan_group"": ""SUV"", ""saving_plan_order"": ""MANUAL"", ""integration_reference_code"": ""7A2917AA-F697-4015-8DB7-39AADA209617"", ""version"": ""AC 2.0 5P 4X2 TM"", ""purchase_price"": 15100}"
207,autocor,2026-03-16T17:52:01Z,PDW2657,CHEVROLET,D-MAX,2022,33900,65000,Autocor El Recreo,Manual,,,4X4,,,,,2026-03-16T17:52:01Z,BLANCO,2.5,C795C531-C4E9-4D58-AAFA-81BAD736798D,https://cdn.pilotsolution.net/crm/stock/autocor/13932/13932_274344_desktop.jpeg,"{""id_record"": 207, ""id"": ""C795C531-C4E9-4D58-AAFA-81BAD736798D"", ""media"": ""https://cdn.pilotsolution.net/crm/stock/autocor/13932/13932_274344_desktop.jpeg"", ""brand"": ""CHEVROLET"", ""model"": ""D-MAX"", ""prices"": 33900, ""year"": 2022, ""owner"": 0, ""home"": 0, ""odometer"": 65000, ""type"": ""CAMIONETA"", ""location"": ""Autocor El Recreo"", ""business_channel"": ""2500"", ""processedAt"": ""2026-03-16T17:00:28.096Z"", ""color"": ""BLANCO"", ""accesories"": ""4X4"", ""license_plate"": ""PDW2657"", ""received_flag"": ""1"", ""days_in_stock"": ""false"", ""published_in_web"": ""1"", ""engine_number"": ""008-001-00 00013309"", ""reserved_by_user_email"": """", ""reserved_by_user_name"": """", ""reserved_dt"": null, ""expiration_dt"": null, ""opportunity_sale_id"": """", ""factory_invoicing_dt"": null, ""factory_status"": """", ""status_name"": ""DISPONIBLE"", ""fuel_name"": ""Diesel"", ""availability_status_name"": ""Disponible"", ""availability_status_code"": ""1"", ""created_fullname"": ""IVAN CRIOLLO"", ""created_dt"": ""2026-02-11T15:31:32.000Z"", ""deleted_flag"": ""0"", ""owner_branch_code"": ""Autocor El Recreo"", ""saving_plan_group"": ""CAMIONETA"", ""saving_plan_order"": ""MANUAL"", ""integration_reference_code"": ""E3A83FF4-FF57-4B95-8FB7-8B6FC7B996D2"", ""version"": ""CRDI 2.5 CD 4X4 TM DIESEL"", ""purchase_price"": 28900}"
208,autocor,2026-03-16T17:52:01Z,PDQ9224,BAIC,X35,2021,14400,57000,Autocor Av. Orellana,Manual,,,4X2,,,,,2026-03-16T17:52:01Z,BLANCO,1.5,06198F6E-8823-4262-96D1-DFD928CED901,https://cdn.pilotsolution.net/crm/stock/autocor/13929/13929_271524_desktop.jpeg,"{""id_record"": 208, ""id"": ""06198F6E-8823-4262-96D1-DFD928CED901"", ""media"": ""https://cdn.pilotsolution.net/crm/stock/autocor/13929/13929_271524_desktop.jpeg"", ""brand"": ""BAIC"", ""model"": ""X35"", ""prices"": 14400, ""year"": 2021, ""owner"": 0, ""home"": 0, ""odometer"": 57000, ""type"": ""SUV"", ""location"": ""Autocor Av. Orellana"", ""business_channel"": ""1500"", ""processedAt"": ""2026-03-16T17:00:28.096Z"", ""color"": ""BLANCO"", ""accesories"": ""4X2"", ""license_plate"": ""PDQ9224"", ""received_flag"": ""1"", ""days_in_stock"": ""34"", ""published_in_web"": ""1"", ""engine_number"": ""A151BM10L009366"", ""reserved_by_user_email"": """", ""reserved_by_user_name"": """", ""reserved_dt"": null, ""expiration_dt"": null, ""opportunity_sale_id"": """", ""factory_invoicing_dt"": ""2026-02-10T00:00:00.000Z"", ""factory_status"": """", ""status_name"": ""DISPONIBLE"", ""fuel_name"": ""Gasolina"", ""availability_status_name"": ""Disponible"", ""availability_status_code"": ""1"", ""created_fullname"": ""Carlos Rivera"", ""created_dt"": ""2026-02-11T14:27:41.000Z"", ""deleted_flag"": ""0"", ""owner_branch_code"": ""Autocor Av. Orellana"", ""saving_plan_group"": ""SUV"", ""saving_plan_order"": ""MANUAL"", ""integration_reference_code"": """", ""version"": ""SUV  ELITE AC 1.5 5P 4X2 TM "", ""purchase_price"": 0}"
209,autocor,2026-03-16T17:52:01Z,PDI6024,MAZDA,6,2018,21600,61000,Autocor Valle de los Chillos,Automática,,,4X2,,,,,2026-03-16T17:52:01Z,AZUL,2.0,762D3E3D-C51E-4F0D-8DC5-8E3CB043B4DA,https://cdn.pilotsolution.net/crm/stock/autocor/13928/13928_271550_desktop.jpeg,"{""id_record"": 209, ""id"": ""762D3E3D-C51E-4F0D-8DC5-8E3CB043B4DA"", ""media"": ""https://cdn.pilotsolution.net/crm/stock/autocor/13928/13928_271550_desktop.jpeg"", ""brand"": ""MAZDA"", ""model"": ""6"", ""prices"": 21600, ""year"": 2018, ""owner"": 0, ""home"": 0, ""odometer"": 61000, ""type"": ""SEDAN"", ""location"": ""Autocor Valle de los Chillos"", ""business_channel"": ""2000"", ""processedAt"": ""2026-03-16T17:00:28.096Z"", ""color"": ""AZUL"", ""accesories"": ""4X2"", ""license_plate"": ""PDI6024"", ""received_flag"": ""1"", ""days_in_stock"": ""33"", ""published_in_web"": ""1"", ""engine_number"": ""006-001-000002337"", ""reserved_by_user_email"": """", ""reserved_by_user_name"": """", ""reserved_dt"": null, ""expiration_dt"": null, ""opportunity_sale_id"": """", ""factory_invoicing_dt"": ""2026-02-11T00:00:00.000Z"", ""factory_status"": ""NO"", ""status_name"": ""DISPONIBLE"", ""fuel_name"": ""Gasolina"", ""availability_status_name"": ""Disponible"", ""availability_status_code"": ""1"", ""created_fullname"": ""VENTAS VALLE CHILLOS"", ""created_dt"": ""2026-02-10T22:56:46.000Z"", ""deleted_flag"": ""0"", ""owner_branch_code"": ""Autocor Valle de los Chillos"", ""saving_plan_group"": ""SEDAN"", ""saving_plan_order"": ""AUTOMÁTICA"", ""integration_reference_code"": ""C6218682-9B05-4A1F-80D5-71AAC660D05B"", ""version"": ""AC 2.0 4P 4X2 TA"", ""purchase_price"": 18000}"
21,autocor,2026-03-16T17:51:59Z,GTG7922,Mercedes Benz,GLC 200,2020,49900,10185,Autocor Guayaquil,Automática,,,4X4,,,,,2026-03-16T17:51:59Z,Blanco,2.0,81535A96-6822-44D3-8F7A-67AF82C5FBAB,https://cdn.pilotsolution.net/crm/stock/autocor/14397/14397_283371_desktop.jpeg,"{""id_record"": 21, ""id"": ""81535A96-6822-44D3-8F7A-67AF82C5FBAB"", ""media"": ""https://cdn.pilotsolution.net/crm/stock/autocor/14397/14397_283371_desktop.jpeg"", ""brand"": ""Mercedes Benz"", ""model"": ""GLC 200"", ""prices"": 49900, ""year"": 2020, ""owner"": 0, ""home"": 1, ""odometer"": 10185, ""type"": ""SUV"", ""location"": ""Autocor Guayaquil"", ""business_channel"": ""2000"", ""processedAt"": ""2026-03-16T17:00:28.096Z"", ""color"": ""Blanco"", ""accesories"": ""4X4"", ""license_plate"": ""GTG7922"", ""received_flag"": ""1"", ""days_in_stock"": ""false"", ""published_in_web"": ""1"", ""engine_number"": """", ""reserved_by_user_email"": """", ""reserved_by_user_name"": """", ""reserved_dt"": null, ""expiration_dt"": null, ""opportunity_sale_id"": """", ""factory_invoicing_dt"": null, ""factory_status"": ""NO"", ""status_name"": ""DISPONIBLE"", ""fuel_name"": ""Gasolina"", ""availability_status_name"": ""Disponible"", ""availability_status_code"": ""1"", ""created_fullname"": ""VENTAS  GUAYAQUIL"", ""created_dt"": ""2026-03-13T16:17:29.000Z"", ""deleted_flag"": ""0"", ""owner_branch_code"": ""Autocor Guayaquil"", ""saving_plan_group"": ""SUV"", ""saving_plan_order"": ""AUTOMATICA"", ""integration_reference_code"": ""3AC1A1F3-330D-439A-9F2A-14E7AE678F14"", ""version"": ""Básico AC 2.0 5P 4X4 TA"", ""purchase_price"": 43040}"
210,autocor,2026-03-16T17:52:01Z,PDJ5027,KIA,RIO,2019,15900,124900,Autocor Valle de los Chillos,Manual,,,4X2,,,,,2026-03-16T17:52:01Z,NEGRO,1.4,421FD18A-9192-4145-81B0-06D1BDFC4AF9,https://cdn.pilotsolution.net/crm/stock/autocor/13921/13921_278140_desktop.jpeg,"{""id_record"": 210, ""id"": ""421FD18A-9192-4145-81B0-06D1BDFC4AF9"", ""media"": ""https://cdn.pilotsolution.net/crm/stock/autocor/13921/13921_278140_desktop.jpeg"", ""brand"": ""KIA"", ""model"": ""RIO"", ""prices"": 15900, ""year"": 2019, ""owner"": 0, ""home"": 0, ""odometer"": 124900, ""type"": ""SEDAN"", ""location"": ""Autocor Valle de los Chillos"", ""business_channel"": ""1400"", ""processedAt"": ""2026-03-16T17:00:28.096Z"", ""color"": ""NEGRO"", ""accesories"": ""4X2"", ""license_plate"": ""PDJ5027"", ""received_flag"": ""1"", ""days_in_stock"": ""13"", ""published_in_web"": ""1"", ""engine_number"": ""006-001-000002333"", ""reserved_by_user_email"": """", ""reserved_by_user_name"": """", ""reserved_dt"": null, ""expiration_dt"": null, ""opportunity_sale_id"": """", ""factory_invoicing_dt"": ""2026-03-03T00:00:00.000Z"", ""factory_status"": ""NO"", ""status_name"": ""DISPONIBLE"", ""fuel_name"": ""Gasolina"", ""availability_status_name"": ""Disponible"", ""availability_status_code"": ""1"", ""created_fullname"": ""CARLOS  LOAYZA"", ""created_dt"": ""2026-02-10T20:54:11.000Z"", ""deleted_flag"": ""0"", ""owner_branch_code"": ""Autocor Valle de los Chillos"", ""saving_plan_group"": ""SEDAN"", ""saving_plan_order"": ""MANUAL"", ""integration_reference_code"": ""E6197B11-32DD-4EDF-AE8E-29730D7E760D"", ""version"": ""1.4 4P 4X2 TM"", ""purchase_price"": 13240}"
211,autocor,2026-03-16T17:52:01Z,GTU5273,CHERY,TIGGO 2,2026,17400,5196,Autocor Guayaquil,Manual,,,4X2,,,,,2026-03-16T17:52:01Z,BLANCO,1.5,38EC8E85-551D-4042-94B2-3E60F7349D7B,https://cdn.pilotsolution.net/crm/stock/autocor/13915/13915_271176_desktop.jpeg,"{""id_record"": 211, ""id"": ""38EC8E85-551D-4042-94B2-3E60F7349D7B"", ""media"": ""https://cdn.pilotsolution.net/crm/stock/autocor/13915/13915_271176_desktop.jpeg"", ""brand"": ""CHERY"", ""model"": ""TIGGO 2"", ""prices"": 17400, ""year"": 2026, ""owner"": 0, ""home"": 0, ""odometer"": 5196, ""type"": ""SUV"", ""location"": ""Autocor Guayaquil"", ""business_channel"": ""1500"", ""processedAt"": ""2026-03-16T17:00:28.096Z"", ""color"": ""BLANCO"", ""accesories"": ""4X2"", ""license_plate"": ""GTU5273"", ""received_flag"": ""1"", ""days_in_stock"": ""59"", ""published_in_web"": ""1"", ""engine_number"": """", ""reserved_by_user_email"": """", ""reserved_by_user_name"": """", ""reserved_dt"": null, ""expiration_dt"": null, ""opportunity_sale_id"": """", ""factory_invoicing_dt"": ""2026-01-16T00:00:00.000Z"", ""factory_status"": ""NO"", ""status_name"": ""DISPONIBLE"", ""fuel_name"": ""Gasolina"", ""availability_status_name"": ""Disponible"", ""availability_status_code"": ""1"", ""created_fullname"": ""FRANCISCO AROCA"", ""created_dt"": ""2026-02-10T20:17:40.000Z"", ""deleted_flag"": ""0"", ""owner_branch_code"": ""Autocor Guayaquil"", ""saving_plan_group"": ""SUV"", ""saving_plan_order"": ""MANUAL"", ""integration_reference_code"": """", ""version"": ""PRO A1X SPORT AC 1.5 5P 4X2 TM"", ""purchase_price"": 0}"
212,autocor,2026-03-16T17:52:01Z,001698,JMC,JIM,2026,28990,47,Autocor Shyris,Manual,,,4X4,,,,,2026-03-16T17:52:01Z,PLATEADO,2.5,6FB54294-4345-47B3-9974-6520723EB2DC,https://cdn.pilotsolution.net/crm/stock/autocor/13914/13914_271067_desktop.jpeg,"{""id_record"": 212, ""id"": ""6FB54294-4345-47B3-9974-6520723EB2DC"", ""media"": ""https://cdn.pilotsolution.net/crm/stock/autocor/13914/13914_271067_desktop.jpeg"", ""brand"": ""JMC"", ""model"": ""JIM"", ""prices"": 28990, ""year"": 2026, ""owner"": 1, ""home"": 0, ""odometer"": 47, ""type"": ""CAMIONETA"", ""location"": ""Autocor Shyris"", ""business_channel"": ""2500"", ""processedAt"": ""2026-03-16T17:00:28.096Z"", ""color"": ""PLATEADO"", ""accesories"": ""4X4"", ""license_plate"": ""001698"", ""received_flag"": ""1"", ""days_in_stock"": ""34"", ""published_in_web"": ""1"", ""engine_number"": ""005-001-000005024"", ""reserved_by_user_email"": """", ""reserved_by_user_name"": """", ""reserved_dt"": null, ""expiration_dt"": null, ""opportunity_sale_id"": """", ""factory_invoicing_dt"": ""2026-02-10T00:00:00.000Z"", ""factory_status"": ""SI"", ""status_name"": ""DISPONIBLE"", ""fuel_name"": ""Diesel"", ""availability_status_name"": ""Disponible"", ""availability_status_code"": ""1"", ""created_fullname"": ""ASISTENTE COMERCIAL SHYRIS"", ""created_dt"": ""2026-02-10T18:25:07.000Z"", ""deleted_flag"": ""0"", ""owner_branch_code"": ""Autocor Shyris"", ""saving_plan_group"": ""CAMIONETA"", ""saving_plan_order"": ""MANUAL"", ""integration_reference_code"": """", ""version"": ""RE MAX AC 2.5 CD 4X4 TM DIESEL"", ""purchase_price"": 28990}"
213,autocor,2026-03-16T17:52:01Z,PCN3073,BMW,428I,2015,59900,47800,Autocor Shyris,Automática,,,4X2,,,,,2026-03-16T17:52:01Z,BLANCO,2.0,F09BABD5-AA70-4653-A826-B8F6C245CF2F,https://cdn.pilotsolution.net/crm/stock/autocor/13912/13912_271090_desktop.jpeg,"{""id_record"": 213, ""id"": ""F09BABD5-AA70-4653-A826-B8F6C245CF2F"", ""media"": ""https://cdn.pilotsolution.net/crm/stock/autocor/13912/13912_271090_desktop.jpeg"", ""brand"": ""BMW"", ""model"": ""428I"", ""prices"": 59900, ""year"": 2015, ""owner"": 0, ""home"": 0, ""odometer"": 47800, ""type"": ""SEDAN"", ""location"": ""Autocor Shyris"", ""business_channel"": ""2000"", ""processedAt"": ""2026-03-16T17:00:28.096Z"", ""color"": ""BLANCO"", ""accesories"": ""4X2"", ""license_plate"": ""PCN3073"", ""received_flag"": ""1"", ""days_in_stock"": ""34"", ""published_in_web"": ""1"", ""engine_number"": ""005-001-000005028"", ""reserved_by_user_email"": """", ""reserved_by_user_name"": """", ""reserved_dt"": null, ""expiration_dt"": null, ""opportunity_sale_id"": """", ""factory_invoicing_dt"": ""2026-02-10T00:00:00.000Z"", ""factory_status"": """", ""status_name"": ""DISPONIBLE"", ""fuel_name"": ""Gasolina"", ""availability_status_name"": ""Disponible"", ""availability_status_code"": ""1"", ""created_fullname"": ""ASISTENTE COMERCIAL SHYRIS"", ""created_dt"": ""2026-02-10T17:40:15.000Z"", ""deleted_flag"": ""0"", ""owner_branch_code"": ""Autocor Shyris"", ""saving_plan_group"": ""SEDAN"", ""saving_plan_order"": ""AUTOMATICA"", ""integration_reference_code"": ""646587C4-9776-420C-AC38-FACB2D427FCE"", ""version"": ""CA AC 2.0 2P 4X2 TA"", ""purchase_price"": 59900}"
214,autocor,2026-03-16T17:52:01Z,PFP5541,KIA,SELTOS,2026,26600,3000,Autocor El Recreo,Manual,,,4X2,,,,,2026-03-16T17:52:01Z,PLATEADO,1.5,D426CC9F-2A54-44CB-9744-796E5402E1FD,https://cdn.pilotsolution.net/crm/stock/autocor/13910/13910_272226_desktop.jpeg,"{""id_record"": 214, ""id"": ""D426CC9F-2A54-44CB-9744-796E5402E1FD"", ""media"": ""https://cdn.pilotsolution.net/crm/stock/autocor/13910/13910_272226_desktop.jpeg"", ""brand"": ""KIA"", ""model"": ""SELTOS"", ""prices"": 26600, ""year"": 2026, ""owner"": 0, ""home"": 0, ""odometer"": 3000, ""type"": ""SUV"", ""location"": ""Autocor El Recreo"", ""business_channel"": ""1500"", ""processedAt"": ""2026-03-16T17:00:28.096Z"", ""color"": ""PLATEADO"", ""accesories"": ""4X2"", ""license_plate"": ""PFP5541"", ""received_flag"": ""1"", ""days_in_stock"": ""38"", ""published_in_web"": ""1"", ""engine_number"": ""008-001-000001298"", ""reserved_by_user_email"": """", ""reserved_by_user_name"": """", ""reserved_dt"": null, ""expiration_dt"": null, ""opportunity_sale_id"": """", ""factory_invoicing_dt"": ""2026-02-06T00:00:00.000Z"", ""factory_status"": """", ""status_name"": ""DISPONIBLE"", ""fuel_name"": ""Gasolina"", ""availability_status_name"": ""Disponible"", ""availability_status_code"": ""1"", ""created_fullname"": ""IVAN CRIOLLO"", ""created_dt"": ""2026-02-10T17:07:19.000Z"", ""deleted_flag"": ""0"", ""owner_branch_code"": ""Autocor El Recreo"", ""saving_plan_group"": ""SUV"", ""saving_plan_order"": ""MANUAL"", ""integration_reference_code"": ""CB96A21E-B40F-4B68-B757-F019D62CB4BA"", ""version"": ""LX AC 1.5 5P 4X2 TM"", ""purchase_price"": 23673}"
215,autocor,2026-03-16T17:52:01Z,GTL6200,CHERY,TIGGO 7,2023,19400,61220,Autocor Guayaquil,Automática,,,4X2,,,,,2026-03-16T17:52:01Z,NEGRO,1.5,EF8E6ECA-82B5-4349-9281-5718A4891042,https://cdn.pilotsolution.net/crm/stock/autocor/13905/13905_271285_desktop.jpeg,"{""id_record"": 215, ""id"": ""EF8E6ECA-82B5-4349-9281-5718A4891042"", ""media"": ""https://cdn.pilotsolution.net/crm/stock/autocor/13905/13905_271285_desktop.jpeg"", ""brand"": ""CHERY"", ""model"": ""TIGGO 7"", ""prices"": 19400, ""year"": 2023, ""owner"": 0, ""home"": 1, ""odometer"": 61220, ""type"": ""SUV"", ""location"": ""Autocor Guayaquil"", ""business_channel"": ""1500"", ""processedAt"": ""2026-03-16T17:00:28.096Z"", ""color"": ""NEGRO"", ""accesories"": ""4X2"", ""license_plate"": ""GTL6200"", ""received_flag"": ""1"", ""days_in_stock"": ""false"", ""published_in_web"": ""1"", ""engine_number"": """", ""reserved_by_user_email"": """", ""reserved_by_user_name"": """", ""reserved_dt"": null, ""expiration_dt"": null, ""opportunity_sale_id"": """", ""factory_invoicing_dt"": null, ""factory_status"": ""NO"", ""status_name"": ""DISPONIBLE"", ""fuel_name"": ""Hibrido "", ""availability_status_name"": ""Disponible"", ""availability_status_code"": ""1"", ""created_fullname"": ""ERNESTO ORTEGA"", ""created_dt"": ""2026-02-09T23:52:54.000Z"", ""deleted_flag"": ""0"", ""owner_branch_code"": ""Autocor Guayaquil"", ""saving_plan_group"": ""SUV"", ""saving_plan_order"": ""AUTOMATICA"", ""integration_reference_code"": ""DC1F471C-920D-4757-BB4C-BF21B735DCA5"", ""version"": ""LUXURY AC 1.5 5P 4X2 TA"", ""purchase_price"": 15500}"
216,autocor,2026-03-16T17:52:01Z,PDE3416,SOUEST,DX7,2021,14900,49000,Autocor 6 de Diciembre,Automática,,,4X2,,,,,2026-03-16T17:52:01Z,ROJO,1.5,CD708D27-58B5-4646-BF4F-5E5DD03159FC,https://cdn.pilotsolution.net/crm/stock/autocor/13903/13903_271010_desktop.jpeg,"{""id_record"": 216, ""id"": ""CD708D27-58B5-4646-BF4F-5E5DD03159FC"", ""media"": ""https://cdn.pilotsolution.net/crm/stock/autocor/13903/13903_271010_desktop.jpeg"", ""brand"": ""SOUEST"", ""model"": ""DX7"", ""prices"": 14900, ""year"": 2021, ""owner"": 0, ""home"": 0, ""odometer"": 49000, ""type"": ""SUV"", ""location"": ""Autocor 6 de Diciembre"", ""business_channel"": ""1500"", ""processedAt"": ""2026-03-16T17:00:28.096Z"", ""color"": ""ROJO"", ""accesories"": ""4X2\n"", ""license_plate"": ""PDE3416"", ""received_flag"": ""1"", ""days_in_stock"": ""34"", ""published_in_web"": ""1"", ""engine_number"": """", ""reserved_by_user_email"": """", ""reserved_by_user_name"": """", ""reserved_dt"": null, ""expiration_dt"": null, ""opportunity_sale_id"": """", ""factory_invoicing_dt"": ""2026-02-10T00:00:00.000Z"", ""factory_status"": """", ""status_name"": ""DISPONIBLE"", ""fuel_name"": ""Gasolina"", ""availability_status_name"": ""Disponible"", ""availability_status_code"": ""1"", ""created_fullname"": ""CRISTIAN  GORDILLO"", ""created_dt"": ""2026-02-09T22:37:14.000Z"", ""deleted_flag"": ""0"", ""owner_branch_code"": ""Autocor 6 de Diciembre"", ""saving_plan_group"": ""SUV"", ""saving_plan_order"": ""AUTOMATICA"", ""integration_reference_code"": ""C04CA7A5-9C99-4406-AF7B-4D020A4DECA8"", ""version"": ""1.5 5P 4X2 TA  AC"", ""purchase_price"": 12500}"
217,autocor,2026-03-16T17:52:01Z,GTS1038,DONGFENG,HUGE,2024,20900,47000,Autocor Guayaquil,Automática,,,4X2,,,,,2026-03-16T17:52:01Z,NEGRO,1.5,8B083693-17E8-48C9-BEAF-79977A15794C,https://cdn.pilotsolution.net/crm/stock/autocor/13900/13900_270829_desktop.jpeg,"{""id_record"": 217, ""id"": ""8B083693-17E8-48C9-BEAF-79977A15794C"", ""media"": ""https://cdn.pilotsolution.net/crm/stock/autocor/13900/13900_270829_desktop.jpeg"", ""brand"": ""DONGFENG"", ""model"": ""HUGE"", ""prices"": 20900, ""year"": 2024, ""owner"": 0, ""home"": 0, ""odometer"": 47000, ""type"": ""SUV"", ""location"": ""Autocor Guayaquil"", ""business_channel"": ""1500"", ""processedAt"": ""2026-03-16T17:00:28.096Z"", ""color"": ""NEGRO"", ""accesories"": ""4X2"", ""license_plate"": ""GTS1038"", ""received_flag"": ""1"", ""days_in_stock"": ""55"", ""published_in_web"": ""1"", ""engine_number"": """", ""reserved_by_user_email"": """", ""reserved_by_user_name"": """", ""reserved_dt"": null, ""expiration_dt"": null, ""opportunity_sale_id"": """", ""factory_invoicing_dt"": ""2026-01-20T00:00:00.000Z"", ""factory_status"": ""NO"", ""status_name"": ""DISPONIBLE"", ""fuel_name"": ""Hibrido "", ""availability_status_name"": ""Disponible"", ""availability_status_code"": ""1"", ""created_fullname"": ""FRANCISCO AROCA"", ""created_dt"": ""2026-02-09T16:22:46.000Z"", ""deleted_flag"": ""0"", ""owner_branch_code"": ""Autocor Guayaquil"", ""saving_plan_group"": ""SUV"", ""saving_plan_order"": ""AUTOMATICA"", ""integration_reference_code"": """", ""version"": "" AC 1.5 5P 4X2 TA HYBRID"", ""purchase_price"": 16040}"
218,autocor,2026-03-16T17:52:01Z,PFC8778,FIAT,FASTBACK,2024,20900,27000,Autocor Cumbaya,Automática,,,4X2,,,,,2026-03-16T17:52:01Z,Plateado,1.0,95CFE2E1-818D-43EA-B72B-6B4ACA61D490,https://cdn.pilotsolution.net/crm/stock/autocor/13899/13899_270841_desktop.jpeg,"{""id_record"": 218, ""id"": ""95CFE2E1-818D-43EA-B72B-6B4ACA61D490"", ""media"": ""https://cdn.pilotsolution.net/crm/stock/autocor/13899/13899_270841_desktop.jpeg"", ""brand"": ""FIAT"", ""model"": ""FASTBACK"", ""prices"": 20900, ""year"": 2024, ""owner"": 0, ""home"": 0, ""odometer"": 27000, ""type"": ""SEDAN"", ""location"": ""Autocor Cumbaya"", ""business_channel"": ""1000"", ""processedAt"": ""2026-03-16T17:00:28.096Z"", ""color"": ""Plateado "", ""accesories"": ""4X2"", ""license_plate"": ""PFC8778"", ""received_flag"": ""1"", ""days_in_stock"": ""37"", ""published_in_web"": ""1"", ""engine_number"": ""005-001-000004981"", ""reserved_by_user_email"": """", ""reserved_by_user_name"": """", ""reserved_dt"": null, ""expiration_dt"": null, ""opportunity_sale_id"": """", ""factory_invoicing_dt"": ""2026-02-07T00:00:00.000Z"", ""factory_status"": """", ""status_name"": ""DISPONIBLE"", ""fuel_name"": ""Gasolina"", ""availability_status_name"": ""Disponible"", ""availability_status_code"": ""1"", ""created_fullname"": ""VENTAS LA PRENSA"", ""created_dt"": ""2026-02-09T16:13:30.000Z"", ""deleted_flag"": ""0"", ""owner_branch_code"": ""Autocor Cumbaya"", ""saving_plan_group"": ""SEDAN"", ""saving_plan_order"": ""AUTOMATICA"", ""integration_reference_code"": ""FF188BD9-CC26-42BA-8159-2574693E7273"", ""version"": ""Ac1.04x2 TA"", ""purchase_price"": 18540}"
219,autocor,2026-03-16T17:52:01Z,PFS2271,VOLKSWAGEN,AMAROK,2026,33990,25,Autocor 6 de Diciembre,Manual,,,4X2,,,,,2026-03-16T17:52:01Z,BLANCO,2.0,53C2E4BC-2D63-49BC-BCAC-7F4A516ABA8F,https://cdn.pilotsolution.net/crm/stock/autocor/13898/13898_275889_desktop.jpeg,"{""id_record"": 219, ""id"": ""53C2E4BC-2D63-49BC-BCAC-7F4A516ABA8F"", ""media"": ""https://cdn.pilotsolution.net/crm/stock/autocor/13898/13898_275889_desktop.jpeg"", ""brand"": ""VOLKSWAGEN"", ""model"": ""AMAROK"", ""prices"": 33990, ""year"": 2026, ""owner"": 0, ""home"": 0, ""odometer"": 25, ""type"": ""DOBLE CABINA"", ""location"": ""Autocor 6 de Diciembre"", ""business_channel"": ""2000"", ""processedAt"": ""2026-03-16T17:00:28.096Z"", ""color"": ""BLANCO"", ""accesories"": ""4X2"", ""license_plate"": ""PFS2271"", ""received_flag"": ""1"", ""days_in_stock"": ""20"", ""published_in_web"": ""1"", ""engine_number"": ""008-001-000001257"", ""reserved_by_user_email"": """", ""reserved_by_user_name"": """", ""reserved_dt"": null, ""expiration_dt"": null, ""opportunity_sale_id"": """", ""factory_invoicing_dt"": ""2026-02-24T00:00:00.000Z"", ""factory_status"": """", ""status_name"": ""DISPONIBLE"", ""fuel_name"": ""Diesel"", ""availability_status_name"": ""Disponible"", ""availability_status_code"": ""1"", ""created_fullname"": ""VENTAS RECREO"", ""created_dt"": ""2026-02-09T16:01:36.000Z"", ""deleted_flag"": ""0"", ""owner_branch_code"": ""Autocor 6 de Diciembre"", ""saving_plan_group"": ""DOBLE CABINA"", ""saving_plan_order"": ""MANUAL"", ""integration_reference_code"": ""2DA4AD54-5545-4625-A30B-C233ABA67725"", ""version"": ""AC 2.0 CD 4X2 TM DIESEL"", ""purchase_price"": 33990}"
22,autocor,2026-03-16T17:51:59Z,GTR7916,CHEVROLET,D-MAX,2024,34900,75000,Autocor Guayaquil,Manual,,,4X4,,,,,2026-03-16T17:51:59Z,NEGRO,2.5,4389E580-CA7F-4422-842D-F3A2E00A7D15,https://cdn.pilotsolution.net/crm/stock/autocor/14396/14396_282739_desktop.jpeg,"{""id_record"": 22, ""id"": ""4389E580-CA7F-4422-842D-F3A2E00A7D15"", ""media"": ""https://cdn.pilotsolution.net/crm/stock/autocor/14396/14396_282739_desktop.jpeg"", ""brand"": ""CHEVROLET"", ""model"": ""D-MAX"", ""prices"": 34900, ""year"": 2024, ""owner"": 0, ""home"": 0, ""odometer"": 75000, ""type"": ""CAMIONETA"", ""location"": ""Autocor Guayaquil"", ""business_channel"": ""2500"", ""processedAt"": ""2026-03-16T17:00:28.096Z"", ""color"": ""NEGRO"", ""accesories"": ""4X4"", ""license_plate"": ""GTR7916"", ""received_flag"": ""1"", ""days_in_stock"": ""false"", ""published_in_web"": ""1"", ""engine_number"": """", ""reserved_by_user_email"": """", ""reserved_by_user_name"": """", ""reserved_dt"": null, ""expiration_dt"": null, ""opportunity_sale_id"": """", ""factory_invoicing_dt"": null, ""factory_status"": ""NO"", ""status_name"": ""DISPONIBLE"", ""fuel_name"": ""Diesel"", ""availability_status_name"": ""Disponible"", ""availability_status_code"": ""1"", ""created_fullname"": ""VENTAS  GUAYAQUIL"", ""created_dt"": ""2026-03-13T16:14:10.000Z"", ""deleted_flag"": ""0"", ""owner_branch_code"": ""Autocor Guayaquil"", ""saving_plan_group"": ""CAMIONETA"", ""saving_plan_order"": ""MANUAL"", ""integration_reference_code"": ""06089D62-65E0-4B55-8B46-6E1EAD660D03"", ""version"": ""CRDI 2.5 CD 4X4 TM DIESEL"", ""purchase_price"": 31300}"
220,autocor,2026-03-16T17:52:01Z,PDQ6526,BMW,218I,2021,34900,39000,Autocor Av. Orellana,Automática,,,4X2,,,,,2026-03-16T17:52:01Z,NEGRO,1.5,1BECC761-FAF4-4A7E-84F3-C8D22C059FE2,https://cdn.pilotsolution.net/crm/stock/autocor/13895/13895_270749_desktop.jpeg,"{""id_record"": 220, ""id"": ""1BECC761-FAF4-4A7E-84F3-C8D22C059FE2"", ""media"": ""https://cdn.pilotsolution.net/crm/stock/autocor/13895/13895_270749_desktop.jpeg"", ""brand"": ""BMW"", ""model"": ""218I"", ""prices"": 34900, ""year"": 2021, ""owner"": 0, ""home"": 0, ""odometer"": 39000, ""type"": ""SEDAN"", ""location"": ""Autocor Av. Orellana"", ""business_channel"": ""1500"", ""processedAt"": ""2026-03-16T17:00:28.096Z"", ""color"": ""NEGRO"", ""accesories"": ""4X2"", ""license_plate"": ""PDQ6526"", ""received_flag"": ""1"", ""days_in_stock"": ""37"", ""published_in_web"": ""1"", ""engine_number"": ""32876153"", ""reserved_by_user_email"": """", ""reserved_by_user_name"": """", ""reserved_dt"": null, ""expiration_dt"": null, ""opportunity_sale_id"": """", ""factory_invoicing_dt"": ""2026-02-07T00:00:00.000Z"", ""factory_status"": """", ""status_name"": ""DISPONIBLE"", ""fuel_name"": ""Gasolina"", ""availability_status_name"": ""Disponible"", ""availability_status_code"": ""1"", ""created_fullname"": ""ASISTENTE COMERCIAL ELOY ALFARO"", ""created_dt"": ""2026-02-09T14:54:02.000Z"", ""deleted_flag"": ""0"", ""owner_branch_code"": ""Autocor Av. Orellana"", ""saving_plan_group"": ""SEDAN"", ""saving_plan_order"": ""AUTOMATICA"", ""integration_reference_code"": ""2DD6DECE-A418-499E-8685-C2EA64AD89C5"", ""version"": ""GRAN COUPE AC 1.5 4P 4X2 TA"", ""purchase_price"": 31040}"
221,autocor,2026-03-16T17:52:01Z,PDT5748,GREAT WALL,WINGLE,2022,17400,104600,Autocor Valle de los Chillos,Manual,,,4X2,,,,,2026-03-16T17:52:01Z,BLANCO,2.4,0A7E9CC9-C9EF-4C66-A6F3-F029A5EAAAD9,https://cdn.pilotsolution.net/crm/stock/autocor/13892/13892_275596_desktop.jpeg,"{""id_record"": 221, ""id"": ""0A7E9CC9-C9EF-4C66-A6F3-F029A5EAAAD9"", ""media"": ""https://cdn.pilotsolution.net/crm/stock/autocor/13892/13892_275596_desktop.jpeg"", ""brand"": ""GREAT WALL"", ""model"": ""WINGLE"", ""prices"": 17400, ""year"": 2022, ""owner"": 0, ""home"": 0, ""odometer"": 104600, ""type"": ""CAMIONETA"", ""location"": ""Autocor Valle de los Chillos"", ""business_channel"": ""2400"", ""processedAt"": ""2026-03-16T17:00:28.096Z"", ""color"": ""BLANCO"", ""accesories"": ""4X2"", ""license_plate"": ""PDT5748"", ""received_flag"": ""1"", ""days_in_stock"": ""29"", ""published_in_web"": ""1"", ""engine_number"": ""006-001-000002334"", ""reserved_by_user_email"": """", ""reserved_by_user_name"": """", ""reserved_dt"": null, ""expiration_dt"": null, ""opportunity_sale_id"": """", ""factory_invoicing_dt"": ""2026-02-15T00:00:00.000Z"", ""factory_status"": ""NO"", ""status_name"": ""DISPONIBLE"", ""fuel_name"": ""Gasolina"", ""availability_status_name"": ""Disponible"", ""availability_status_code"": ""1"", ""created_fullname"": ""CARLOS  LOAYZA"", ""created_dt"": ""2026-02-07T21:40:16.000Z"", ""deleted_flag"": ""0"", ""owner_branch_code"": ""Autocor Valle de los Chillos"", ""saving_plan_group"": ""CAMIONETA"", ""saving_plan_order"": ""MANUAL"", ""integration_reference_code"": ""31A15C24-4A5A-4C78-A12F-39888D5BBEBD"", ""version"": ""AC 2.4 CS 4X2 TM  STEED"", ""purchase_price"": 14540}"
222,autocor,2026-03-16T17:52:01Z,GTL8515,HYUNDAI,TUCSON,2023,26900,112174,Autocor Guayaquil,Automática,,,4X2,,,,,2026-03-16T17:52:01Z,PLOMO,2.0,3474EEBC-CD00-457A-A825-8D6C0114210A,https://cdn.pilotsolution.net/crm/stock/autocor/13882/13882_270357_desktop.jpeg,"{""id_record"": 222, ""id"": ""3474EEBC-CD00-457A-A825-8D6C0114210A"", ""media"": ""https://cdn.pilotsolution.net/crm/stock/autocor/13882/13882_270357_desktop.jpeg"", ""brand"": ""HYUNDAI"", ""model"": ""TUCSON"", ""prices"": 26900, ""year"": 2023, ""owner"": 0, ""home"": 1, ""odometer"": 112174, ""type"": ""SUV"", ""location"": ""Autocor Guayaquil"", ""business_channel"": ""2000"", ""processedAt"": ""2026-03-16T17:00:28.096Z"", ""color"": ""PLOMO "", ""accesories"": ""4X2"", ""license_plate"": ""GTL8515"", ""received_flag"": ""1"", ""days_in_stock"": ""false"", ""published_in_web"": ""1"", ""engine_number"": """", ""reserved_by_user_email"": """", ""reserved_by_user_name"": """", ""reserved_dt"": null, ""expiration_dt"": null, ""opportunity_sale_id"": """", ""factory_invoicing_dt"": null, ""factory_status"": ""NO"", ""status_name"": ""DISPONIBLE"", ""fuel_name"": ""Gasolina"", ""availability_status_name"": ""Disponible"", ""availability_status_code"": ""1"", ""created_fullname"": ""Juan  Triana"", ""created_dt"": ""2026-02-06T22:30:55.000Z"", ""deleted_flag"": ""0"", ""owner_branch_code"": ""Autocor Guayaquil"", ""saving_plan_group"": ""SUV"", ""saving_plan_order"": ""AUTOMATICA"", ""integration_reference_code"": ""FE10488F-E4F2-413D-B181-72597727306E"", ""version"": ""NX4E GLS AC 2.0 5P 4X2 TA"", ""purchase_price"": 23540}"
223,autocor,2026-03-16T17:52:01Z,GCB6850,NISSAN,KICKS,2019,15400,168984,Autocor Guayaquil,Manual,,,4X2,,,,,2026-03-16T17:52:01Z,PLOMO,1.6,7DF39DC9-0986-4159-A0EF-BBDB646144AA,https://cdn.pilotsolution.net/crm/stock/autocor/13881/13881_270385_desktop.jpeg,"{""id_record"": 223, ""id"": ""7DF39DC9-0986-4159-A0EF-BBDB646144AA"", ""media"": ""https://cdn.pilotsolution.net/crm/stock/autocor/13881/13881_270385_desktop.jpeg"", ""brand"": ""NISSAN"", ""model"": ""KICKS"", ""prices"": 15400, ""year"": 2019, ""owner"": 0, ""home"": 0, ""odometer"": 168984, ""type"": ""SUV"", ""location"": ""Autocor Guayaquil"", ""business_channel"": ""1600"", ""processedAt"": ""2026-03-16T17:00:28.096Z"", ""color"": ""PLOMO "", ""accesories"": ""4X2"", ""license_plate"": ""GCB6850"", ""received_flag"": ""1"", ""days_in_stock"": ""false"", ""published_in_web"": ""1"", ""engine_number"": """", ""reserved_by_user_email"": """", ""reserved_by_user_name"": """", ""reserved_dt"": null, ""expiration_dt"": null, ""opportunity_sale_id"": """", ""factory_invoicing_dt"": null, ""factory_status"": ""NO"", ""status_name"": ""DISPONIBLE"", ""fuel_name"": ""Gasolina"", ""availability_status_name"": ""Disponible"", ""availability_status_code"": ""1"", ""created_fullname"": ""Juan  Triana"", ""created_dt"": ""2026-02-06T21:54:15.000Z"", ""deleted_flag"": ""0"", ""owner_branch_code"": ""Autocor Guayaquil"", ""saving_plan_group"": ""SUV"", ""saving_plan_order"": ""MANUAL"", ""integration_reference_code"": ""BC767E32-D477-4627-B53A-7F11DA13353B"", ""version"": ""DRIVE AC 1.6 5P 4X2 TM"", ""purchase_price"": 11540}"
224,autocor,2026-03-16T17:52:01Z,PFE6510,SHINERAY,G03,2024,15400,28000,Autocor Valle de los Chillos,Manual,,,4X2,,,,,2026-03-16T17:52:01Z,BLANCO,1.5,72DD6A26-C30D-428C-BFB3-CD4C2F69E103,https://cdn.pilotsolution.net/crm/stock/autocor/13874/13874_270067_desktop.jpeg,"{""id_record"": 224, ""id"": ""72DD6A26-C30D-428C-BFB3-CD4C2F69E103"", ""media"": ""https://cdn.pilotsolution.net/crm/stock/autocor/13874/13874_270067_desktop.jpeg"", ""brand"": ""SHINERAY"", ""model"": ""G03"", ""prices"": 15400, ""year"": 2024, ""owner"": 0, ""home"": 0, ""odometer"": 28000, ""type"": ""SUV"", ""location"": ""Autocor Valle de los Chillos"", ""business_channel"": ""1500"", ""processedAt"": ""2026-03-16T17:00:28.096Z"", ""color"": ""BLANCO"", ""accesories"": ""4X2"", ""license_plate"": ""PFE6510"", ""received_flag"": ""1"", ""days_in_stock"": ""38"", ""published_in_web"": ""1"", ""engine_number"": ""006-001-000002326"", ""reserved_by_user_email"": """", ""reserved_by_user_name"": """", ""reserved_dt"": null, ""expiration_dt"": null, ""opportunity_sale_id"": """", ""factory_invoicing_dt"": ""2026-02-06T00:00:00.000Z"", ""factory_status"": ""NO"", ""status_name"": ""DISPONIBLE"", ""fuel_name"": ""Gasolina"", ""availability_status_name"": ""Disponible"", ""availability_status_code"": ""1"", ""created_fullname"": ""VENTAS VALLE CHILLOS"", ""created_dt"": ""2026-02-06T15:08:09.000Z"", ""deleted_flag"": ""0"", ""owner_branch_code"": ""Autocor Valle de los Chillos"", ""saving_plan_group"": ""SUV"", ""saving_plan_order"": ""MANUAL"", ""integration_reference_code"": ""084D5F06-E7B4-4F73-A062-90542ACCCB4E"", ""version"": ""7P AC 1.5 5P 4X2 TM"", ""purchase_price"": 12700}"
225,autocor,2026-03-16T17:52:01Z,PFG6032,BMW,IX1,2024,54900,13000,Autocor Shyris,Automática,,,4X4,,,,,2026-03-16T17:52:01Z,BLANCO,ND,9D9BC88B-A1DB-45EA-A90C-32FFF020EAC6,https://cdn.pilotsolution.net/crm/stock/autocor/13869/13869_269944_desktop.jpeg,"{""id_record"": 225, ""id"": ""9D9BC88B-A1DB-45EA-A90C-32FFF020EAC6"", ""media"": ""https://cdn.pilotsolution.net/crm/stock/autocor/13869/13869_269944_desktop.jpeg"", ""brand"": ""BMW"", ""model"": ""IX1"", ""prices"": 54900, ""year"": 2024, ""owner"": 0, ""home"": 0, ""odometer"": 13000, ""type"": ""SUV"", ""location"": ""Autocor Shyris"", ""business_channel"": ""0"", ""processedAt"": ""2026-03-16T17:00:28.096Z"", ""color"": ""BLANCO"", ""accesories"": ""4X4"", ""license_plate"": ""PFG6032"", ""received_flag"": ""1"", ""days_in_stock"": ""39"", ""published_in_web"": ""1"", ""engine_number"": ""001-001-000011595"", ""reserved_by_user_email"": """", ""reserved_by_user_name"": """", ""reserved_dt"": null, ""expiration_dt"": null, ""opportunity_sale_id"": """", ""factory_invoicing_dt"": ""2026-02-05T00:00:00.000Z"", ""factory_status"": """", ""status_name"": ""DISPONIBLE"", ""fuel_name"": ""Eléctrico"", ""availability_status_name"": ""Disponible"", ""availability_status_code"": ""1"", ""created_fullname"": ""Ventas  Cumbaya "", ""created_dt"": ""2026-02-05T19:44:33.000Z"", ""deleted_flag"": ""0"", ""owner_branch_code"": ""Autocor Shyris"", ""saving_plan_group"": ""SUV"", ""saving_plan_order"": ""AUTOMATICA"", ""integration_reference_code"": ""BA83BCD3-4391-4C0E-8204-E35744251CCA"", ""version"": ""AC 5P 4X4 TA EV XDRIVE30"", ""purchase_price"": 47040}"
226,autocor,2026-03-16T17:52:01Z,PFM8307,GEELY,COOLRAY,2024,18400,29000,Autocor La Prensa,Automática,,,4X2,,,,,2026-03-16T17:52:01Z,BLANCO,1.5,2790B546-FCD5-4C18-8822-476C2FF1E26E,https://cdn.pilotsolution.net/crm/stock/autocor/13859/13859_269843_desktop.jpeg,"{""id_record"": 226, ""id"": ""2790B546-FCD5-4C18-8822-476C2FF1E26E"", ""media"": ""https://cdn.pilotsolution.net/crm/stock/autocor/13859/13859_269843_desktop.jpeg"", ""brand"": ""GEELY"", ""model"": ""COOLRAY"", ""prices"": 18400, ""year"": 2024, ""owner"": 0, ""home"": 0, ""odometer"": 29000, ""type"": ""SUV"", ""location"": ""Autocor La Prensa"", ""business_channel"": ""1500"", ""processedAt"": ""2026-03-16T17:00:28.096Z"", ""color"": ""BLANCO"", ""accesories"": ""4X2\n"", ""license_plate"": ""PFM8307"", ""received_flag"": ""1"", ""days_in_stock"": ""40"", ""published_in_web"": ""1"", ""engine_number"": """", ""reserved_by_user_email"": """", ""reserved_by_user_name"": """", ""reserved_dt"": null, ""expiration_dt"": null, ""opportunity_sale_id"": """", ""factory_invoicing_dt"": ""2026-02-04T00:00:00.000Z"", ""factory_status"": """", ""status_name"": ""DISPONIBLE"", ""fuel_name"": ""Gasolina"", ""availability_status_name"": ""Disponible"", ""availability_status_code"": ""1"", ""created_fullname"": ""JOEL SCHIAVONE"", ""created_dt"": ""2026-02-04T20:44:37.000Z"", ""deleted_flag"": ""0"", ""owner_branch_code"": ""Autocor La Prensa"", ""saving_plan_group"": ""SUV"", ""saving_plan_order"": ""AUTOMATICA"", ""integration_reference_code"": ""1207C186-5A51-4D54-96D4-E820999D5134"", ""version"": ""AC 1.5 5P 4X2 TA"", ""purchase_price"": 16080}"
227,autocor,2026-03-16T17:52:01Z,PDU7025,MITSUBISHI,L200,2022,33900,48000,Autocor 6 de Diciembre,Manual,,,4X2,,,,,2026-03-16T17:52:01Z,ROJO,2.4,5091C291-5ED9-46F8-965F-AAF76EBA25A9,https://cdn.pilotsolution.net/crm/stock/autocor/13855/13855_269475_desktop.jpeg,"{""id_record"": 227, ""id"": ""5091C291-5ED9-46F8-965F-AAF76EBA25A9"", ""media"": ""https://cdn.pilotsolution.net/crm/stock/autocor/13855/13855_269475_desktop.jpeg"", ""brand"": ""MITSUBISHI"", ""model"": ""L200"", ""prices"": 33900, ""year"": 2022, ""owner"": 0, ""home"": 0, ""odometer"": 48000, ""type"": ""CAMIONETA"", ""location"": ""Autocor 6 de Diciembre"", ""business_channel"": ""2400"", ""processedAt"": ""2026-03-16T17:00:28.096Z"", ""color"": ""ROJO"", ""accesories"": ""4X2"", ""license_plate"": ""PDU7025"", ""received_flag"": ""1"", ""days_in_stock"": ""41"", ""published_in_web"": ""1"", ""engine_number"": """", ""reserved_by_user_email"": """", ""reserved_by_user_name"": """", ""reserved_dt"": null, ""expiration_dt"": null, ""opportunity_sale_id"": """", ""factory_invoicing_dt"": ""2026-02-03T00:00:00.000Z"", ""factory_status"": """", ""status_name"": ""DISPONIBLE"", ""fuel_name"": ""Diesel"", ""availability_status_name"": ""Disponible"", ""availability_status_code"": ""1"", ""created_fullname"": ""MATEO MONGE"", ""created_dt"": ""2026-02-04T15:42:08.000Z"", ""deleted_flag"": ""0"", ""owner_branch_code"": ""Autocor 6 de Diciembre"", ""saving_plan_group"": ""CAMIONETA"", ""saving_plan_order"": ""MANUAL"", ""integration_reference_code"": ""E343062A-8D9B-445C-B6FD-0E804DC3B52E"", ""version"": ""HIRIDER AC 2.4 CD 4X2 TM"", ""purchase_price"": 30040}"
228,autocor,2026-03-16T17:52:01Z,IBD3679,JEEP,WRANGLER,2015,37900,71360,Autocor Shyris,Manual,,,4X4,,,,,2026-03-16T17:52:01Z,NEGRO,3.6,D294DA58-1FBF-4FD6-930F-7C24399230B8,https://cdn.pilotsolution.net/crm/stock/autocor/13854/13854_269368_desktop.jpeg,"{""id_record"": 228, ""id"": ""D294DA58-1FBF-4FD6-930F-7C24399230B8"", ""media"": ""https://cdn.pilotsolution.net/crm/stock/autocor/13854/13854_269368_desktop.jpeg"", ""brand"": ""JEEP"", ""model"": ""WRANGLER"", ""prices"": 37900, ""year"": 2015, ""owner"": 0, ""home"": 0, ""odometer"": 71360, ""type"": ""SUV"", ""location"": ""Autocor Shyris"", ""business_channel"": ""3600"", ""processedAt"": ""2026-03-16T17:00:28.096Z"", ""color"": ""NEGRO"", ""accesories"": ""4X4"", ""license_plate"": ""IBD3679"", ""received_flag"": ""1"", ""days_in_stock"": ""35"", ""published_in_web"": ""1"", ""engine_number"": ""006-001-0000002329"", ""reserved_by_user_email"": """", ""reserved_by_user_name"": """", ""reserved_dt"": null, ""expiration_dt"": null, ""opportunity_sale_id"": """", ""factory_invoicing_dt"": ""2026-02-09T00:00:00.000Z"", ""factory_status"": ""NO"", ""status_name"": ""DISPONIBLE"", ""fuel_name"": ""Gasolina"", ""availability_status_name"": ""Disponible"", ""availability_status_code"": ""1"", ""created_fullname"": ""VENTAS VALLE CHILLOS"", ""created_dt"": ""2026-02-04T15:27:46.000Z"", ""deleted_flag"": ""0"", ""owner_branch_code"": ""Autocor Shyris"", ""saving_plan_group"": ""SUV"", ""saving_plan_order"": ""MANUAL"", ""integration_reference_code"": ""14B09F8A-B3A4-4D76-BAFC-C8B5C5E5B96A"", ""version"": ""AC 3.6 3P 4X4 TM"", ""purchase_price"": 34343}"
229,autocor,2026-03-16T17:52:01Z,GCT2861,CHEVROLET,D-MAX,2021,31600,185999,Autocor Guayaquil,Manual,,,4X4,,,,,2026-03-16T17:52:01Z,NEGRO,2.5,7A2FDC88-2D31-42D0-873F-0C3762ABE237,https://cdn.pilotsolution.net/crm/stock/autocor/13853/13853_269398_desktop.jpeg,"{""id_record"": 229, ""id"": ""7A2FDC88-2D31-42D0-873F-0C3762ABE237"", ""media"": ""https://cdn.pilotsolution.net/crm/stock/autocor/13853/13853_269398_desktop.jpeg"", ""brand"": ""CHEVROLET"", ""model"": ""D-MAX"", ""prices"": 31600, ""year"": 2021, ""owner"": 0, ""home"": 0, ""odometer"": 185999, ""type"": ""CAMIONETA"", ""location"": ""Autocor Guayaquil"", ""business_channel"": ""2500"", ""processedAt"": ""2026-03-16T17:00:28.096Z"", ""color"": ""NEGRO "", ""accesories"": ""4X4"", ""license_plate"": ""GCT2861"", ""received_flag"": ""1"", ""days_in_stock"": ""61"", ""published_in_web"": ""1"", ""engine_number"": """", ""reserved_by_user_email"": """", ""reserved_by_user_name"": """", ""reserved_dt"": null, ""expiration_dt"": null, ""opportunity_sale_id"": """", ""factory_invoicing_dt"": ""2026-01-14T00:00:00.000Z"", ""factory_status"": ""NO"", ""status_name"": ""DISPONIBLE"", ""fuel_name"": ""Diesel"", ""availability_status_name"": ""Disponible"", ""availability_status_code"": ""1"", ""created_fullname"": ""Juan  Triana"", ""created_dt"": ""2026-02-04T15:08:47.000Z"", ""deleted_flag"": ""0"", ""owner_branch_code"": ""Autocor Guayaquil"", ""saving_plan_group"": ""CAMIONETA"", ""saving_plan_order"": ""MANUAL"", ""integration_reference_code"": ""C36E7E62-E73A-4A08-AE64-B050079CA4F0"", ""version"": ""CDRI FULL AC 2.5 CD 4X4 TM"", ""purchase_price"": 26540}"
23,autocor,2026-03-16T17:51:59Z,GTE6679,CHEVROLET,D-MAX,2020,29900,88900,Autocor Guayaquil,Manual,,,4X4,,,,,2026-03-16T17:51:59Z,PLATEADO,2.5,C321B86B-137F-4E06-949C-57FB968074BB,https://cdn.pilotsolution.net/crm/stock/autocor/14395/14395_282953_desktop.jpeg,"{""id_record"": 23, ""id"": ""C321B86B-137F-4E06-949C-57FB968074BB"", ""media"": ""https://cdn.pilotsolution.net/crm/stock/autocor/14395/14395_282953_desktop.jpeg"", ""brand"": ""CHEVROLET"", ""model"": ""D-MAX"", ""prices"": 29900, ""year"": 2020, ""owner"": 0, ""home"": 0, ""odometer"": 88900, ""type"": ""CAMIONETA"", ""location"": ""Autocor Guayaquil"", ""business_channel"": ""2500"", ""processedAt"": ""2026-03-16T17:00:28.096Z"", ""color"": ""PLATEADO"", ""accesories"": ""4X4"", ""license_plate"": ""GTE6679"", ""received_flag"": ""1"", ""days_in_stock"": ""16"", ""published_in_web"": ""1"", ""engine_number"": """", ""reserved_by_user_email"": """", ""reserved_by_user_name"": """", ""reserved_dt"": null, ""expiration_dt"": null, ""opportunity_sale_id"": """", ""factory_invoicing_dt"": ""2026-02-28T00:00:00.000Z"", ""factory_status"": ""NO"", ""status_name"": ""DISPONIBLE"", ""fuel_name"": ""Diesel"", ""availability_status_name"": ""Disponible"", ""availability_status_code"": ""1"", ""created_fullname"": ""VENTAS  GUAYAQUIL"", ""created_dt"": ""2026-03-13T16:11:12.000Z"", ""deleted_flag"": ""0"", ""owner_branch_code"": ""Autocor Guayaquil"", ""saving_plan_group"": ""CAMIONETA"", ""saving_plan_order"": ""MANUAL"", ""integration_reference_code"": ""7B95838A-81B3-42A5-9A99-1305BEF87A78"", ""version"": ""AC 2.5 CD 4X4 TM  CRDI FULL"", ""purchase_price"": 25500}"
230,autocor,2026-03-16T17:52:01Z,PFK9059,MAZDA,CX3,2025,24900,8000,Autocor La Prensa,Manual,,,4X2,,,,,2026-03-16T17:52:01Z,NEGRO,2.0,7E7FF893-1627-4F8C-9944-2EE80E525F70,https://cdn.pilotsolution.net/crm/stock/autocor/13844/13844_269818_desktop.jpeg,"{""id_record"": 230, ""id"": ""7E7FF893-1627-4F8C-9944-2EE80E525F70"", ""media"": ""https://cdn.pilotsolution.net/crm/stock/autocor/13844/13844_269818_desktop.jpeg"", ""brand"": ""MAZDA"", ""model"": ""CX3"", ""prices"": 24900, ""year"": 2025, ""owner"": 0, ""home"": 0, ""odometer"": 8000, ""type"": ""SUV"", ""location"": ""Autocor La Prensa"", ""business_channel"": ""2000"", ""processedAt"": ""2026-03-16T17:00:28.096Z"", ""color"": ""NEGRO"", ""accesories"": ""4X2"", ""license_plate"": ""PFK9059"", ""received_flag"": ""1"", ""days_in_stock"": ""40"", ""published_in_web"": ""1"", ""engine_number"": """", ""reserved_by_user_email"": """", ""reserved_by_user_name"": """", ""reserved_dt"": null, ""expiration_dt"": null, ""opportunity_sale_id"": """", ""factory_invoicing_dt"": ""2026-02-04T00:00:00.000Z"", ""factory_status"": """", ""status_name"": ""DISPONIBLE"", ""fuel_name"": ""Gasolina"", ""availability_status_name"": ""Disponible"", ""availability_status_code"": ""1"", ""created_fullname"": ""Fernando Colimba"", ""created_dt"": ""2026-02-03T21:26:32.000Z"", ""deleted_flag"": ""0"", ""owner_branch_code"": ""Autocor La Prensa"", ""saving_plan_group"": ""SUV"", ""saving_plan_order"": ""MANUAL"", ""integration_reference_code"": ""A92F0C77-AC8E-44BC-9444-2D54454FD768"", ""version"": ""AC 2.0 5P 4X2 TM ENTRY"", ""purchase_price"": 22040}"
231,autocor,2026-03-16T17:52:01Z,GTN3527,MAZDA,CX3,2023,22600,38000,Autocor Guayaquil,Automática,,,4X2,,,,,2026-03-16T17:52:01Z,PLOMO,2.0,46EAF0C5-F8AE-4A0A-8AEF-EC40664C8740,https://cdn.pilotsolution.net/crm/stock/autocor/13833/13833_268804_desktop.jpeg,"{""id_record"": 231, ""id"": ""46EAF0C5-F8AE-4A0A-8AEF-EC40664C8740"", ""media"": ""https://cdn.pilotsolution.net/crm/stock/autocor/13833/13833_268804_desktop.jpeg"", ""brand"": ""MAZDA"", ""model"": ""CX3"", ""prices"": 22600, ""year"": 2023, ""owner"": 0, ""home"": 1, ""odometer"": 38000, ""type"": ""SUV"", ""location"": ""Autocor Guayaquil"", ""business_channel"": ""2000"", ""processedAt"": ""2026-03-16T17:00:28.096Z"", ""color"": ""PLOMO"", ""accesories"": ""4X2"", ""license_plate"": ""GTN3527"", ""received_flag"": ""1"", ""days_in_stock"": ""51"", ""published_in_web"": ""1"", ""engine_number"": """", ""reserved_by_user_email"": """", ""reserved_by_user_name"": """", ""reserved_dt"": null, ""expiration_dt"": null, ""opportunity_sale_id"": """", ""factory_invoicing_dt"": ""2026-01-24T00:00:00.000Z"", ""factory_status"": ""NO"", ""status_name"": ""DISPONIBLE"", ""fuel_name"": ""Gasolina"", ""availability_status_name"": ""Disponible"", ""availability_status_code"": ""1"", ""created_fullname"": ""FRANCISCO AROCA"", ""created_dt"": ""2026-02-03T16:59:48.000Z"", ""deleted_flag"": ""0"", ""owner_branch_code"": ""Autocor Guayaquil"", ""saving_plan_group"": ""SUV"", ""saving_plan_order"": ""AUTOMATICA"", ""integration_reference_code"": """", ""version"": ""CORE AC 2.0 5P 4X2 TA"", ""purchase_price"": 0}"
232,autocor,2026-03-16T17:52:01Z,PCZ4582,MAZDA,6,2018,20900,86352,Autocor Av. Orellana,Automática,,,4X2,,,,,2026-03-16T17:52:01Z,ROJO,2.0,012416FF-A33B-4098-9BBD-F1EC7E88ACAE,https://cdn.pilotsolution.net/crm/stock/autocor/13820/13820_268849_desktop.jpeg,"{""id_record"": 232, ""id"": ""012416FF-A33B-4098-9BBD-F1EC7E88ACAE"", ""media"": ""https://cdn.pilotsolution.net/crm/stock/autocor/13820/13820_268849_desktop.jpeg"", ""brand"": ""MAZDA"", ""model"": ""6"", ""prices"": 20900, ""year"": 2018, ""owner"": 0, ""home"": 0, ""odometer"": 86352, ""type"": ""SEDAN"", ""location"": ""Autocor Av. Orellana"", ""business_channel"": ""2000"", ""processedAt"": ""2026-03-16T17:00:28.096Z"", ""color"": ""ROJO"", ""accesories"": ""4X2"", ""license_plate"": ""PCZ4582"", ""received_flag"": ""1"", ""days_in_stock"": ""42"", ""published_in_web"": ""1"", ""engine_number"": """", ""reserved_by_user_email"": """", ""reserved_by_user_name"": """", ""reserved_dt"": null, ""expiration_dt"": null, ""opportunity_sale_id"": """", ""factory_invoicing_dt"": ""2026-02-02T00:00:00.000Z"", ""factory_status"": """", ""status_name"": ""DISPONIBLE"", ""fuel_name"": ""Gasolina"", ""availability_status_name"": ""Disponible"", ""availability_status_code"": ""1"", ""created_fullname"": ""ASISTENTE COMERCIAL ORELLANA"", ""created_dt"": ""2026-02-02T14:15:16.000Z"", ""deleted_flag"": ""0"", ""owner_branch_code"": ""Autocor Av. Orellana"", ""saving_plan_group"": ""SEDAN"", ""saving_plan_order"": ""AUTOMATICA"", ""integration_reference_code"": ""BA83B382-B4F4-4092-9B3D-F0D3B3199743"", ""version"": ""NUEVO MAZDA6 AC 2.0 4P 4X2 TA"", ""purchase_price"": 17800}"
233,autocor,2026-03-16T17:52:01Z,PFH8090,CHERY,TIGGO 7,2024,19900,38000,Autocor Av. Orellana,Automática,,,4X2,,,,,2026-03-16T17:52:01Z,BLANCO,1.5,DE4BCEB5-C7DE-4C52-8016-5F3E614F970E,https://cdn.pilotsolution.net/crm/stock/autocor/13819/13819_268332_desktop.jpeg,"{""id_record"": 233, ""id"": ""DE4BCEB5-C7DE-4C52-8016-5F3E614F970E"", ""media"": ""https://cdn.pilotsolution.net/crm/stock/autocor/13819/13819_268332_desktop.jpeg"", ""brand"": ""CHERY"", ""model"": ""TIGGO 7"", ""prices"": 19900, ""year"": 2024, ""owner"": 0, ""home"": 0, ""odometer"": 38000, ""type"": ""SUV"", ""location"": ""Autocor Av. Orellana"", ""business_channel"": ""1500"", ""processedAt"": ""2026-03-16T17:00:28.096Z"", ""color"": ""BLANCO"", ""accesories"": ""4X2"", ""license_plate"": ""PFH8090"", ""received_flag"": ""1"", ""days_in_stock"": ""44"", ""published_in_web"": ""1"", ""engine_number"": """", ""reserved_by_user_email"": """", ""reserved_by_user_name"": """", ""reserved_dt"": null, ""expiration_dt"": null, ""opportunity_sale_id"": """", ""factory_invoicing_dt"": ""2026-01-31T00:00:00.000Z"", ""factory_status"": """", ""status_name"": ""DISPONIBLE"", ""fuel_name"": ""Gasolina"", ""availability_status_name"": ""Disponible"", ""availability_status_code"": ""1"", ""created_fullname"": ""ASISTENTE COMERCIAL ORELLANA"", ""created_dt"": ""2026-02-02T14:12:33.000Z"", ""deleted_flag"": ""0"", ""owner_branch_code"": ""Autocor Av. Orellana"", ""saving_plan_group"": ""SUV"", ""saving_plan_order"": ""AUTOMATICA"", ""integration_reference_code"": ""A767CEEF-4631-44ED-98E9-C1C3580E4098"", ""version"": ""PRO COMFORT AC 1.5 5P 4X2 TA"", ""purchase_price"": 16500}"
234,autocor,2026-03-16T17:52:01Z,GTK5665,FIAT,ARGO,2023,14600,99640,Autocor Guayaquil,Manual,,,4X2,,,,,2026-03-16T17:52:01Z,PLOMO,1.3,4EA68BB2-7D1A-4CA7-84B0-358E2BD83F62,https://cdn.pilotsolution.net/crm/stock/autocor/13814/13814_268739_desktop.jpeg,"{""id_record"": 234, ""id"": ""4EA68BB2-7D1A-4CA7-84B0-358E2BD83F62"", ""media"": ""https://cdn.pilotsolution.net/crm/stock/autocor/13814/13814_268739_desktop.jpeg"", ""brand"": ""FIAT"", ""model"": ""ARGO"", ""prices"": 14600, ""year"": 2023, ""owner"": 0, ""home"": 0, ""odometer"": 99640, ""type"": ""CROSSOVER"", ""location"": ""Autocor Guayaquil"", ""business_channel"": ""1300"", ""processedAt"": ""2026-03-16T17:00:28.096Z"", ""color"": ""PLOMO"", ""accesories"": ""4X2"", ""license_plate"": ""GTK5665"", ""received_flag"": ""0"", ""days_in_stock"": ""0"", ""published_in_web"": ""1"", ""engine_number"": """", ""reserved_by_user_email"": """", ""reserved_by_user_name"": """", ""reserved_dt"": null, ""expiration_dt"": null, ""opportunity_sale_id"": """", ""factory_invoicing_dt"": ""2026-01-28T00:00:00.000Z"", ""factory_status"": ""NO"", ""status_name"": ""DISPONIBLE"", ""fuel_name"": ""Gasolina"", ""availability_status_name"": ""Disponible"", ""availability_status_code"": ""1"", ""created_fullname"": ""Jorge Rea"", ""created_dt"": ""2026-01-31T22:02:55.000Z"", ""deleted_flag"": ""0"", ""owner_branch_code"": ""Autocor Guayaquil"", ""saving_plan_group"": ""CROSSOVER"", ""saving_plan_order"": ""MANUAL"", ""integration_reference_code"": ""F0619EB0-C0C7-423D-8355-176849378729"", ""version"": ""S AC 1.3 5P 4X2 TM TREKKING"", ""purchase_price"": 11845}"
235,autocor,2026-03-16T17:52:01Z,GTW9917,JETOUR,X50,2026,17900,590,Autocor Shyris,Manual,,,4X2,,,,,2026-03-16T17:52:01Z,PLATEADO,1.5,76E1CFFA-698D-4E16-AB33-4DBF4CD1F364,https://cdn.pilotsolution.net/crm/stock/autocor/13807/13807_268717_desktop.jpeg,"{""id_record"": 235, ""id"": ""76E1CFFA-698D-4E16-AB33-4DBF4CD1F364"", ""media"": ""https://cdn.pilotsolution.net/crm/stock/autocor/13807/13807_268717_desktop.jpeg"", ""brand"": ""JETOUR"", ""model"": ""X50"", ""prices"": 17900, ""year"": 2026, ""owner"": 0, ""home"": 0, ""odometer"": 590, ""type"": ""SUV"", ""location"": ""Autocor Shyris"", ""business_channel"": ""1500"", ""processedAt"": ""2026-03-16T17:00:28.096Z"", ""color"": ""PLATEADO"", ""accesories"": ""4X2"", ""license_plate"": ""GTW9917"", ""received_flag"": ""1"", ""days_in_stock"": ""44"", ""published_in_web"": ""1"", ""engine_number"": ""005-001-000004978"", ""reserved_by_user_email"": """", ""reserved_by_user_name"": """", ""reserved_dt"": null, ""expiration_dt"": null, ""opportunity_sale_id"": """", ""factory_invoicing_dt"": ""2026-01-31T00:00:00.000Z"", ""factory_status"": """", ""status_name"": ""DISPONIBLE"", ""fuel_name"": ""Gasolina"", ""availability_status_name"": ""Disponible"", ""availability_status_code"": ""1"", ""created_fullname"": ""Sara Gomez"", ""created_dt"": ""2026-01-31T19:27:37.000Z"", ""deleted_flag"": ""0"", ""owner_branch_code"": ""Autocor Shyris"", ""saving_plan_group"": ""SUV"", ""saving_plan_order"": ""MANUAL"", ""integration_reference_code"": ""FBB04B8B-9F24-4FE5-829E-D712B2936281"", ""version"": ""X50 AC 1.5 5P 4X2 TM"", ""purchase_price"": 15000}"
236,autocor,2026-03-16T17:52:01Z,GSU5477,JEEP,COMPASS,2017,17400,100000,Autocor Guayaquil,Automática,,,4X2,,,,,2026-03-16T17:52:01Z,BLANCO,2.4,6D397EEE-B95F-4D37-BEA2-C8C977C8D5AF,https://cdn.pilotsolution.net/crm/stock/autocor/13797/13797_268012_desktop.jpeg,"{""id_record"": 236, ""id"": ""6D397EEE-B95F-4D37-BEA2-C8C977C8D5AF"", ""media"": ""https://cdn.pilotsolution.net/crm/stock/autocor/13797/13797_268012_desktop.jpeg"", ""brand"": ""JEEP"", ""model"": ""COMPASS"", ""prices"": 17400, ""year"": 2017, ""owner"": 0, ""home"": 0, ""odometer"": 100000, ""type"": ""SUV"", ""location"": ""Autocor Guayaquil"", ""business_channel"": ""2400"", ""processedAt"": ""2026-03-16T17:00:28.096Z"", ""color"": ""BLANCO"", ""accesories"": ""4X2"", ""license_plate"": ""GSU5477"", ""received_flag"": ""1"", ""days_in_stock"": ""45"", ""published_in_web"": ""1"", ""engine_number"": """", ""reserved_by_user_email"": """", ""reserved_by_user_name"": """", ""reserved_dt"": null, ""expiration_dt"": null, ""opportunity_sale_id"": """", ""factory_invoicing_dt"": ""2026-01-30T00:00:00.000Z"", ""factory_status"": """", ""status_name"": ""DISPONIBLE"", ""fuel_name"": ""Gasolina"", ""availability_status_name"": ""Disponible"", ""availability_status_code"": ""1"", ""created_fullname"": ""VENTAS  GUAYAQUIL"", ""created_dt"": ""2026-01-30T22:44:05.000Z"", ""deleted_flag"": ""0"", ""owner_branch_code"": ""Autocor Guayaquil"", ""saving_plan_group"": ""SUV"", ""saving_plan_order"": ""AUTOMATICA"", ""integration_reference_code"": ""C09C3999-DE0E-4220-81C2-6E71F6FDEA05"", ""version"": ""SPORT AC 2.4 5P 4X2 TA"", ""purchase_price"": 15040}"
237,autocor,2026-03-16T17:52:01Z,GTN7483,CHERY,TIGGO 7,2024,15900,138071,Autocor Guayaquil,Automática,,,4X2,,,,,2026-03-16T17:52:01Z,PLOMO,1.5,3961EC49-EFAC-48C4-93E2-9530695FB2DC,https://cdn.pilotsolution.net/crm/stock/autocor/13793/13793_267807_desktop.jpeg,"{""id_record"": 237, ""id"": ""3961EC49-EFAC-48C4-93E2-9530695FB2DC"", ""media"": ""https://cdn.pilotsolution.net/crm/stock/autocor/13793/13793_267807_desktop.jpeg"", ""brand"": ""CHERY"", ""model"": ""TIGGO 7"", ""prices"": 15900, ""year"": 2024, ""owner"": 0, ""home"": 0, ""odometer"": 138071, ""type"": ""SUV"", ""location"": ""Autocor Guayaquil"", ""business_channel"": ""1500"", ""processedAt"": ""2026-03-16T17:00:28.096Z"", ""color"": ""PLOMO"", ""accesories"": ""4X2"", ""license_plate"": ""GTN7483"", ""received_flag"": ""1"", ""days_in_stock"": ""76"", ""published_in_web"": ""1"", ""engine_number"": """", ""reserved_by_user_email"": """", ""reserved_by_user_name"": """", ""reserved_dt"": null, ""expiration_dt"": null, ""opportunity_sale_id"": """", ""factory_invoicing_dt"": ""2025-12-30T00:00:00.000Z"", ""factory_status"": """", ""status_name"": ""DISPONIBLE"", ""fuel_name"": ""Gasolina"", ""availability_status_name"": ""Disponible"", ""availability_status_code"": ""1"", ""created_fullname"": ""VENTAS  GUAYAQUIL"", ""created_dt"": ""2026-01-30T21:18:51.000Z"", ""deleted_flag"": ""0"", ""owner_branch_code"": ""Autocor Guayaquil"", ""saving_plan_group"": ""SUV"", ""saving_plan_order"": ""AUTOMATICA"", ""integration_reference_code"": ""0822F5E5-16D9-4A72-891F-A67C8D172FB8"", ""version"": ""LUXURY AC 1.5 5P 4X2"", ""purchase_price"": 13540}"
238,autocor,2026-03-16T17:52:01Z,GTI3730,CHEVROLET,CAPTIVA,2021,16900,56000,Autocor Guayaquil,Automática,,,4X2,,,,,2026-03-16T17:52:01Z,PLATEADO,1.5,6C6EF915-8444-4FA0-BF25-AB7009B53B5F,https://cdn.pilotsolution.net/crm/stock/autocor/13789/13789_267589_desktop.jpeg,"{""id_record"": 238, ""id"": ""6C6EF915-8444-4FA0-BF25-AB7009B53B5F"", ""media"": ""https://cdn.pilotsolution.net/crm/stock/autocor/13789/13789_267589_desktop.jpeg"", ""brand"": ""CHEVROLET"", ""model"": ""CAPTIVA"", ""prices"": 16900, ""year"": 2021, ""owner"": 0, ""home"": 0, ""odometer"": 56000, ""type"": ""SUV"", ""location"": ""Autocor Guayaquil"", ""business_channel"": ""1500"", ""processedAt"": ""2026-03-16T17:00:28.096Z"", ""color"": ""PLATEADO"", ""accesories"": ""4X2"", ""license_plate"": ""GTI3730"", ""received_flag"": ""1"", ""days_in_stock"": ""88"", ""published_in_web"": ""1"", ""engine_number"": """", ""reserved_by_user_email"": """", ""reserved_by_user_name"": """", ""reserved_dt"": null, ""expiration_dt"": null, ""opportunity_sale_id"": """", ""factory_invoicing_dt"": ""2025-12-18T00:00:00.000Z"", ""factory_status"": """", ""status_name"": ""DISPONIBLE"", ""fuel_name"": ""Gasolina"", ""availability_status_name"": ""Disponible"", ""availability_status_code"": ""1"", ""created_fullname"": ""VENTAS  GUAYAQUIL"", ""created_dt"": ""2026-01-30T17:47:31.000Z"", ""deleted_flag"": ""0"", ""owner_branch_code"": ""Autocor Guayaquil"", ""saving_plan_group"": ""SUV"", ""saving_plan_order"": ""AUTOMATICA"", ""integration_reference_code"": ""AD4702F9-31C9-4172-9507-ABAEDF5C5499"", ""version"": ""PREMIER TURBO 7PAS AC 1.5 5P 4X2 TA"", ""purchase_price"": 14040}"
239,autocor,2026-03-16T17:52:01Z,PDJ7581,BMW,330I,2020,37900,83500,Autocor 6 de Diciembre,Automática,,,4X2,,,,,2026-03-16T17:52:01Z,PLATEADO,2.0,C638DC5B-9B4E-46E6-9257-60D231ED500D,https://cdn.pilotsolution.net/crm/stock/autocor/13787/13787_268079_desktop.jpeg,"{""id_record"": 239, ""id"": ""C638DC5B-9B4E-46E6-9257-60D231ED500D"", ""media"": ""https://cdn.pilotsolution.net/crm/stock/autocor/13787/13787_268079_desktop.jpeg"", ""brand"": ""BMW"", ""model"": ""330I"", ""prices"": 37900, ""year"": 2020, ""owner"": 0, ""home"": 0, ""odometer"": 83500, ""type"": ""SEDAN"", ""location"": ""Autocor 6 de Diciembre"", ""business_channel"": ""2000"", ""processedAt"": ""2026-03-16T17:00:28.096Z"", ""color"": ""PLATEADO"", ""accesories"": ""4X2"", ""license_plate"": ""PDJ7581"", ""received_flag"": ""1"", ""days_in_stock"": ""45"", ""published_in_web"": ""1"", ""engine_number"": """", ""reserved_by_user_email"": """", ""reserved_by_user_name"": """", ""reserved_dt"": null, ""expiration_dt"": null, ""opportunity_sale_id"": """", ""factory_invoicing_dt"": ""2026-01-30T00:00:00.000Z"", ""factory_status"": """", ""status_name"": ""DISPONIBLE"", ""fuel_name"": ""Gasolina"", ""availability_status_name"": ""Disponible"", ""availability_status_code"": ""1"", ""created_fullname"": ""ASISTENTE COMERCIAL 6 DICIEMBRE"", ""created_dt"": ""2026-01-30T17:21:40.000Z"", ""deleted_flag"": ""0"", ""owner_branch_code"": ""Autocor 6 de Diciembre"", ""saving_plan_group"": ""SEDAN"", ""saving_plan_order"": ""AUTOMATICA"", ""integration_reference_code"": ""8976B4CB-ED89-4753-9477-11A5D0F05F91"", ""version"": ""AC 2.0 4P 4X2 TA"", ""purchase_price"": 32040}"
24,autocor,2026-03-16T17:51:59Z,ABH8976,HYUNDAI,I10,2019,12900,63380,No disponible,Manual,,,ND,,,,,2026-03-16T17:51:59Z,ROJO,1.2,DD5E9D13-C0E7-4AD5-9D7F-34B0ED016423,https://cdn.pilotsolution.net/crm/stock/autocor/14392/14392_283632_desktop.jpeg,"{""id_record"": 24, ""id"": ""DD5E9D13-C0E7-4AD5-9D7F-34B0ED016423"", ""media"": ""https://cdn.pilotsolution.net/crm/stock/autocor/14392/14392_283632_desktop.jpeg"", ""brand"": ""HYUNDAI"", ""model"": ""I10"", ""prices"": 12900, ""year"": 2019, ""owner"": 0, ""home"": 0, ""odometer"": 63380, ""type"": """", ""location"": ""No disponible"", ""business_channel"": ""Usados"", ""processedAt"": ""2026-03-16T17:00:28.096Z"", ""color"": ""ROJO"", ""accesories"": """", ""license_plate"": ""ABH8976"", ""received_flag"": ""0"", ""days_in_stock"": ""0"", ""published_in_web"": ""1"", ""engine_number"": """", ""reserved_by_user_email"": """", ""reserved_by_user_name"": """", ""reserved_dt"": null, ""expiration_dt"": null, ""opportunity_sale_id"": """", ""factory_invoicing_dt"": null, ""factory_status"": """", ""status_name"": """", ""fuel_name"": ""Gasolina"", ""availability_status_name"": ""Disponible"", ""availability_status_code"": ""1"", ""created_fullname"": ""VENTAS  GUAYAQUIL"", ""created_dt"": ""2026-03-13T15:54:35.000Z"", ""deleted_flag"": ""0"", ""owner_branch_code"": """", ""saving_plan_group"": """", ""saving_plan_order"": """", ""integration_reference_code"": ""5C6C1A78-C201-44C9-8978-486847C00B62"", ""version"": ""HB AC 1.2  5P 4X2 TM"", ""purchase_price"": 9500}"
240,autocor,2026-03-16T17:52:01Z,PFJ9002,TOYOTA,YARIS,2025,28900,9600,Autocor Valle de los Chillos,Automática,,,4X2,,,,,2026-03-16T17:52:01Z,NEGRO,1.5,76AB73FB-FAD0-401F-ACD9-FAF574581B0D,https://cdn.pilotsolution.net/crm/stock/autocor/13782/13782_269174_desktop.jpeg,"{""id_record"": 240, ""id"": ""76AB73FB-FAD0-401F-ACD9-FAF574581B0D"", ""media"": ""https://cdn.pilotsolution.net/crm/stock/autocor/13782/13782_269174_desktop.jpeg"", ""brand"": ""TOYOTA"", ""model"": ""YARIS"", ""prices"": 28900, ""year"": 2025, ""owner"": 0, ""home"": 0, ""odometer"": 9600, ""type"": ""SUV"", ""location"": ""Autocor Valle de los Chillos"", ""business_channel"": ""1500"", ""processedAt"": ""2026-03-16T17:00:28.096Z"", ""color"": ""NEGRO"", ""accesories"": ""4X2"", ""license_plate"": ""PFJ9002"", ""received_flag"": ""1"", ""days_in_stock"": ""41"", ""published_in_web"": ""1"", ""engine_number"": ""006-001-000002315"", ""reserved_by_user_email"": """", ""reserved_by_user_name"": """", ""reserved_dt"": null, ""expiration_dt"": null, ""opportunity_sale_id"": """", ""factory_invoicing_dt"": ""2026-02-03T00:00:00.000Z"", ""factory_status"": ""NO"", ""status_name"": ""DISPONIBLE"", ""fuel_name"": ""Gasolina"", ""availability_status_name"": ""Disponible"", ""availability_status_code"": ""1"", ""created_fullname"": ""CARLOS  LOAYZA"", ""created_dt"": ""2026-01-30T14:34:20.000Z"", ""deleted_flag"": ""0"", ""owner_branch_code"": ""Autocor Valle de los Chillos"", ""saving_plan_group"": ""SUV"", ""saving_plan_order"": ""AUTOMATICA"", ""integration_reference_code"": ""C42E48BD-48EC-4B93-A160-FECC0B03BA97"", ""version"": ""AC 1.5 5P 4X2 TA HYBRID"", ""purchase_price"": 25900}"
241,autocor,2026-03-16T17:52:01Z,PFG5848,RENAULT,LOGAN,2024,14600,73000,Autocor Av. Orellana,Automática,,,4x2,,,,,2026-03-16T17:52:01Z,PLATEADO,1.6,38C48CE9-DCF1-4C2A-B624-75CA16E94278,https://cdn.pilotsolution.net/crm/stock/autocor/13777/13777_269928_desktop.jpeg,"{""id_record"": 241, ""id"": ""38C48CE9-DCF1-4C2A-B624-75CA16E94278"", ""media"": ""https://cdn.pilotsolution.net/crm/stock/autocor/13777/13777_269928_desktop.jpeg"", ""brand"": ""RENAULT"", ""model"": ""LOGAN"", ""prices"": 14600, ""year"": 2024, ""owner"": 1, ""home"": 0, ""odometer"": 73000, ""type"": ""SEDAN"", ""location"": ""Autocor Av. Orellana"", ""business_channel"": ""1600"", ""processedAt"": ""2026-03-16T17:00:28.096Z"", ""color"": ""PLATEADO"", ""accesories"": ""4x2"", ""license_plate"": ""PFG5848"", ""received_flag"": ""1"", ""days_in_stock"": ""43"", ""published_in_web"": ""1"", ""engine_number"": ""005-001-000004988"", ""reserved_by_user_email"": """", ""reserved_by_user_name"": """", ""reserved_dt"": null, ""expiration_dt"": null, ""opportunity_sale_id"": """", ""factory_invoicing_dt"": ""2026-02-01T00:00:00.000Z"", ""factory_status"": ""SI"", ""status_name"": ""DISPONIBLE"", ""fuel_name"": ""Gasolina"", ""availability_status_name"": ""Disponible"", ""availability_status_code"": ""1"", ""created_fullname"": ""ASISTENTE COMERCIAL SHYRIS"", ""created_dt"": ""2026-01-29T22:46:28.000Z"", ""deleted_flag"": ""0"", ""owner_branch_code"": ""Autocor Av. Orellana"", ""saving_plan_group"": ""SEDAN"", ""saving_plan_order"": ""AUTOMATICA"", ""integration_reference_code"": ""506186C2-5A69-4C0C-985F-2493D5F1D3A4"", ""version"": ""CROSS INTENS CVT AC 1.6 4P 4X2 TA"", ""purchase_price"": 11840}"
242,autocor,2026-03-16T17:52:01Z,PFB1599,RENAULT,LOGAN,2024,14600,76000,Autocor Eloy Alfaro,Automática,,,4x2,,,,,2026-03-16T17:52:01Z,PLOMO,1.6,86BF1BE5-3801-4F18-9FBA-B81FB820AF11,https://cdn.pilotsolution.net/crm/stock/autocor/13776/13776_278659_desktop.jpeg,"{""id_record"": 242, ""id"": ""86BF1BE5-3801-4F18-9FBA-B81FB820AF11"", ""media"": ""https://cdn.pilotsolution.net/crm/stock/autocor/13776/13776_278659_desktop.jpeg"", ""brand"": ""RENAULT"", ""model"": ""LOGAN"", ""prices"": 14600, ""year"": 2024, ""owner"": 1, ""home"": 0, ""odometer"": 76000, ""type"": ""SEDAN"", ""location"": ""Autocor Eloy Alfaro"", ""business_channel"": ""1600"", ""processedAt"": ""2026-03-16T17:00:28.096Z"", ""color"": ""PLOMO"", ""accesories"": ""4x2\n"", ""license_plate"": ""PFB1599"", ""received_flag"": ""1"", ""days_in_stock"": ""39"", ""published_in_web"": ""1"", ""engine_number"": ""005-001-00 0004989"", ""reserved_by_user_email"": """", ""reserved_by_user_name"": """", ""reserved_dt"": null, ""expiration_dt"": null, ""opportunity_sale_id"": """", ""factory_invoicing_dt"": ""2026-02-05T00:00:00.000Z"", ""factory_status"": ""SI"", ""status_name"": ""DISPONIBLE"", ""fuel_name"": ""Gasolina"", ""availability_status_name"": ""Disponible"", ""availability_status_code"": ""1"", ""created_fullname"": ""ASISTENTE COMERCIAL SHYRIS"", ""created_dt"": ""2026-01-29T22:43:58.000Z"", ""deleted_flag"": ""0"", ""owner_branch_code"": ""Autocor Eloy Alfaro"", ""saving_plan_group"": ""SEDAN"", ""saving_plan_order"": ""AUTOMATICA"", ""integration_reference_code"": ""1A426A66-D11D-462A-AE61-E86270E2436D"", ""version"": ""CROSS INTENS CVT AC 1.6 4P 4X2 TA"", ""purchase_price"": 11840}"
243,autocor,2026-03-16T17:52:01Z,PFC6767,RENAULT,LOGAN,2024,14600,76848,Autocor La Prensa,Automática,,,4X2,,,,,2026-03-16T17:52:01Z,PLOMO,1.6,46B1DDF6-B65D-44B3-B080-BE8ED3B9AA26,https://cdn.pilotsolution.net/crm/stock/autocor/13775/13775_278521_desktop.jpeg,"{""id_record"": 243, ""id"": ""46B1DDF6-B65D-44B3-B080-BE8ED3B9AA26"", ""media"": ""https://cdn.pilotsolution.net/crm/stock/autocor/13775/13775_278521_desktop.jpeg"", ""brand"": ""RENAULT"", ""model"": ""LOGAN"", ""prices"": 14600, ""year"": 2024, ""owner"": 0, ""home"": 0, ""odometer"": 76848, ""type"": ""SUV"", ""location"": ""Autocor La Prensa"", ""business_channel"": ""1600"", ""processedAt"": ""2026-03-16T17:00:28.096Z"", ""color"": ""PLOMO"", ""accesories"": ""4X2"", ""license_plate"": ""PFC6767"", ""received_flag"": ""1"", ""days_in_stock"": ""41"", ""published_in_web"": ""1"", ""engine_number"": """", ""reserved_by_user_email"": """", ""reserved_by_user_name"": """", ""reserved_dt"": null, ""expiration_dt"": null, ""opportunity_sale_id"": """", ""factory_invoicing_dt"": ""2026-02-03T00:00:00.000Z"", ""factory_status"": ""NO"", ""status_name"": ""DISPONIBLE"", ""fuel_name"": ""Gasolina"", ""availability_status_name"": ""Disponible"", ""availability_status_code"": ""1"", ""created_fullname"": ""ASISTENTE COMERCIAL SHYRIS"", ""created_dt"": ""2026-01-29T22:39:54.000Z"", ""deleted_flag"": ""0"", ""owner_branch_code"": ""Autocor La Prensa"", ""saving_plan_group"": ""SUV"", ""saving_plan_order"": ""AUTOMATICA"", ""integration_reference_code"": ""8332B434-9599-41F7-9147-2F3C1C3F8AFF"", ""version"": ""CROSS INTENS CVT AC 1.6 4P 4X2 TA"", ""purchase_price"": 11840}"
244,autocor,2026-03-16T17:52:01Z,PDG2027,KIA,SPORTAGE,2019,20400,84225,Autocor Guayaquil,Automática,,,4X2,,,,,2026-03-16T17:52:01Z,PLATEADO,2.0,2FFFA1E2-7B6C-4E73-920F-FCEAA2D33B3A,https://cdn.pilotsolution.net/crm/stock/autocor/13772/13772_267641_desktop.jpeg,"{""id_record"": 244, ""id"": ""2FFFA1E2-7B6C-4E73-920F-FCEAA2D33B3A"", ""media"": ""https://cdn.pilotsolution.net/crm/stock/autocor/13772/13772_267641_desktop.jpeg"", ""brand"": ""KIA"", ""model"": ""SPORTAGE"", ""prices"": 20400, ""year"": 2019, ""owner"": 0, ""home"": 0, ""odometer"": 84225, ""type"": ""SUV"", ""location"": ""Autocor Guayaquil"", ""business_channel"": ""2000"", ""processedAt"": ""2026-03-16T17:00:28.096Z"", ""color"": ""PLATEADO "", ""accesories"": ""4X2"", ""license_plate"": ""PDG2027"", ""received_flag"": ""1"", ""days_in_stock"": ""false"", ""published_in_web"": ""1"", ""engine_number"": """", ""reserved_by_user_email"": """", ""reserved_by_user_name"": """", ""reserved_dt"": null, ""expiration_dt"": null, ""opportunity_sale_id"": """", ""factory_invoicing_dt"": null, ""factory_status"": """", ""status_name"": ""DISPONIBLE"", ""fuel_name"": ""Gasolina"", ""availability_status_name"": ""Disponible"", ""availability_status_code"": ""1"", ""created_fullname"": ""Juan  Triana"", ""created_dt"": ""2026-01-29T21:39:47.000Z"", ""deleted_flag"": ""0"", ""owner_branch_code"": ""Autocor Guayaquil"", ""saving_plan_group"": ""SUV"", ""saving_plan_order"": ""AUTOMATICA"", ""integration_reference_code"": ""03623519-F674-43DB-B385-3446C6C05C0C"", ""version"": ""SL AC 2.0 5P 4X2 TA"", ""purchase_price"": 17540}"
245,autocor,2026-03-16T17:52:01Z,HBD8182,KIA,SELTOS,2022,22400,68000,Autocor Av. Orellana,Automática,,,4X2,,,,,2026-03-16T17:52:01Z,PLATA,1.6,CBD5D71C-25AB-4803-953C-CD8CDB605EB8,https://cdn.pilotsolution.net/crm/stock/autocor/13771/13771_267323_desktop.jpeg,"{""id_record"": 245, ""id"": ""CBD5D71C-25AB-4803-953C-CD8CDB605EB8"", ""media"": ""https://cdn.pilotsolution.net/crm/stock/autocor/13771/13771_267323_desktop.jpeg"", ""brand"": ""KIA"", ""model"": ""SELTOS"", ""prices"": 22400, ""year"": 2022, ""owner"": 0, ""home"": 0, ""odometer"": 68000, ""type"": ""SUV"", ""location"": ""Autocor Av. Orellana"", ""business_channel"": ""1600"", ""processedAt"": ""2026-03-16T17:00:28.096Z"", ""color"": ""PLATA"", ""accesories"": ""4X2"", ""license_plate"": ""HBD8182"", ""received_flag"": ""1"", ""days_in_stock"": ""46"", ""published_in_web"": ""1"", ""engine_number"": """", ""reserved_by_user_email"": """", ""reserved_by_user_name"": """", ""reserved_dt"": null, ""expiration_dt"": null, ""opportunity_sale_id"": """", ""factory_invoicing_dt"": ""2026-01-29T00:00:00.000Z"", ""factory_status"": """", ""status_name"": ""DISPONIBLE"", ""fuel_name"": ""Gasolina"", ""availability_status_name"": ""Disponible"", ""availability_status_code"": ""1"", ""created_fullname"": ""Javier Gomez"", ""created_dt"": ""2026-01-29T21:29:12.000Z"", ""deleted_flag"": ""0"", ""owner_branch_code"": ""Autocor Av. Orellana"", ""saving_plan_group"": ""SUV"", ""saving_plan_order"": ""AUTOMATICA"", ""integration_reference_code"": """", ""version"": ""AC 1.6 5P 4X2 TA "", ""purchase_price"": 19000}"
246,autocor,2026-03-16T17:52:01Z,PDV3673,CHEVROLET,CAPTIVA,2022,16600,73720,Autocor Av. Orellana,Automática,,,4X2,,,,,2026-03-16T17:52:01Z,PLOMO,1.5,6AEBA93C-F39C-43DD-99BA-402BB559689E,https://cdn.pilotsolution.net/crm/stock/autocor/13755/13755_267026_desktop.jpeg,"{""id_record"": 246, ""id"": ""6AEBA93C-F39C-43DD-99BA-402BB559689E"", ""media"": ""https://cdn.pilotsolution.net/crm/stock/autocor/13755/13755_267026_desktop.jpeg"", ""brand"": ""CHEVROLET"", ""model"": ""CAPTIVA"", ""prices"": 16600, ""year"": 2022, ""owner"": 0, ""home"": 0, ""odometer"": 73720, ""type"": ""SUV"", ""location"": ""Autocor Av. Orellana"", ""business_channel"": ""1500"", ""processedAt"": ""2026-03-16T17:00:28.096Z"", ""color"": ""PLOMO"", ""accesories"": ""4X2"", ""license_plate"": ""PDV3673"", ""received_flag"": ""1"", ""days_in_stock"": ""47"", ""published_in_web"": ""1"", ""engine_number"": """", ""reserved_by_user_email"": """", ""reserved_by_user_name"": """", ""reserved_dt"": null, ""expiration_dt"": null, ""opportunity_sale_id"": """", ""factory_invoicing_dt"": ""2026-01-28T00:00:00.000Z"", ""factory_status"": """", ""status_name"": ""DISPONIBLE"", ""fuel_name"": ""Gasolina"", ""availability_status_name"": ""Disponible"", ""availability_status_code"": ""1"", ""created_fullname"": ""Javier Gomez"", ""created_dt"": ""2026-01-28T20:51:09.000Z"", ""deleted_flag"": ""0"", ""owner_branch_code"": ""Autocor Av. Orellana"", ""saving_plan_group"": ""SUV"", ""saving_plan_order"": ""AUTOMATICA"", ""integration_reference_code"": """", ""version"": ""5P AC 1.5 TA  LTZ TURBO"", ""purchase_price"": 13496}"
247,autocor,2026-03-16T17:52:01Z,PDV3822,GREAT WALL,HAVAL H6,2022,21900,41000,Autocor Eloy Alfaro,Automática,,,4X2,,,,,2026-03-16T17:52:01Z,BLANCO,2.0,017E0FFA-3B1A-496F-88D4-905251082AB8,https://cdn.pilotsolution.net/crm/stock/autocor/13750/13750_266889_desktop.jpeg,"{""id_record"": 247, ""id"": ""017E0FFA-3B1A-496F-88D4-905251082AB8"", ""media"": ""https://cdn.pilotsolution.net/crm/stock/autocor/13750/13750_266889_desktop.jpeg"", ""brand"": ""GREAT WALL"", ""model"": ""HAVAL H6"", ""prices"": 21900, ""year"": 2022, ""owner"": 0, ""home"": 0, ""odometer"": 41000, ""type"": ""SUV"", ""location"": ""Autocor Eloy Alfaro"", ""business_channel"": ""2000"", ""processedAt"": ""2026-03-16T17:00:28.096Z"", ""color"": ""BLANCO"", ""accesories"": ""4X2"", ""license_plate"": ""PDV3822"", ""received_flag"": ""0"", ""days_in_stock"": ""0"", ""published_in_web"": ""1"", ""engine_number"": """", ""reserved_by_user_email"": """", ""reserved_by_user_name"": """", ""reserved_dt"": null, ""expiration_dt"": null, ""opportunity_sale_id"": """", ""factory_invoicing_dt"": ""2026-01-24T00:00:00.000Z"", ""factory_status"": """", ""status_name"": ""DISPONIBLE"", ""fuel_name"": ""Gasolina"", ""availability_status_name"": ""Disponible"", ""availability_status_code"": ""1"", ""created_fullname"": ""ASISTENTE COMERCIAL ELOY ALFARO"", ""created_dt"": ""2026-01-28T16:45:36.000Z"", ""deleted_flag"": ""0"", ""owner_branch_code"": ""Autocor Eloy Alfaro"", ""saving_plan_group"": ""SUV"", ""saving_plan_order"": ""AUTOMATICA"", ""integration_reference_code"": ""FC58FFEC-B54C-4210-A4CE-1A5126730203"", ""version"": ""B01 INTELLIGENT AC 2.0 5P"", ""purchase_price"": 18700}"
248,autocor,2026-03-16T17:52:01Z,PFE4828,BMW,530I,2023,64900,36900,Autocor Shyris,Automática,,,4X2,,,,,2026-03-16T17:52:01Z,PLOMO,2.0,D834932F-20C5-4FB0-8B04-725BCBFD5E2C,https://cdn.pilotsolution.net/crm/stock/autocor/13746/13746_266919_desktop.jpeg,"{""id_record"": 248, ""id"": ""D834932F-20C5-4FB0-8B04-725BCBFD5E2C"", ""media"": ""https://cdn.pilotsolution.net/crm/stock/autocor/13746/13746_266919_desktop.jpeg"", ""brand"": ""BMW"", ""model"": ""530I"", ""prices"": 64900, ""year"": 2023, ""owner"": 0, ""home"": 0, ""odometer"": 36900, ""type"": ""SEDAN"", ""location"": ""Autocor Shyris"", ""business_channel"": ""2000"", ""processedAt"": ""2026-03-16T17:00:28.096Z"", ""color"": ""PLOMO"", ""accesories"": ""4X2"", ""license_plate"": ""PFE4828"", ""received_flag"": ""1"", ""days_in_stock"": ""47"", ""published_in_web"": ""1"", ""engine_number"": ""005-001-000004964"", ""reserved_by_user_email"": """", ""reserved_by_user_name"": """", ""reserved_dt"": null, ""expiration_dt"": null, ""opportunity_sale_id"": """", ""factory_invoicing_dt"": ""2026-01-28T00:00:00.000Z"", ""factory_status"": """", ""status_name"": ""DISPONIBLE"", ""fuel_name"": ""Gasolina"", ""availability_status_name"": ""Disponible"", ""availability_status_code"": ""1"", ""created_fullname"": ""STEVE  PACHECO"", ""created_dt"": ""2026-01-28T13:37:16.000Z"", ""deleted_flag"": ""0"", ""owner_branch_code"": ""Autocor Shyris"", ""saving_plan_group"": ""SEDAN"", ""saving_plan_order"": ""AUTOMATICA"", ""integration_reference_code"": ""25A0E6EE-03CA-4CEC-B57C-3D470B2D87F2"", ""version"": ""IPERFORMANCE AC 2.04P 4X2"", ""purchase_price"": 48040}"
249,autocor,2026-03-16T17:52:01Z,PDP4956,HYUNDAI,IONIQ,2019,16600,43500,Autocor La Prensa,Automática,,,4X2,,,,,2026-03-16T17:52:01Z,ROJO,1.6,333DCAAB-20EA-4F69-98C3-186B497E4A35,https://cdn.pilotsolution.net/crm/stock/autocor/13735/13735_271427_desktop.jpeg,"{""id_record"": 249, ""id"": ""333DCAAB-20EA-4F69-98C3-186B497E4A35"", ""media"": ""https://cdn.pilotsolution.net/crm/stock/autocor/13735/13735_271427_desktop.jpeg"", ""brand"": ""HYUNDAI"", ""model"": ""IONIQ"", ""prices"": 16600, ""year"": 2019, ""owner"": 0, ""home"": 0, ""odometer"": 43500, ""type"": ""SEDAN"", ""location"": ""Autocor La Prensa"", ""business_channel"": ""1600"", ""processedAt"": ""2026-03-16T17:00:28.096Z"", ""color"": ""ROJO"", ""accesories"": ""4X2"", ""license_plate"": ""PDP4956"", ""received_flag"": ""1"", ""days_in_stock"": ""34"", ""published_in_web"": ""1"", ""engine_number"": ""009-001-000000863"", ""reserved_by_user_email"": """", ""reserved_by_user_name"": """", ""reserved_dt"": null, ""expiration_dt"": null, ""opportunity_sale_id"": """", ""factory_invoicing_dt"": ""2026-02-10T00:00:00.000Z"", ""factory_status"": """", ""status_name"": ""DISPONIBLE"", ""fuel_name"": ""Hibrido "", ""availability_status_name"": ""Disponible"", ""availability_status_code"": ""1"", ""created_fullname"": ""BOLIVAR ROMERO"", ""created_dt"": ""2026-01-27T20:22:05.000Z"", ""deleted_flag"": ""0"", ""owner_branch_code"": ""Autocor La Prensa"", ""saving_plan_group"": ""SEDAN"", ""saving_plan_order"": ""AUTOMATICA"", ""integration_reference_code"": ""1488B2B9-B475-4FFB-95DA-9E4EEB1629F8"", ""version"": ""AC 1.6 5P 4X2 TA HYBRID"", ""purchase_price"": 14040}"
25,autocor,2026-03-16T17:51:59Z,MBE8114,FORD,EXPLORER,2019,37900,3500,Autocor Guayaquil,Automática,,,4X4,,,,,2026-03-16T17:51:59Z,Blanco,3.5,493C51DF-18FE-46BD-B045-B3E65EF364A5,https://cdn.pilotsolution.net/crm/stock/autocor/14391/14391_282690_desktop.jpeg,"{""id_record"": 25, ""id"": ""493C51DF-18FE-46BD-B045-B3E65EF364A5"", ""media"": ""https://cdn.pilotsolution.net/crm/stock/autocor/14391/14391_282690_desktop.jpeg"", ""brand"": ""FORD"", ""model"": ""EXPLORER"", ""prices"": 37900, ""year"": 2019, ""owner"": 0, ""home"": 0, ""odometer"": 3500, ""type"": ""SUV"", ""location"": ""Autocor Guayaquil"", ""business_channel"": ""3500"", ""processedAt"": ""2026-03-16T17:00:28.096Z"", ""color"": ""Blanco"", ""accesories"": ""4X4"", ""license_plate"": ""MBE8114"", ""received_flag"": ""1"", ""days_in_stock"": ""false"", ""published_in_web"": ""1"", ""engine_number"": """", ""reserved_by_user_email"": """", ""reserved_by_user_name"": """", ""reserved_dt"": null, ""expiration_dt"": null, ""opportunity_sale_id"": """", ""factory_invoicing_dt"": null, ""factory_status"": ""NO"", ""status_name"": ""DISPONIBLE"", ""fuel_name"": ""Gasolina"", ""availability_status_name"": ""Disponible"", ""availability_status_code"": ""1"", ""created_fullname"": ""VENTAS  GUAYAQUIL"", ""created_dt"": ""2026-03-13T15:53:49.000Z"", ""deleted_flag"": ""0"", ""owner_branch_code"": ""Autocor Guayaquil"", ""saving_plan_group"": ""SUV"", ""saving_plan_order"": ""AUTOMATICA"", ""integration_reference_code"": ""6D51B120-BD4C-4F40-9D46-70050292FD17"", ""version"": ""XLT AC 3.5 F 4x4 TA"", ""purchase_price"": 34000}"
250,autocor,2026-03-16T17:52:01Z,PFN4550,LEAPMOTOR,C11,2025,31900,10500,Autocor Shyris,Automática,,,4X2,,,,,2026-03-16T17:52:01Z,PLATEADO,ND,71FCBE60-C446-4B4E-ADA5-CFD830F7D9AC,https://cdn.pilotsolution.net/crm/stock/autocor/13733/13733_266959_desktop.jpeg,"{""id_record"": 250, ""id"": ""71FCBE60-C446-4B4E-ADA5-CFD830F7D9AC"", ""media"": ""https://cdn.pilotsolution.net/crm/stock/autocor/13733/13733_266959_desktop.jpeg"", ""brand"": ""LEAPMOTOR"", ""model"": ""C11"", ""prices"": 31900, ""year"": 2025, ""owner"": 0, ""home"": 0, ""odometer"": 10500, ""type"": ""SUV"", ""location"": ""Autocor Shyris"", ""business_channel"": ""0"", ""processedAt"": ""2026-03-16T17:00:28.096Z"", ""color"": ""PLATEADO"", ""accesories"": ""4X2"", ""license_plate"": ""PFN4550"", ""received_flag"": ""1"", ""days_in_stock"": ""47"", ""published_in_web"": ""1"", ""engine_number"": ""005-001-000004963"", ""reserved_by_user_email"": """", ""reserved_by_user_name"": """", ""reserved_dt"": null, ""expiration_dt"": null, ""opportunity_sale_id"": """", ""factory_invoicing_dt"": ""2026-01-28T00:00:00.000Z"", ""factory_status"": """", ""status_name"": ""DISPONIBLE"", ""fuel_name"": ""Eléctrico"", ""availability_status_name"": ""Disponible"", ""availability_status_code"": ""1"", ""created_fullname"": ""ASISTENTE COMERCIAL SHYRIS"", ""created_dt"": ""2026-01-27T17:42:31.000Z"", ""deleted_flag"": ""0"", ""owner_branch_code"": ""Autocor Shyris"", ""saving_plan_group"": ""SUV"", ""saving_plan_order"": ""AUTOMATICA"", ""integration_reference_code"": ""A38AD384-49FE-4A61-AEB4-3A62FE215A2C"", ""version"": ""AC 5P 4X2 TA EV COMFORT EDITION 580"", ""purchase_price"": 27000}"
251,autocor,2026-03-16T17:52:01Z,PFC4894,MAZDA,CX3,2023,22900,55000,Autocor Valle de los Chillos,Manual,,,4X2,,,,,2026-03-16T17:52:01Z,ROJO,2.0,E247CA83-2977-45F4-9208-201218B490A5,https://cdn.pilotsolution.net/crm/stock/autocor/13724/13724_266682_desktop.jpeg,"{""id_record"": 251, ""id"": ""E247CA83-2977-45F4-9208-201218B490A5"", ""media"": ""https://cdn.pilotsolution.net/crm/stock/autocor/13724/13724_266682_desktop.jpeg"", ""brand"": ""MAZDA"", ""model"": ""CX3"", ""prices"": 22900, ""year"": 2023, ""owner"": 0, ""home"": 0, ""odometer"": 55000, ""type"": ""HATCHBACK"", ""location"": ""Autocor Valle de los Chillos"", ""business_channel"": ""2000"", ""processedAt"": ""2026-03-16T17:00:28.096Z"", ""color"": ""ROJO"", ""accesories"": ""4X2"", ""license_plate"": ""PFC4894"", ""received_flag"": ""1"", ""days_in_stock"": ""48"", ""published_in_web"": ""1"", ""engine_number"": ""006-001-000002302"", ""reserved_by_user_email"": """", ""reserved_by_user_name"": """", ""reserved_dt"": null, ""expiration_dt"": null, ""opportunity_sale_id"": """", ""factory_invoicing_dt"": ""2026-01-27T00:00:00.000Z"", ""factory_status"": ""NO"", ""status_name"": ""DISPONIBLE"", ""fuel_name"": ""Gasolina"", ""availability_status_name"": ""Disponible"", ""availability_status_code"": ""1"", ""created_fullname"": ""CRISTIAN  GORDILLO"", ""created_dt"": ""2026-01-26T23:18:09.000Z"", ""deleted_flag"": ""0"", ""owner_branch_code"": ""Autocor Valle de los Chillos"", ""saving_plan_group"": ""HATCHBACK"", ""saving_plan_order"": ""MANUAL"", ""integration_reference_code"": ""F50918AA-8F2F-4F64-9C85-A14700F7504F"", ""version"": ""AC 2.0 5P 4X2 TM"", ""purchase_price"": 20000}"
252,autocor,2026-03-16T17:52:01Z,PFI7389,BMW,330E,2024,56400,22000,Autocor Eloy Alfaro,Automática,,,4x2,,,,,2026-03-16T17:52:01Z,PLOMO,2.0,A577F1E9-0B74-4F5F-B2B2-F46258422143,https://cdn.pilotsolution.net/crm/stock/autocor/13717/13717_269709_desktop.jpeg,"{""id_record"": 252, ""id"": ""A577F1E9-0B74-4F5F-B2B2-F46258422143"", ""media"": ""https://cdn.pilotsolution.net/crm/stock/autocor/13717/13717_269709_desktop.jpeg"", ""brand"": ""BMW"", ""model"": ""330E"", ""prices"": 56400, ""year"": 2024, ""owner"": 0, ""home"": 0, ""odometer"": 22000, ""type"": ""SEDAN"", ""location"": ""Autocor Eloy Alfaro"", ""business_channel"": ""2000"", ""processedAt"": ""2026-03-16T17:00:28.096Z"", ""color"": ""PLOMO"", ""accesories"": ""4x2"", ""license_plate"": ""PFI7389"", ""received_flag"": ""0"", ""days_in_stock"": ""0"", ""published_in_web"": ""1"", ""engine_number"": """", ""reserved_by_user_email"": """", ""reserved_by_user_name"": """", ""reserved_dt"": null, ""expiration_dt"": null, ""opportunity_sale_id"": """", ""factory_invoicing_dt"": ""2026-01-26T00:00:00.000Z"", ""factory_status"": """", ""status_name"": ""DISPONIBLE"", ""fuel_name"": ""Hibrido "", ""availability_status_name"": ""Disponible"", ""availability_status_code"": ""1"", ""created_fullname"": ""Fernando Colimba"", ""created_dt"": ""2026-01-26T16:11:31.000Z"", ""deleted_flag"": ""0"", ""owner_branch_code"": ""Autocor Eloy Alfaro"", ""saving_plan_group"": ""SEDAN"", ""saving_plan_order"": ""AUTOMATICA"", ""integration_reference_code"": ""985CAEC4-2898-4BD2-921E-DB6DD0F25D0A"", ""version"": ""AC 2.0 4P 4X2 TA HYBRID"", ""purchase_price"": 51200}"
253,autocor,2026-03-16T17:52:01Z,PDI6651,FIAT,500,2019,14600,70000,Autocor Av. Orellana,Manual,,,4X2,,,,,2026-03-16T17:52:01Z,AZUL,1.4,A6952778-FF16-48DC-968F-CED59D69502D,https://cdn.pilotsolution.net/crm/stock/autocor/13704/13704_268487_desktop.jpeg,"{""id_record"": 253, ""id"": ""A6952778-FF16-48DC-968F-CED59D69502D"", ""media"": ""https://cdn.pilotsolution.net/crm/stock/autocor/13704/13704_268487_desktop.jpeg"", ""brand"": ""FIAT"", ""model"": ""500"", ""prices"": 14600, ""year"": 2019, ""owner"": 0, ""home"": 0, ""odometer"": 70000, ""type"": ""HATCHBACK"", ""location"": ""Autocor Av. Orellana"", ""business_channel"": ""1400"", ""processedAt"": ""2026-03-16T17:00:28.096Z"", ""color"": ""AZUL"", ""accesories"": ""4X2"", ""license_plate"": ""PDI6651"", ""received_flag"": ""1"", ""days_in_stock"": ""51"", ""published_in_web"": ""1"", ""engine_number"": """", ""reserved_by_user_email"": """", ""reserved_by_user_name"": """", ""reserved_dt"": null, ""expiration_dt"": null, ""opportunity_sale_id"": """", ""factory_invoicing_dt"": ""2026-01-24T00:00:00.000Z"", ""factory_status"": """", ""status_name"": ""DISPONIBLE"", ""fuel_name"": ""Gasolina"", ""availability_status_name"": ""Disponible"", ""availability_status_code"": ""1"", ""created_fullname"": ""Fernando Colimba"", ""created_dt"": ""2026-01-24T16:39:39.000Z"", ""deleted_flag"": ""0"", ""owner_branch_code"": ""Autocor Av. Orellana"", ""saving_plan_group"": ""HATCHBACK"", ""saving_plan_order"": ""MANUAL"", ""integration_reference_code"": ""12C9BBFA-B810-4962-B148-A89CA27FC0F1"", ""version"": ""LOUNGE DL AC 1.4 3P 4X2 TM"", ""purchase_price"": 12000}"
254,autocor,2026-03-16T17:52:01Z,PDO1976,GREAT WALL,HAVAL H6,2020,17900,93000,Autocor Valle de los Chillos,Automática,,,4X2,,,,,2026-03-16T17:52:01Z,NEGRO,2.0,5ED40A35-FEE7-4184-AB1F-A7FA4E78EB83,https://cdn.pilotsolution.net/crm/stock/autocor/13685/13685_264733_desktop.jpeg,"{""id_record"": 254, ""id"": ""5ED40A35-FEE7-4184-AB1F-A7FA4E78EB83"", ""media"": ""https://cdn.pilotsolution.net/crm/stock/autocor/13685/13685_264733_desktop.jpeg"", ""brand"": ""GREAT WALL"", ""model"": ""HAVAL H6"", ""prices"": 17900, ""year"": 2020, ""owner"": 0, ""home"": 0, ""odometer"": 93000, ""type"": ""SUV"", ""location"": ""Autocor Valle de los Chillos"", ""business_channel"": ""2000"", ""processedAt"": ""2026-03-16T17:00:28.096Z"", ""color"": ""NEGRO"", ""accesories"": ""4X2"", ""license_plate"": ""PDO1976"", ""received_flag"": ""1"", ""days_in_stock"": ""53"", ""published_in_web"": ""1"", ""engine_number"": ""006-001-000002278"", ""reserved_by_user_email"": """", ""reserved_by_user_name"": """", ""reserved_dt"": null, ""expiration_dt"": null, ""opportunity_sale_id"": """", ""factory_invoicing_dt"": ""2026-01-22T00:00:00.000Z"", ""factory_status"": ""NO"", ""status_name"": ""DISPONIBLE"", ""fuel_name"": ""Gasolina"", ""availability_status_name"": ""Disponible"", ""availability_status_code"": ""1"", ""created_fullname"": ""VENTAS VALLE CHILLOS"", ""created_dt"": ""2026-01-22T21:35:59.000Z"", ""deleted_flag"": ""0"", ""owner_branch_code"": ""Autocor Valle de los Chillos"", ""saving_plan_group"": ""SUV"", ""saving_plan_order"": ""AUTOMÁTICA"", ""integration_reference_code"": ""DA5B0164-587D-4636-A2E1-14F2636B329F"", ""version"": ""AC 2.0 5P 4X2 TA"", ""purchase_price"": 15788}"
255,autocor,2026-03-16T17:52:01Z,GSP1959,FORD,ESCAPE,2015,13900,192478,Autocor Guayaquil,Automática,,,4X2,,,,,2026-03-16T17:52:01Z,AZUL,2.5,D6A56AD4-F2B6-4512-AF30-66F592A685D0,https://cdn.pilotsolution.net/crm/stock/autocor/13683/13683_267832_desktop.jpeg,"{""id_record"": 255, ""id"": ""D6A56AD4-F2B6-4512-AF30-66F592A685D0"", ""media"": ""https://cdn.pilotsolution.net/crm/stock/autocor/13683/13683_267832_desktop.jpeg"", ""brand"": ""FORD"", ""model"": ""ESCAPE"", ""prices"": 13900, ""year"": 2015, ""owner"": 0, ""home"": 0, ""odometer"": 192478, ""type"": ""SUV"", ""location"": ""Autocor Guayaquil"", ""business_channel"": ""2500"", ""processedAt"": ""2026-03-16T17:00:28.096Z"", ""color"": ""AZUL"", ""accesories"": ""4X2"", ""license_plate"": ""GSP1959"", ""received_flag"": ""1"", ""days_in_stock"": ""76"", ""published_in_web"": ""1"", ""engine_number"": """", ""reserved_by_user_email"": """", ""reserved_by_user_name"": """", ""reserved_dt"": null, ""expiration_dt"": null, ""opportunity_sale_id"": """", ""factory_invoicing_dt"": ""2025-12-30T00:00:00.000Z"", ""factory_status"": """", ""status_name"": ""DISPONIBLE"", ""fuel_name"": ""Gasolina"", ""availability_status_name"": ""Disponible"", ""availability_status_code"": ""1"", ""created_fullname"": ""VENTAS  GUAYAQUIL"", ""created_dt"": ""2026-01-22T20:57:11.000Z"", ""deleted_flag"": ""0"", ""owner_branch_code"": ""Autocor Guayaquil"", ""saving_plan_group"": ""SUV"", ""saving_plan_order"": ""AUTOMATICA"", ""integration_reference_code"": ""ABF830EB-BAB7-42B0-83A4-4A5BAA63AE21"", ""version"": ""AC 2.5 5P 4X2 TA"", ""purchase_price"": 11040}"
256,autocor,2026-03-16T17:52:01Z,GHU0579,MAZDA,MIATA,1992,25900,42100,Autocor Shyris,Manual,,,4X2,,,,,2026-03-16T17:52:01Z,ROJO,ND,1BC0720D-4D57-45F8-B1BA-635DB8E20E54,https://cdn.pilotsolution.net/crm/stock/autocor/13682/13682_264794_desktop.jpeg,"{""id_record"": 256, ""id"": ""1BC0720D-4D57-45F8-B1BA-635DB8E20E54"", ""media"": ""https://cdn.pilotsolution.net/crm/stock/autocor/13682/13682_264794_desktop.jpeg"", ""brand"": ""MAZDA"", ""model"": ""MIATA"", ""prices"": 25900, ""year"": 1992, ""owner"": 0, ""home"": 0, ""odometer"": 42100, ""type"": ""SEDAN"", ""location"": ""Autocor Shyris"", ""business_channel"": ""2000"", ""processedAt"": ""2026-03-16T17:00:28.096Z"", ""color"": ""ROJO "", ""accesories"": ""4X2"", ""license_plate"": ""GHU0579"", ""received_flag"": ""1"", ""days_in_stock"": ""53"", ""published_in_web"": ""1"", ""engine_number"": """", ""reserved_by_user_email"": """", ""reserved_by_user_name"": """", ""reserved_dt"": null, ""expiration_dt"": null, ""opportunity_sale_id"": """", ""factory_invoicing_dt"": ""2026-01-22T00:00:00.000Z"", ""factory_status"": """", ""status_name"": ""DISPONIBLE"", ""fuel_name"": ""Gasolina"", ""availability_status_name"": ""Disponible"", ""availability_status_code"": ""1"", ""created_fullname"": ""Juan  Triana"", ""created_dt"": ""2026-01-22T19:44:41.000Z"", ""deleted_flag"": ""0"", ""owner_branch_code"": ""Autocor Shyris"", ""saving_plan_group"": ""SEDAN"", ""saving_plan_order"": ""MANUAL"", ""integration_reference_code"": ""F8EECDA0-95A5-465E-A38A-52AC2F39C25B"", ""version"": ""MX5"", ""purchase_price"": 20140}"
257,autocor,2026-03-16T17:52:01Z,PFF5273,BMW,X3,2024,64900,12000,Autocor Shyris,Automática,,,4X4,,,,,2026-03-16T17:52:01Z,PLOMO,2.0,55B43D79-8AF4-4504-B089-D3985BB02848,https://cdn.pilotsolution.net/crm/stock/autocor/13675/13675_272008_desktop.jpeg,"{""id_record"": 257, ""id"": ""55B43D79-8AF4-4504-B089-D3985BB02848"", ""media"": ""https://cdn.pilotsolution.net/crm/stock/autocor/13675/13675_272008_desktop.jpeg"", ""brand"": ""BMW"", ""model"": ""X3"", ""prices"": 64900, ""year"": 2024, ""owner"": 0, ""home"": 0, ""odometer"": 12000, ""type"": ""SUV"", ""location"": ""Autocor Shyris"", ""business_channel"": ""2000"", ""processedAt"": ""2026-03-16T17:00:28.096Z"", ""color"": ""PLOMO"", ""accesories"": ""4X4"", ""license_plate"": ""PFF5273"", ""received_flag"": ""1"", ""days_in_stock"": ""52"", ""published_in_web"": ""1"", ""engine_number"": """", ""reserved_by_user_email"": """", ""reserved_by_user_name"": """", ""reserved_dt"": null, ""expiration_dt"": null, ""opportunity_sale_id"": """", ""factory_invoicing_dt"": ""2026-01-23T00:00:00.000Z"", ""factory_status"": ""NO"", ""status_name"": ""DISPONIBLE"", ""fuel_name"": ""Hibrido "", ""availability_status_name"": ""Disponible"", ""availability_status_code"": ""1"", ""created_fullname"": ""Fernando Colimba"", ""created_dt"": ""2026-01-21T17:49:22.000Z"", ""deleted_flag"": ""0"", ""owner_branch_code"": ""Autocor Shyris"", ""saving_plan_group"": ""SUV"", ""saving_plan_order"": ""AUTOMATICA"", ""integration_reference_code"": ""016154BE-9372-47AB-A873-D9F20DF3BA77"", ""version"": ""30E AC 2.0 5P 4X4 TA"", ""purchase_price"": 50400}"
258,autocor,2026-03-16T17:52:01Z,PCT7467,NISSAN,XTRAIL,2017,18600,117000,Autocor 6 de Diciembre,Automática,,,4X2,,,,,2026-03-16T17:52:01Z,PLATEADO,2.5,C622853F-7118-4061-99CB-5AA2B8BA6C2B,https://cdn.pilotsolution.net/crm/stock/autocor/13674/13674_265249_desktop.jpeg,"{""id_record"": 258, ""id"": ""C622853F-7118-4061-99CB-5AA2B8BA6C2B"", ""media"": ""https://cdn.pilotsolution.net/crm/stock/autocor/13674/13674_265249_desktop.jpeg"", ""brand"": ""NISSAN"", ""model"": ""XTRAIL"", ""prices"": 18600, ""year"": 2017, ""owner"": 0, ""home"": 0, ""odometer"": 117000, ""type"": ""SUV"", ""location"": ""Autocor 6 de Diciembre"", ""business_channel"": ""2500"", ""processedAt"": ""2026-03-16T17:00:28.096Z"", ""color"": ""PLATEADO"", ""accesories"": ""4X2"", ""license_plate"": ""PCT7467"", ""received_flag"": ""1"", ""days_in_stock"": ""52"", ""published_in_web"": ""1"", ""engine_number"": ""001-001-000011530"", ""reserved_by_user_email"": """", ""reserved_by_user_name"": """", ""reserved_dt"": null, ""expiration_dt"": null, ""opportunity_sale_id"": """", ""factory_invoicing_dt"": ""2026-01-23T00:00:00.000Z"", ""factory_status"": """", ""status_name"": ""DISPONIBLE"", ""fuel_name"": ""Gasolina"", ""availability_status_name"": ""Disponible"", ""availability_status_code"": ""1"", ""created_fullname"": ""ASISTENTE COMERCIAL 6 DICIEMBRE"", ""created_dt"": ""2026-01-21T17:37:00.000Z"", ""deleted_flag"": ""0"", ""owner_branch_code"": ""Autocor 6 de Diciembre"", ""saving_plan_group"": ""SUV"", ""saving_plan_order"": ""AUTOMATICA"", ""integration_reference_code"": ""6752E1F1-DB5B-4D2B-9EF1-4F95E36EF622"", ""version"": ""AC 2.5 5P 4X2"", ""purchase_price"": 19400}"
259,autocor,2026-03-16T17:52:01Z,PDX9419,CHEVROLET,ONIX,2023,15400,42500,Autocor Valle de los Chillos,Manual,,,4X2,,,,,2026-03-16T17:52:01Z,BLANCO,1.0,61FFD15F-15B0-4D7A-8C23-CFB2EAB604F8,https://cdn.pilotsolution.net/crm/stock/autocor/13671/13671_266150_desktop.jpeg,"{""id_record"": 259, ""id"": ""61FFD15F-15B0-4D7A-8C23-CFB2EAB604F8"", ""media"": ""https://cdn.pilotsolution.net/crm/stock/autocor/13671/13671_266150_desktop.jpeg"", ""brand"": ""CHEVROLET"", ""model"": ""ONIX"", ""prices"": 15400, ""year"": 2023, ""owner"": 0, ""home"": 0, ""odometer"": 42500, ""type"": ""HATCHBACK"", ""location"": ""Autocor Valle de los Chillos"", ""business_channel"": ""1000"", ""processedAt"": ""2026-03-16T17:00:28.096Z"", ""color"": ""BLANCO"", ""accesories"": ""4X2"", ""license_plate"": ""PDX9419"", ""received_flag"": ""1"", ""days_in_stock"": ""49"", ""published_in_web"": ""1"", ""engine_number"": ""006-001-000002298"", ""reserved_by_user_email"": """", ""reserved_by_user_name"": """", ""reserved_dt"": null, ""expiration_dt"": null, ""opportunity_sale_id"": """", ""factory_invoicing_dt"": ""2026-01-26T00:00:00.000Z"", ""factory_status"": ""NO"", ""status_name"": ""DISPONIBLE"", ""fuel_name"": ""Gasolina"", ""availability_status_name"": ""Disponible"", ""availability_status_code"": ""1"", ""created_fullname"": ""CARLOS  LOAYZA"", ""created_dt"": ""2026-01-21T15:08:54.000Z"", ""deleted_flag"": ""0"", ""owner_branch_code"": ""Autocor Valle de los Chillos"", ""saving_plan_group"": ""HATCHBACK"", ""saving_plan_order"": ""MANUAL"", ""integration_reference_code"": ""29334DE4-B171-44F7-ABA9-504D218AF554"", ""version"": ""TURBO AC 1.0 5P 4X2 TM"", ""purchase_price"": 13000}"
26,autocor,2026-03-16T17:51:59Z,PDM9721,MITSUBISHI,ECLIPSE,2020,21400,99400,Autocor 6 de Diciembre,Automática,,,4X2,,,,,2026-03-16T17:51:59Z,BLANCO,2.0,AE31D311-66E0-45E1-B3E4-B57E4F3170BA,https://cdn.pilotsolution.net/crm/stock/autocor/14389/14389_283059_desktop.jpeg,"{""id_record"": 26, ""id"": ""AE31D311-66E0-45E1-B3E4-B57E4F3170BA"", ""media"": ""https://cdn.pilotsolution.net/crm/stock/autocor/14389/14389_283059_desktop.jpeg"", ""brand"": ""MITSUBISHI"", ""model"": ""ECLIPSE"", ""prices"": 21400, ""year"": 2020, ""owner"": 0, ""home"": 0, ""odometer"": 99400, ""type"": ""SUV"", ""location"": ""Autocor 6 de Diciembre"", ""business_channel"": ""2000"", ""processedAt"": ""2026-03-16T17:00:28.096Z"", ""color"": ""BLANCO"", ""accesories"": ""4X2"", ""license_plate"": ""PDM9721"", ""received_flag"": ""1"", ""days_in_stock"": ""3"", ""published_in_web"": ""1"", ""engine_number"": """", ""reserved_by_user_email"": """", ""reserved_by_user_name"": """", ""reserved_dt"": null, ""expiration_dt"": null, ""opportunity_sale_id"": """", ""factory_invoicing_dt"": ""2026-03-13T00:00:00.000Z"", ""factory_status"": """", ""status_name"": ""DISPONIBLE"", ""fuel_name"": ""Gasolina"", ""availability_status_name"": ""Disponible"", ""availability_status_code"": ""1"", ""created_fullname"": ""MATEO MONGE"", ""created_dt"": ""2026-03-13T14:38:58.000Z"", ""deleted_flag"": ""0"", ""owner_branch_code"": ""Autocor 6 de Diciembre"", ""saving_plan_group"": ""SUV"", ""saving_plan_order"": ""AUTOMATICA"", ""integration_reference_code"": ""5F22D076-A1BA-4A2A-8FF4-776F725EF2E8"", ""version"": ""GLX AC 2.0 5P 4X2 CROSS"", ""purchase_price"": 18540}"
260,autocor,2026-03-16T17:52:01Z,PCE3296,MITSUBISHI,L200,2010,19900,248000,Autocor El Recreo,Manual,,,4X4,,,,,2026-03-16T17:52:01Z,BLANCO,2.5,7258A89E-5151-48EA-B302-07541F03B3E4,https://cdn.pilotsolution.net/crm/stock/autocor/13664/13664_279699_desktop.jpeg,"{""id_record"": 260, ""id"": ""7258A89E-5151-48EA-B302-07541F03B3E4"", ""media"": ""https://cdn.pilotsolution.net/crm/stock/autocor/13664/13664_279699_desktop.jpeg"", ""brand"": ""MITSUBISHI"", ""model"": ""L200"", ""prices"": 19900, ""year"": 2010, ""owner"": 0, ""home"": 0, ""odometer"": 248000, ""type"": ""DOBLE CABINA"", ""location"": ""Autocor El Recreo"", ""business_channel"": ""2500"", ""processedAt"": ""2026-03-16T17:00:28.096Z"", ""color"": ""BLANCO"", ""accesories"": ""4X4"", ""license_plate"": ""PCE3296"", ""received_flag"": ""1"", ""days_in_stock"": ""62"", ""published_in_web"": ""1"", ""engine_number"": ""008-001-000001348"", ""reserved_by_user_email"": """", ""reserved_by_user_name"": """", ""reserved_dt"": null, ""expiration_dt"": null, ""opportunity_sale_id"": """", ""factory_invoicing_dt"": ""2026-01-13T00:00:00.000Z"", ""factory_status"": """", ""status_name"": ""DISPONIBLE"", ""fuel_name"": ""Diesel"", ""availability_status_name"": ""Disponible"", ""availability_status_code"": ""1"", ""created_fullname"": ""PATRICIO LOPEZ PALACIOS"", ""created_dt"": ""2026-01-20T20:12:20.000Z"", ""deleted_flag"": ""0"", ""owner_branch_code"": ""Autocor El Recreo"", ""saving_plan_group"": ""DOBLE CABINA"", ""saving_plan_order"": ""MANUAL"", ""integration_reference_code"": ""928785E6-500F-4E2A-A2DD-9F612F79C452"", ""version"": ""DID 2.5 CD 4X4 TM DIESEL"", ""purchase_price"": 14000}"
261,autocor,2026-03-16T17:52:01Z,PDL3013,FIAT,500,2020,17600,53000,Autocor Eloy Alfaro,Manual,,,4X2,,,,,2026-03-16T17:52:01Z,AZUL,1.4,553941BD-72A3-447F-A3B1-58518E016024,https://cdn.pilotsolution.net/crm/stock/autocor/13662/13662_265900_desktop.jpeg,"{""id_record"": 261, ""id"": ""553941BD-72A3-447F-A3B1-58518E016024"", ""media"": ""https://cdn.pilotsolution.net/crm/stock/autocor/13662/13662_265900_desktop.jpeg"", ""brand"": ""FIAT"", ""model"": ""500"", ""prices"": 17600, ""year"": 2020, ""owner"": 0, ""home"": 0, ""odometer"": 53000, ""type"": ""CONVERTIBLE"", ""location"": ""Autocor Eloy Alfaro"", ""business_channel"": ""1368"", ""processedAt"": ""2026-03-16T17:00:28.096Z"", ""color"": ""AZUL"", ""accesories"": ""4X2"", ""license_plate"": ""PDL3013"", ""received_flag"": ""1"", ""days_in_stock"": ""55"", ""published_in_web"": ""1"", ""engine_number"": ""004-001-000003659"", ""reserved_by_user_email"": """", ""reserved_by_user_name"": """", ""reserved_dt"": null, ""expiration_dt"": null, ""opportunity_sale_id"": """", ""factory_invoicing_dt"": ""2026-01-20T00:00:00.000Z"", ""factory_status"": """", ""status_name"": ""DISPONIBLE"", ""fuel_name"": ""Gasolina"", ""availability_status_name"": ""Disponible"", ""availability_status_code"": ""1"", ""created_fullname"": ""ASISTENTE COMERCIAL ORELLANA"", ""created_dt"": ""2026-01-20T19:24:21.000Z"", ""deleted_flag"": ""0"", ""owner_branch_code"": ""Autocor Eloy Alfaro"", ""saving_plan_group"": ""CONVERTIBLE"", ""saving_plan_order"": ""MANUAL"", ""integration_reference_code"": ""4D42B673-C29C-439B-A9DF-93C190E9CE2A"", ""version"": ""AC 1.4 3P 4X2 TM"", ""purchase_price"": 15040}"
262,autocor,2026-03-16T17:52:01Z,PDK8292,JEEP,COMPASS,2018,21400,71000,Autocor Shyris,Automática,,,4X4,,,,,2026-03-16T17:52:01Z,VERDE,2.4,C19302EF-CB4D-4D02-8836-2E9D5752A43A,https://cdn.pilotsolution.net/crm/stock/autocor/13660/13660_264823_desktop.jpeg,"{""id_record"": 262, ""id"": ""C19302EF-CB4D-4D02-8836-2E9D5752A43A"", ""media"": ""https://cdn.pilotsolution.net/crm/stock/autocor/13660/13660_264823_desktop.jpeg"", ""brand"": ""JEEP"", ""model"": ""COMPASS"", ""prices"": 21400, ""year"": 2018, ""owner"": 0, ""home"": 0, ""odometer"": 71000, ""type"": ""SUV"", ""location"": ""Autocor Shyris"", ""business_channel"": ""2400"", ""processedAt"": ""2026-03-16T17:00:28.096Z"", ""color"": ""VERDE"", ""accesories"": ""4X4"", ""license_plate"": ""PDK8292"", ""received_flag"": ""1"", ""days_in_stock"": ""53"", ""published_in_web"": ""1"", ""engine_number"": """", ""reserved_by_user_email"": """", ""reserved_by_user_name"": """", ""reserved_dt"": null, ""expiration_dt"": null, ""opportunity_sale_id"": """", ""factory_invoicing_dt"": ""2026-01-22T00:00:00.000Z"", ""factory_status"": """", ""status_name"": ""DISPONIBLE"", ""fuel_name"": ""Gasolina"", ""availability_status_name"": ""Disponible"", ""availability_status_code"": ""1"", ""created_fullname"": ""PATRICIO LOPEZ PALACIOS"", ""created_dt"": ""2026-01-20T18:52:36.000Z"", ""deleted_flag"": ""0"", ""owner_branch_code"": ""Autocor Shyris"", ""saving_plan_group"": ""SUV"", ""saving_plan_order"": ""AUTOMATICA"", ""integration_reference_code"": ""9B05673B-5A33-47FF-B74B-3C9190141D11"", ""version"": ""2.4"", ""purchase_price"": 18500}"
263,autocor,2026-03-16T17:52:01Z,GTQ3876,GEELY,AZKARRA,2024,21400,13496,Autocor Guayaquil,Automática,,,4X2,,,,,2026-03-16T17:52:01Z,ROJO,1.5,32406884-E95A-4B99-8E33-3DD581B62474,https://cdn.pilotsolution.net/crm/stock/autocor/13640/13640_268926_desktop.jpeg,"{""id_record"": 263, ""id"": ""32406884-E95A-4B99-8E33-3DD581B62474"", ""media"": ""https://cdn.pilotsolution.net/crm/stock/autocor/13640/13640_268926_desktop.jpeg"", ""brand"": ""GEELY"", ""model"": ""AZKARRA"", ""prices"": 21400, ""year"": 2024, ""owner"": 1, ""home"": 0, ""odometer"": 13496, ""type"": ""SUV"", ""location"": ""Autocor Guayaquil"", ""business_channel"": ""1500"", ""processedAt"": ""2026-03-16T17:00:28.096Z"", ""color"": ""ROJO"", ""accesories"": ""4X2"", ""license_plate"": ""GTQ3876"", ""received_flag"": ""1"", ""days_in_stock"": ""false"", ""published_in_web"": ""1"", ""engine_number"": """", ""reserved_by_user_email"": """", ""reserved_by_user_name"": """", ""reserved_dt"": null, ""expiration_dt"": null, ""opportunity_sale_id"": """", ""factory_invoicing_dt"": null, ""factory_status"": ""SI"", ""status_name"": ""DISPONIBLE"", ""fuel_name"": ""Gasolina"", ""availability_status_name"": ""Disponible"", ""availability_status_code"": ""1"", ""created_fullname"": ""VENTAS  GUAYAQUIL"", ""created_dt"": ""2026-01-19T16:01:55.000Z"", ""deleted_flag"": ""0"", ""owner_branch_code"": ""Autocor Guayaquil"", ""saving_plan_group"": ""SUV"", ""saving_plan_order"": ""AUTOMATICA"", ""integration_reference_code"": ""AA0105B8-76A0-41D1-97FF-32A425B0ADD6"", ""version"": ""AC 1.5 5P 4X4 TA HYBRID"", ""purchase_price"": 16500}"
264,autocor,2026-03-16T17:52:01Z,PFG9106,CHEVROLET,GROOVE,2024,18900,21000,Autocor Eloy Alfaro,Manual,,,4X2,,,,,2026-03-16T17:52:01Z,PLOMO,1.5,1B45AD33-C2CF-4FB5-9F49-D8DC718A67AC,https://cdn.pilotsolution.net/crm/stock/autocor/13621/13621_263628_desktop.jpeg,"{""id_record"": 264, ""id"": ""1B45AD33-C2CF-4FB5-9F49-D8DC718A67AC"", ""media"": ""https://cdn.pilotsolution.net/crm/stock/autocor/13621/13621_263628_desktop.jpeg"", ""brand"": ""CHEVROLET"", ""model"": ""GROOVE"", ""prices"": 18900, ""year"": 2024, ""owner"": 0, ""home"": 0, ""odometer"": 21000, ""type"": ""SUV"", ""location"": ""Autocor Eloy Alfaro"", ""business_channel"": ""1500"", ""processedAt"": ""2026-03-16T17:00:28.096Z"", ""color"": ""PLOMO"", ""accesories"": ""4X2"", ""license_plate"": ""PFG9106"", ""received_flag"": ""1"", ""days_in_stock"": ""58"", ""published_in_web"": ""1"", ""engine_number"": """", ""reserved_by_user_email"": """", ""reserved_by_user_name"": """", ""reserved_dt"": null, ""expiration_dt"": null, ""opportunity_sale_id"": """", ""factory_invoicing_dt"": ""2026-01-17T00:00:00.000Z"", ""factory_status"": """", ""status_name"": ""DISPONIBLE"", ""fuel_name"": ""Gasolina"", ""availability_status_name"": ""Disponible"", ""availability_status_code"": ""1"", ""created_fullname"": ""Ventas  Cumbaya "", ""created_dt"": ""2026-01-17T19:18:23.000Z"", ""deleted_flag"": ""0"", ""owner_branch_code"": ""Autocor Eloy Alfaro"", ""saving_plan_group"": ""SUV"", ""saving_plan_order"": ""MANUAL"", ""integration_reference_code"": ""163DE07B-3926-4F7F-AD38-C49C90C23CCC"", ""version"": ""LTZ AC 1.5 5P 4X2 TM"", ""purchase_price"": 16000}"
265,autocor,2026-03-16T17:52:01Z,PDV2310,GREAT WALL,HAVAL H6,2022,22400,45000,Autocor Av. Orellana,Automática,,,4X2,,,,,2026-03-16T17:52:01Z,NEGRO,2.0,53993363-5D27-4443-99E3-C81F45F56C25,https://cdn.pilotsolution.net/crm/stock/autocor/13618/13618_264215_desktop.jpeg,"{""id_record"": 265, ""id"": ""53993363-5D27-4443-99E3-C81F45F56C25"", ""media"": ""https://cdn.pilotsolution.net/crm/stock/autocor/13618/13618_264215_desktop.jpeg"", ""brand"": ""GREAT WALL"", ""model"": ""HAVAL H6"", ""prices"": 22400, ""year"": 2022, ""owner"": 0, ""home"": 0, ""odometer"": 45000, ""type"": ""SUV"", ""location"": ""Autocor Av. Orellana"", ""business_channel"": ""2000"", ""processedAt"": ""2026-03-16T17:00:28.096Z"", ""color"": ""NEGRO"", ""accesories"": ""4X2"", ""license_plate"": ""PDV2310"", ""received_flag"": ""1"", ""days_in_stock"": ""58"", ""published_in_web"": ""1"", ""engine_number"": """", ""reserved_by_user_email"": """", ""reserved_by_user_name"": """", ""reserved_dt"": null, ""expiration_dt"": null, ""opportunity_sale_id"": """", ""factory_invoicing_dt"": ""2026-01-17T00:00:00.000Z"", ""factory_status"": """", ""status_name"": ""DISPONIBLE"", ""fuel_name"": ""Gasolina"", ""availability_status_name"": ""Disponible"", ""availability_status_code"": ""1"", ""created_fullname"": ""PATRICIO LOPEZ PALACIOS"", ""created_dt"": ""2026-01-17T15:32:11.000Z"", ""deleted_flag"": ""0"", ""owner_branch_code"": ""Autocor Av. Orellana"", ""saving_plan_group"": ""SUV"", ""saving_plan_order"": ""AUTOMATICA"", ""integration_reference_code"": ""EEB3103F-03D3-4E77-AB97-BA8CAA9B26E0"", ""version"": ""H6 B01 INTELLIGENT AC 2.0 5P"", ""purchase_price"": 19000}"
266,autocor,2026-03-16T17:52:01Z,PDR9745,MERCEDES BENZ,SPRINTER,2020,44900,45260,Autocor Av. Orellana,Manual,,,4X2,,,,,2026-03-16T17:52:01Z,NEGRO,ND,3BC4BD2F-7542-4A32-88F0-1C2AD71D0408,https://cdn.pilotsolution.net/crm/stock/autocor/13610/13610_268694_desktop.jpeg,"{""id_record"": 266, ""id"": ""3BC4BD2F-7542-4A32-88F0-1C2AD71D0408"", ""media"": ""https://cdn.pilotsolution.net/crm/stock/autocor/13610/13610_268694_desktop.jpeg"", ""brand"": ""MERCEDES BENZ"", ""model"": ""SPRINTER"", ""prices"": 44900, ""year"": 2020, ""owner"": 1, ""home"": 0, ""odometer"": 45260, ""type"": ""VAN"", ""location"": ""Autocor Av. Orellana"", ""business_channel"": ""2153"", ""processedAt"": ""2026-03-16T17:00:28.096Z"", ""color"": ""NEGRO"", ""accesories"": ""4X2"", ""license_plate"": ""PDR9745"", ""received_flag"": ""1"", ""days_in_stock"": ""50"", ""published_in_web"": ""1"", ""engine_number"": """", ""reserved_by_user_email"": """", ""reserved_by_user_name"": """", ""reserved_dt"": null, ""expiration_dt"": null, ""opportunity_sale_id"": """", ""factory_invoicing_dt"": ""2026-01-25T00:00:00.000Z"", ""factory_status"": ""SI"", ""status_name"": ""DISPONIBLE"", ""fuel_name"": ""Diesel"", ""availability_status_name"": ""Disponible"", ""availability_status_code"": ""1"", ""created_fullname"": ""PATRICIO LOPEZ PALACIOS"", ""created_dt"": ""2026-01-16T17:39:10.000Z"", ""deleted_flag"": ""0"", ""owner_branch_code"": ""Autocor Av. Orellana"", ""saving_plan_group"": ""VAN"", ""saving_plan_order"": ""MANUAL"", ""integration_reference_code"": ""0198145A-BCC5-4EDF-905E-93B0292C1F28"", ""version"": ""315 CDI STANDARD CARGA"", ""purchase_price"": 37950}"
267,autocor,2026-03-16T17:52:01Z,PFG5321,MAZDA,CX3,2024,23600,34000,Autocor Eloy Alfaro,Manual,,,4X2,,,,,2026-03-16T17:52:01Z,PLOMO,2.0,348627CC-073E-4A7E-ACB5-D3603911A20C,https://cdn.pilotsolution.net/crm/stock/autocor/13603/13603_263112_desktop.jpeg,"{""id_record"": 267, ""id"": ""348627CC-073E-4A7E-ACB5-D3603911A20C"", ""media"": ""https://cdn.pilotsolution.net/crm/stock/autocor/13603/13603_263112_desktop.jpeg"", ""brand"": ""MAZDA"", ""model"": ""CX3"", ""prices"": 23600, ""year"": 2024, ""owner"": 0, ""home"": 0, ""odometer"": 34000, ""type"": ""HATCHBACK"", ""location"": ""Autocor Eloy Alfaro"", ""business_channel"": ""2000"", ""processedAt"": ""2026-03-16T17:00:28.096Z"", ""color"": ""PLOMO"", ""accesories"": ""4X2"", ""license_plate"": ""PFG5321"", ""received_flag"": ""0"", ""days_in_stock"": ""0"", ""published_in_web"": ""1"", ""engine_number"": """", ""reserved_by_user_email"": """", ""reserved_by_user_name"": """", ""reserved_dt"": null, ""expiration_dt"": null, ""opportunity_sale_id"": """", ""factory_invoicing_dt"": ""2026-01-16T00:00:00.000Z"", ""factory_status"": """", ""status_name"": ""DISPONIBLE"", ""fuel_name"": ""Gasolina"", ""availability_status_name"": ""Disponible"", ""availability_status_code"": ""1"", ""created_fullname"": ""ASISTENTE COMERCIAL ELOY ALFARO"", ""created_dt"": ""2026-01-16T15:26:27.000Z"", ""deleted_flag"": ""0"", ""owner_branch_code"": ""Autocor Eloy Alfaro"", ""saving_plan_group"": ""HATCHBACK"", ""saving_plan_order"": ""MANUAL"", ""integration_reference_code"": ""506DC139-ED4E-48A4-93C2-E3517A3F1EC9"", ""version"": ""ENTRY AC 2.0 5P 4X2 TM"", ""purchase_price"": 20240}"
268,autocor,2026-03-16T17:52:01Z,PDH8978,JEEP,COMPASS,2018,18900,98400,Autocor Av. Orellana,Automática,,,4X2,,,,,2026-03-16T17:52:01Z,PLATA,2.4,64A8492A-294D-4393-98F0-DADC1EE56CE8,https://cdn.pilotsolution.net/crm/stock/autocor/13602/13602_264102_desktop.jpeg,"{""id_record"": 268, ""id"": ""64A8492A-294D-4393-98F0-DADC1EE56CE8"", ""media"": ""https://cdn.pilotsolution.net/crm/stock/autocor/13602/13602_264102_desktop.jpeg"", ""brand"": ""JEEP"", ""model"": ""COMPASS"", ""prices"": 18900, ""year"": 2018, ""owner"": 0, ""home"": 0, ""odometer"": 98400, ""type"": ""SUV"", ""location"": ""Autocor Av. Orellana"", ""business_channel"": ""2400"", ""processedAt"": ""2026-03-16T17:00:28.096Z"", ""color"": ""PLATA"", ""accesories"": ""4X2"", ""license_plate"": ""PDH8978"", ""received_flag"": ""1"", ""days_in_stock"": ""58"", ""published_in_web"": ""1"", ""engine_number"": """", ""reserved_by_user_email"": """", ""reserved_by_user_name"": """", ""reserved_dt"": null, ""expiration_dt"": null, ""opportunity_sale_id"": """", ""factory_invoicing_dt"": ""2026-01-17T00:00:00.000Z"", ""factory_status"": """", ""status_name"": ""DISPONIBLE"", ""fuel_name"": ""Gasolina"", ""availability_status_name"": ""Disponible"", ""availability_status_code"": ""1"", ""created_fullname"": ""PATRICIO LOPEZ PALACIOS"", ""created_dt"": ""2026-01-16T15:08:25.000Z"", ""deleted_flag"": ""0"", ""owner_branch_code"": ""Autocor Av. Orellana"", ""saving_plan_group"": ""SUV"", ""saving_plan_order"": ""AUTOMATICA"", ""integration_reference_code"": ""357672D9-D427-4221-B7E1-51429E7C51FD"", ""version"": ""SPORT AC 2.4 5P"", ""purchase_price"": 14500}"
269,autocor,2026-03-16T17:52:01Z,PFH9684,FOTON,TUNLAND,2024,21900,70000,Autocor Eloy Alfaro,Manual,,,4X4,,,,,2026-03-16T17:52:01Z,BLANCO,2.0,215F625A-3F64-4112-8205-C436CE433220,https://cdn.pilotsolution.net/crm/stock/autocor/13587/13587_271932_desktop.jpeg,"{""id_record"": 269, ""id"": ""215F625A-3F64-4112-8205-C436CE433220"", ""media"": ""https://cdn.pilotsolution.net/crm/stock/autocor/13587/13587_271932_desktop.jpeg"", ""brand"": ""FOTON"", ""model"": ""TUNLAND"", ""prices"": 21900, ""year"": 2024, ""owner"": 1, ""home"": 0, ""odometer"": 70000, ""type"": ""CAMIONETA"", ""location"": ""Autocor Eloy Alfaro"", ""business_channel"": ""2000"", ""processedAt"": ""2026-03-16T17:00:28.096Z"", ""color"": ""BLANCO"", ""accesories"": ""4X4"", ""license_plate"": ""PFH9684"", ""received_flag"": ""1"", ""days_in_stock"": ""54"", ""published_in_web"": ""1"", ""engine_number"": """", ""reserved_by_user_email"": """", ""reserved_by_user_name"": """", ""reserved_dt"": null, ""expiration_dt"": null, ""opportunity_sale_id"": """", ""factory_invoicing_dt"": ""2026-01-21T00:00:00.000Z"", ""factory_status"": ""SI"", ""status_name"": ""DISPONIBLE"", ""fuel_name"": ""Diesel"", ""availability_status_name"": ""Disponible"", ""availability_status_code"": ""1"", ""created_fullname"": ""ASISTENTE COMERCIAL 6 DICIEMBRE"", ""created_dt"": ""2026-01-15T16:20:03.000Z"", ""deleted_flag"": ""0"", ""owner_branch_code"": ""Autocor Eloy Alfaro"", ""saving_plan_group"": ""CAMIONETA"", ""saving_plan_order"": ""MANUAL"", ""integration_reference_code"": ""3850282F-118F-482D-BA0F-D0BE1AD2CDDE"", ""version"": ""AC 2.0 CD 4X4 TM"", ""purchase_price"": 17040}"
27,autocor,2026-03-16T17:51:59Z,GTG4032,VOLKSWAGEN,TIGUAN,2020,20900,78546,Autocor Guayaquil,Automática,,,4X2,,,,,2026-03-16T17:51:59Z,PLOMO,2.0,B753D45F-0B75-4ED4-851A-A551DBC22B3D,https://cdn.pilotsolution.net/crm/stock/autocor/14386/14386_282568_desktop.jpeg,"{""id_record"": 27, ""id"": ""B753D45F-0B75-4ED4-851A-A551DBC22B3D"", ""media"": ""https://cdn.pilotsolution.net/crm/stock/autocor/14386/14386_282568_desktop.jpeg"", ""brand"": ""VOLKSWAGEN"", ""model"": ""TIGUAN"", ""prices"": 20900, ""year"": 2020, ""owner"": 0, ""home"": 0, ""odometer"": 78546, ""type"": ""SUV"", ""location"": ""Autocor Guayaquil"", ""business_channel"": ""2000"", ""processedAt"": ""2026-03-16T17:00:28.096Z"", ""color"": ""PLOMO"", ""accesories"": ""4X2"", ""license_plate"": ""GTG4032"", ""received_flag"": ""1"", ""days_in_stock"": ""13"", ""published_in_web"": ""1"", ""engine_number"": """", ""reserved_by_user_email"": """", ""reserved_by_user_name"": """", ""reserved_dt"": null, ""expiration_dt"": null, ""opportunity_sale_id"": """", ""factory_invoicing_dt"": ""2026-03-03T00:00:00.000Z"", ""factory_status"": ""NO"", ""status_name"": ""DISPONIBLE"", ""fuel_name"": ""Gasolina"", ""availability_status_name"": ""Disponible"", ""availability_status_code"": ""1"", ""created_fullname"": ""ERNESTO ORTEGA"", ""created_dt"": ""2026-03-12T23:15:21.000Z"", ""deleted_flag"": ""0"", ""owner_branch_code"": ""Autocor Guayaquil"", ""saving_plan_group"": ""SUV"", ""saving_plan_order"": ""AUTOMATICA"", ""integration_reference_code"": ""FBB72D42-8EDD-492A-8FA9-71897BECE05D"", ""version"": ""TRENDLINE AC 2.0 5P  2.0T"", ""purchase_price"": 17500}"
270,autocor,2026-03-16T17:52:01Z,PDG5028,MERCEDES BENZ,C200,2019,38900,44100,Autocor 6 de Diciembre,Automática,,,4x2,,,,,2026-03-16T17:52:01Z,NEGRO,1.5,3B1FCFA5-2070-4348-AA97-86AC8DB53976,https://cdn.pilotsolution.net/crm/stock/autocor/13575/13575_262764_desktop.jpeg,"{""id_record"": 270, ""id"": ""3B1FCFA5-2070-4348-AA97-86AC8DB53976"", ""media"": ""https://cdn.pilotsolution.net/crm/stock/autocor/13575/13575_262764_desktop.jpeg"", ""brand"": ""MERCEDES BENZ"", ""model"": ""C200"", ""prices"": 38900, ""year"": 2019, ""owner"": 0, ""home"": 0, ""odometer"": 44100, ""type"": ""SEDAN"", ""location"": ""Autocor 6 de Diciembre"", ""business_channel"": ""1500"", ""processedAt"": ""2026-03-16T17:00:28.096Z"", ""color"": ""NEGRO"", ""accesories"": ""4x2"", ""license_plate"": ""PDG5028"", ""received_flag"": ""1"", ""days_in_stock"": ""61"", ""published_in_web"": ""1"", ""engine_number"": """", ""reserved_by_user_email"": """", ""reserved_by_user_name"": """", ""reserved_dt"": null, ""expiration_dt"": null, ""opportunity_sale_id"": """", ""factory_invoicing_dt"": ""2026-01-14T00:00:00.000Z"", ""factory_status"": """", ""status_name"": ""DISPONIBLE"", ""fuel_name"": ""Gasolina"", ""availability_status_name"": ""Disponible"", ""availability_status_code"": ""1"", ""created_fullname"": ""ASISTENTE COMERCIAL 6 DICIEMBRE"", ""created_dt"": ""2026-01-14T21:44:08.000Z"", ""deleted_flag"": ""0"", ""owner_branch_code"": ""Autocor 6 de Diciembre"", ""saving_plan_group"": ""SEDAN"", ""saving_plan_order"": ""AUTOMATICA"", ""integration_reference_code"": ""2E57A31F-8C47-411B-BECA-DD35C7DF3B34"", ""version"": ""AC 1.5 4P 4X2 TA"", ""purchase_price"": 35000}"
271,autocor,2026-03-16T17:52:01Z,PFK9120,FORD,BRONCO,2023,45900,30000,Autocor Shyris,Automática,,,4X4,,,,,2026-03-16T17:52:01Z,NEGRO,1.5,CAF89D43-99B8-4C03-86BA-55646B8E8A5B,https://cdn.pilotsolution.net/crm/stock/autocor/13573/13573_262342_desktop.jpeg,"{""id_record"": 271, ""id"": ""CAF89D43-99B8-4C03-86BA-55646B8E8A5B"", ""media"": ""https://cdn.pilotsolution.net/crm/stock/autocor/13573/13573_262342_desktop.jpeg"", ""brand"": ""FORD"", ""model"": ""BRONCO"", ""prices"": 45900, ""year"": 2023, ""owner"": 0, ""home"": 0, ""odometer"": 30000, ""type"": ""SUV"", ""location"": ""Autocor Shyris"", ""business_channel"": ""1500"", ""processedAt"": ""2026-03-16T17:00:28.096Z"", ""color"": ""NEGRO"", ""accesories"": ""4X4"", ""license_plate"": ""PFK9120"", ""received_flag"": ""1"", ""days_in_stock"": ""61"", ""published_in_web"": ""1"", ""engine_number"": """", ""reserved_by_user_email"": """", ""reserved_by_user_name"": """", ""reserved_dt"": null, ""expiration_dt"": null, ""opportunity_sale_id"": """", ""factory_invoicing_dt"": ""2026-01-14T00:00:00.000Z"", ""factory_status"": """", ""status_name"": ""DISPONIBLE"", ""fuel_name"": ""Gasolina"", ""availability_status_name"": ""Disponible"", ""availability_status_code"": ""1"", ""created_fullname"": ""ASISTENTE COMERCIAL SHYRIS"", ""created_dt"": ""2026-01-14T18:09:27.000Z"", ""deleted_flag"": ""0"", ""owner_branch_code"": ""Autocor Shyris"", ""saving_plan_group"": ""SUV"", ""saving_plan_order"": ""AUTOMATICA"", ""integration_reference_code"": ""F5E8C930-F16F-4DC0-A716-219F0C764B63"", ""version"": ""SPORT BIGBEND AC 1.5 5P"", ""purchase_price"": 39000}"
272,autocor,2026-03-16T17:52:01Z,PCU3866,FORD,EDGE,2016,21600,133666,Autocor Eloy Alfaro,Automática,,,4X2,,,,,2026-03-16T17:52:01Z,NEGRO,3.5,911C6D49-082F-440F-B596-A092947BAD37,https://cdn.pilotsolution.net/crm/stock/autocor/13571/13571_267375_desktop.jpeg,"{""id_record"": 272, ""id"": ""911C6D49-082F-440F-B596-A092947BAD37"", ""media"": ""https://cdn.pilotsolution.net/crm/stock/autocor/13571/13571_267375_desktop.jpeg"", ""brand"": ""FORD"", ""model"": ""EDGE"", ""prices"": 21600, ""year"": 2016, ""owner"": 0, ""home"": 0, ""odometer"": 133666, ""type"": ""SUV"", ""location"": ""Autocor Eloy Alfaro"", ""business_channel"": ""3500"", ""processedAt"": ""2026-03-16T17:00:28.096Z"", ""color"": ""NEGRO"", ""accesories"": ""4X2"", ""license_plate"": ""PCU3866"", ""received_flag"": ""1"", ""days_in_stock"": ""46"", ""published_in_web"": ""1"", ""engine_number"": ""GBB45791"", ""reserved_by_user_email"": """", ""reserved_by_user_name"": """", ""reserved_dt"": null, ""expiration_dt"": null, ""opportunity_sale_id"": """", ""factory_invoicing_dt"": ""2026-01-29T00:00:00.000Z"", ""factory_status"": """", ""status_name"": ""DISPONIBLE"", ""fuel_name"": ""Gasolina"", ""availability_status_name"": ""Disponible"", ""availability_status_code"": ""1"", ""created_fullname"": ""Carolina Alzamora"", ""created_dt"": ""2026-01-14T16:45:54.000Z"", ""deleted_flag"": ""0"", ""owner_branch_code"": ""Autocor Eloy Alfaro"", ""saving_plan_group"": ""SUV"", ""saving_plan_order"": ""AUTOMATICA"", ""integration_reference_code"": ""57B6CCC9-AE41-4883-B742-26E51C75A374"", ""version"": ""SEL AC 3.5 5P 4X2 TA"", ""purchase_price"": 19000}"
273,autocor,2026-03-16T17:52:01Z,PFD3896,FOTON,TUNLAND,2023,20900,88000,Autocor El Recreo,Manual,,,4X4,,,,,2026-03-16T17:52:01Z,PLATEADO,2.0,9498182B-6CC5-4654-952D-40DDFBC6A39D,https://cdn.pilotsolution.net/crm/stock/autocor/13567/13567_279616_desktop.jpeg,"{""id_record"": 273, ""id"": ""9498182B-6CC5-4654-952D-40DDFBC6A39D"", ""media"": ""https://cdn.pilotsolution.net/crm/stock/autocor/13567/13567_279616_desktop.jpeg"", ""brand"": ""FOTON"", ""model"": ""TUNLAND"", ""prices"": 20900, ""year"": 2023, ""owner"": 1, ""home"": 0, ""odometer"": 88000, ""type"": ""CAMIONETA "", ""location"": ""Autocor El Recreo"", ""business_channel"": ""2000"", ""processedAt"": ""2026-03-16T17:00:28.096Z"", ""color"": ""PLATEADO"", ""accesories"": ""4X4"", ""license_plate"": ""PFD3896"", ""received_flag"": ""1"", ""days_in_stock"": ""76"", ""published_in_web"": ""1"", ""engine_number"": ""008-001-000001324"", ""reserved_by_user_email"": """", ""reserved_by_user_name"": """", ""reserved_dt"": null, ""expiration_dt"": null, ""opportunity_sale_id"": """", ""factory_invoicing_dt"": ""2025-12-30T00:00:00.000Z"", ""factory_status"": ""SI"", ""status_name"": ""DISPONIBLE"", ""fuel_name"": ""Diesel"", ""availability_status_name"": ""Disponible"", ""availability_status_code"": ""1"", ""created_fullname"": ""PATRICIO LOPEZ PALACIOS"", ""created_dt"": ""2026-01-14T15:09:18.000Z"", ""deleted_flag"": ""0"", ""owner_branch_code"": ""Autocor El Recreo"", ""saving_plan_group"": ""CAMIONETA "", ""saving_plan_order"": ""MANUAL "", ""integration_reference_code"": ""1BB22084-101C-4EE4-B559-6BA26B087C58"", ""version"": ""G AC 2.0 CD 4X4 TM DIESEL"", ""purchase_price"": 14040}"
274,autocor,2026-03-16T17:52:01Z,GTD6951,GAC,GS8,2020,20900,112000,Autocor Guayaquil,Automática,,,4x2,,,,,2026-03-16T17:52:01Z,NEGRO,2.0,BE530604-9B5D-4B88-8304-9EEAE17BA987,https://cdn.pilotsolution.net/crm/stock/autocor/13563/13563_267730_desktop.jpeg,"{""id_record"": 274, ""id"": ""BE530604-9B5D-4B88-8304-9EEAE17BA987"", ""media"": ""https://cdn.pilotsolution.net/crm/stock/autocor/13563/13563_267730_desktop.jpeg"", ""brand"": ""GAC"", ""model"": ""GS8"", ""prices"": 20900, ""year"": 2020, ""owner"": 0, ""home"": 0, ""odometer"": 112000, ""type"": ""SEDAN"", ""location"": ""Autocor Guayaquil"", ""business_channel"": ""2000"", ""processedAt"": ""2026-03-16T17:00:28.096Z"", ""color"": ""NEGRO"", ""accesories"": ""4x2"", ""license_plate"": ""GTD6951"", ""received_flag"": ""1"", ""days_in_stock"": ""62"", ""published_in_web"": ""1"", ""engine_number"": ""001-001-000000636"", ""reserved_by_user_email"": """", ""reserved_by_user_name"": """", ""reserved_dt"": null, ""expiration_dt"": null, ""opportunity_sale_id"": """", ""factory_invoicing_dt"": ""2026-01-13T00:00:00.000Z"", ""factory_status"": """", ""status_name"": ""DISPONIBLE"", ""fuel_name"": ""Gasolina"", ""availability_status_name"": ""Disponible"", ""availability_status_code"": ""1"", ""created_fullname"": ""ASISTENTE COMERCIAL 6 DICIEMBRE"", ""created_dt"": ""2026-01-13T22:23:28.000Z"", ""deleted_flag"": ""0"", ""owner_branch_code"": ""Autocor Guayaquil"", ""saving_plan_group"": ""SEDAN"", ""saving_plan_order"": ""AUTOMATICA"", ""integration_reference_code"": ""7D3B09A2-A403-4F0F-BDA5-0B4E204ADB8A"", ""version"": ""2.0T AT GE AC 2.0 5P 4X2 TA"", ""purchase_price"": 17000}"
275,autocor,2026-03-16T17:52:01Z,GSZ8529,MAZDA,6,2018,18900,112000,Autocor Guayaquil,Automática,,,4X2,,,,,2026-03-16T17:52:01Z,NEGRO,2.0,E6C7DC1F-2D6A-4560-9FE5-07B459D32A54,https://cdn.pilotsolution.net/crm/stock/autocor/13546/13546_261605_desktop.jpeg,"{""id_record"": 275, ""id"": ""E6C7DC1F-2D6A-4560-9FE5-07B459D32A54"", ""media"": ""https://cdn.pilotsolution.net/crm/stock/autocor/13546/13546_261605_desktop.jpeg"", ""brand"": ""MAZDA"", ""model"": ""6"", ""prices"": 18900, ""year"": 2018, ""owner"": 0, ""home"": 0, ""odometer"": 112000, ""type"": ""SEDAN"", ""location"": ""Autocor Guayaquil"", ""business_channel"": ""2000"", ""processedAt"": ""2026-03-16T17:00:28.096Z"", ""color"": ""NEGRO"", ""accesories"": ""4X2"", ""license_plate"": ""GSZ8529"", ""received_flag"": ""1"", ""days_in_stock"": ""65"", ""published_in_web"": ""1"", ""engine_number"": """", ""reserved_by_user_email"": """", ""reserved_by_user_name"": """", ""reserved_dt"": null, ""expiration_dt"": null, ""opportunity_sale_id"": """", ""factory_invoicing_dt"": ""2026-01-10T00:00:00.000Z"", ""factory_status"": """", ""status_name"": ""DISPONIBLE"", ""fuel_name"": ""Gasolina"", ""availability_status_name"": ""Disponible"", ""availability_status_code"": ""1"", ""created_fullname"": ""VENTAS  GUAYAQUIL"", ""created_dt"": ""2026-01-12T22:17:28.000Z"", ""deleted_flag"": ""0"", ""owner_branch_code"": ""Autocor Guayaquil"", ""saving_plan_group"": ""SEDAN"", ""saving_plan_order"": ""AUTOMATICA"", ""integration_reference_code"": ""A9467662-F4E9-4A7F-B08E-5097747232BA"", ""version"": ""AC 2.0 4P 4X2 TA"", ""purchase_price"": 15200}"
276,autocor,2026-03-16T17:52:01Z,PDC1825,BMW,330I,2020,39900,40700,Autocor Shyris,Automática,,,4X2,,,,,2026-03-16T17:52:01Z,PLATEADO,2.0,169D897B-398D-472E-987B-0AFDD080119B,https://cdn.pilotsolution.net/crm/stock/autocor/13541/13541_261485_desktop.jpeg,"{""id_record"": 276, ""id"": ""169D897B-398D-472E-987B-0AFDD080119B"", ""media"": ""https://cdn.pilotsolution.net/crm/stock/autocor/13541/13541_261485_desktop.jpeg"", ""brand"": ""BMW"", ""model"": ""330I"", ""prices"": 39900, ""year"": 2020, ""owner"": 0, ""home"": 0, ""odometer"": 40700, ""type"": ""SEDAN"", ""location"": ""Autocor Shyris"", ""business_channel"": ""2000"", ""processedAt"": ""2026-03-16T17:00:28.096Z"", ""color"": ""PLATEADO"", ""accesories"": ""4X2"", ""license_plate"": ""PDC1825"", ""received_flag"": ""1"", ""days_in_stock"": ""63"", ""published_in_web"": ""1"", ""engine_number"": """", ""reserved_by_user_email"": """", ""reserved_by_user_name"": """", ""reserved_dt"": null, ""expiration_dt"": null, ""opportunity_sale_id"": """", ""factory_invoicing_dt"": ""2026-01-12T00:00:00.000Z"", ""factory_status"": """", ""status_name"": ""DISPONIBLE"", ""fuel_name"": ""Gasolina"", ""availability_status_name"": ""Disponible"", ""availability_status_code"": ""1"", ""created_fullname"": ""ASISTENTE COMERCIAL SHYRIS"", ""created_dt"": ""2026-01-12T20:59:46.000Z"", ""deleted_flag"": ""0"", ""owner_branch_code"": ""Autocor Shyris"", ""saving_plan_group"": ""SEDAN"", ""saving_plan_order"": ""AUTOMATICA"", ""integration_reference_code"": ""13DB29B3-CBA2-4A3A-95A3-9DE9F2664CE5"", ""version"": ""AC 2.0 4P 4X2 TA"", ""purchase_price"": 34040}"
277,autocor,2026-03-16T17:52:01Z,GTH3204,FORD,BRONCO,2021,37900,139000,Autocor Guayaquil,Automática,,,4X4,,,,,2026-03-16T17:52:01Z,NEGRO,2.0,8A48E0D7-D4E4-447B-ABF5-D996A96CFEC7,https://cdn.pilotsolution.net/crm/stock/autocor/13520/13520_260775_desktop.jpeg,"{""id_record"": 277, ""id"": ""8A48E0D7-D4E4-447B-ABF5-D996A96CFEC7"", ""media"": ""https://cdn.pilotsolution.net/crm/stock/autocor/13520/13520_260775_desktop.jpeg"", ""brand"": ""FORD"", ""model"": ""BRONCO"", ""prices"": 37900, ""year"": 2021, ""owner"": 0, ""home"": 0, ""odometer"": 139000, ""type"": ""TODOTERRENO"", ""location"": ""Autocor Guayaquil"", ""business_channel"": ""2000"", ""processedAt"": ""2026-03-16T17:00:28.096Z"", ""color"": ""NEGRO"", ""accesories"": ""4X4"", ""license_plate"": ""GTH3204"", ""received_flag"": ""1"", ""days_in_stock"": ""66"", ""published_in_web"": ""1"", ""engine_number"": """", ""reserved_by_user_email"": """", ""reserved_by_user_name"": """", ""reserved_dt"": null, ""expiration_dt"": null, ""opportunity_sale_id"": """", ""factory_invoicing_dt"": ""2026-01-09T00:00:00.000Z"", ""factory_status"": """", ""status_name"": ""DISPONIBLE"", ""fuel_name"": ""Gasolina"", ""availability_status_name"": ""Disponible"", ""availability_status_code"": ""1"", ""created_fullname"": ""VENTAS  GUAYAQUIL"", ""created_dt"": ""2026-01-12T15:20:38.000Z"", ""deleted_flag"": ""0"", ""owner_branch_code"": ""Autocor Guayaquil"", ""saving_plan_group"": ""TODOTERRENO"", ""saving_plan_order"": ""AUTOMATICA"", ""integration_reference_code"": ""AF83A53D-0E57-4B15-B81F-A98DBACA920E"", ""version"": ""SPORT WILDTRAK AC 2.0 5P 4X4 TA"", ""purchase_price"": 33000}"
278,autocor,2026-03-16T17:52:01Z,MBC6711,FORD,EXPEDITION,2017,38900,137000,Autocor Guayaquil,Automática,,,4X4,,,,,2026-03-16T17:52:01Z,PLATEADO,3.5,8E41C28E-D5EB-48FF-B5A2-8C8520B5FA4B,https://cdn.pilotsolution.net/crm/stock/autocor/13507/13507_261629_desktop.jpeg,"{""id_record"": 278, ""id"": ""8E41C28E-D5EB-48FF-B5A2-8C8520B5FA4B"", ""media"": ""https://cdn.pilotsolution.net/crm/stock/autocor/13507/13507_261629_desktop.jpeg"", ""brand"": ""FORD"", ""model"": ""EXPEDITION"", ""prices"": 38900, ""year"": 2017, ""owner"": 0, ""home"": 0, ""odometer"": 137000, ""type"": ""SUV"", ""location"": ""Autocor Guayaquil"", ""business_channel"": ""3500"", ""processedAt"": ""2026-03-16T17:00:28.096Z"", ""color"": ""PLATEADO"", ""accesories"": ""4X4"", ""license_plate"": ""MBC6711"", ""received_flag"": ""1"", ""days_in_stock"": ""65"", ""published_in_web"": ""1"", ""engine_number"": """", ""reserved_by_user_email"": """", ""reserved_by_user_name"": """", ""reserved_dt"": null, ""expiration_dt"": null, ""opportunity_sale_id"": """", ""factory_invoicing_dt"": ""2026-01-10T00:00:00.000Z"", ""factory_status"": """", ""status_name"": ""DISPONIBLE"", ""fuel_name"": ""Gasolina"", ""availability_status_name"": ""Disponible"", ""availability_status_code"": ""1"", ""created_fullname"": ""PATRICIO LOPEZ PALACIOS"", ""created_dt"": ""2026-01-12T13:37:48.000Z"", ""deleted_flag"": ""0"", ""owner_branch_code"": ""Autocor Guayaquil"", ""saving_plan_group"": ""SUV"", ""saving_plan_order"": ""AUTOMATICA"", ""integration_reference_code"": ""2AD0A8E2-2368-4AFA-988E-DC90944588BB"", ""version"": ""AC 3.5 5P 4X4 TA"", ""purchase_price"": 35000}"
279,autocor,2026-03-16T17:52:01Z,PFD3892,FOTON,TUNLAND,2023,21400,77000,Autocor Valle de los Chillos,Manual,,,4X4,,,,,2026-03-16T17:52:01Z,PLOMO,2.0,20F59500-5771-4498-AEB5-55DB45F0D49F,https://cdn.pilotsolution.net/crm/stock/autocor/13486/13486_264948_desktop.jpeg,"{""id_record"": 279, ""id"": ""20F59500-5771-4498-AEB5-55DB45F0D49F"", ""media"": ""https://cdn.pilotsolution.net/crm/stock/autocor/13486/13486_264948_desktop.jpeg"", ""brand"": ""FOTON"", ""model"": ""TUNLAND"", ""prices"": 21400, ""year"": 2023, ""owner"": 1, ""home"": 0, ""odometer"": 77000, ""type"": ""CAMIONETA"", ""location"": ""Autocor Valle de los Chillos"", ""business_channel"": ""2000"", ""processedAt"": ""2026-03-16T17:00:28.096Z"", ""color"": ""PLOMO"", ""accesories"": ""4X4"", ""license_plate"": ""PFD3892"", ""received_flag"": ""1"", ""days_in_stock"": ""66"", ""published_in_web"": ""1"", ""engine_number"": ""006-001-000002259"", ""reserved_by_user_email"": """", ""reserved_by_user_name"": """", ""reserved_dt"": null, ""expiration_dt"": null, ""opportunity_sale_id"": """", ""factory_invoicing_dt"": ""2026-01-09T00:00:00.000Z"", ""factory_status"": ""SI"", ""status_name"": ""DISPONIBLE"", ""fuel_name"": ""Diesel"", ""availability_status_name"": ""Disponible"", ""availability_status_code"": ""1"", ""created_fullname"": ""VENTAS VALLE CHILLOS"", ""created_dt"": ""2026-01-09T21:23:10.000Z"", ""deleted_flag"": ""0"", ""owner_branch_code"": ""Autocor Valle de los Chillos"", ""saving_plan_group"": ""CAMIONETA"", ""saving_plan_order"": ""MANUAL"", ""integration_reference_code"": ""8FF9813C-5AEB-455F-AC13-8DB72B636AD4"", ""version"": ""G AC 2.0 CD 4X4 TM DIESEL"", ""purchase_price"": 17040}"
28,autocor,2026-03-16T17:51:59Z,TBM2654,MG,ONE,2025,21900,22000,Autocor Shyris,Automática,,,4X2,,,,,2026-03-16T17:51:59Z,ROJO,1.5,9BD9ECA2-0595-4891-BD1B-EC9B735B42C3,https://cdn.pilotsolution.net/crm/stock/autocor/14384/14384_282490_desktop.jpeg,"{""id_record"": 28, ""id"": ""9BD9ECA2-0595-4891-BD1B-EC9B735B42C3"", ""media"": ""https://cdn.pilotsolution.net/crm/stock/autocor/14384/14384_282490_desktop.jpeg"", ""brand"": ""MG"", ""model"": ""ONE"", ""prices"": 21900, ""year"": 2025, ""owner"": 0, ""home"": 0, ""odometer"": 22000, ""type"": ""SUV"", ""location"": ""Autocor Shyris"", ""business_channel"": ""1500"", ""processedAt"": ""2026-03-16T17:00:28.096Z"", ""color"": ""ROJO"", ""accesories"": ""4X2"", ""license_plate"": ""TBM2654"", ""received_flag"": ""1"", ""days_in_stock"": ""4"", ""published_in_web"": ""1"", ""engine_number"": """", ""reserved_by_user_email"": """", ""reserved_by_user_name"": """", ""reserved_dt"": null, ""expiration_dt"": null, ""opportunity_sale_id"": """", ""factory_invoicing_dt"": ""2026-03-12T00:00:00.000Z"", ""factory_status"": """", ""status_name"": ""DISPONIBLE"", ""fuel_name"": ""Gasolina"", ""availability_status_name"": ""Disponible"", ""availability_status_code"": ""1"", ""created_fullname"": ""ASISTENTE COMERCIAL SHYRIS"", ""created_dt"": ""2026-03-12T21:44:13.000Z"", ""deleted_flag"": ""0"", ""owner_branch_code"": ""Autocor Shyris"", ""saving_plan_group"": ""SUV"", ""saving_plan_order"": ""AUTOMATICA"", ""integration_reference_code"": ""81DAEA25-C364-41EC-B476-674D3BDAE3A1"", ""version"": ""AC 1.5 5P 4X2 TA"", ""purchase_price"": 17000}"
280,autocor,2026-03-16T17:52:01Z,PFJ3104,MG,MG5,2024,14400,60000,Autocor Av. Orellana,Manual,,,4X2,,,,,2026-03-16T17:52:01Z,PLATEADO,1.5,2AEF95DF-A689-4FB8-A5F1-386745263FA7,https://cdn.pilotsolution.net/crm/stock/autocor/13481/13481_261653_desktop.jpeg,"{""id_record"": 280, ""id"": ""2AEF95DF-A689-4FB8-A5F1-386745263FA7"", ""media"": ""https://cdn.pilotsolution.net/crm/stock/autocor/13481/13481_261653_desktop.jpeg"", ""brand"": ""MG"", ""model"": ""MG5"", ""prices"": 14400, ""year"": 2024, ""owner"": 0, ""home"": 0, ""odometer"": 60000, ""type"": ""SEDAN"", ""location"": ""Autocor Av. Orellana"", ""business_channel"": ""1498"", ""processedAt"": ""2026-03-16T17:00:28.096Z"", ""color"": ""PLATEADO"", ""accesories"": ""4X2"", ""license_plate"": ""PFJ3104"", ""received_flag"": ""1"", ""days_in_stock"": ""66"", ""published_in_web"": ""1"", ""engine_number"": ""004-001-000003635"", ""reserved_by_user_email"": """", ""reserved_by_user_name"": """", ""reserved_dt"": null, ""expiration_dt"": null, ""opportunity_sale_id"": """", ""factory_invoicing_dt"": ""2026-01-09T00:00:00.000Z"", ""factory_status"": """", ""status_name"": ""DISPONIBLE"", ""fuel_name"": ""Gasolina"", ""availability_status_name"": ""Disponible"", ""availability_status_code"": ""1"", ""created_fullname"": ""ASISTENTE COMERCIAL ORELLANA"", ""created_dt"": ""2026-01-09T15:51:23.000Z"", ""deleted_flag"": ""0"", ""owner_branch_code"": ""Autocor Av. Orellana"", ""saving_plan_group"": ""SEDAN"", ""saving_plan_order"": ""MANUAL"", ""integration_reference_code"": ""BC9236B2-EABF-47CD-B9B2-17FC1A43EBB3"", ""version"": ""AC 1.5 4P 4X2 TM"", ""purchase_price"": 12000}"
281,autocor,2026-03-16T17:52:02Z,GTE8213,NISSAN,QASHQAI,2020,18900,135000,Autocor Guayaquil,Automática,,,4X2,,,,,2026-03-16T17:52:02Z,PLOMO,2.0,44151E2B-0020-4C9E-BCC7-9F4A1C58B238,https://cdn.pilotsolution.net/crm/stock/autocor/13467/13467_259846_desktop.jpeg,"{""id_record"": 281, ""id"": ""44151E2B-0020-4C9E-BCC7-9F4A1C58B238"", ""media"": ""https://cdn.pilotsolution.net/crm/stock/autocor/13467/13467_259846_desktop.jpeg"", ""brand"": ""NISSAN"", ""model"": ""QASHQAI"", ""prices"": 18900, ""year"": 2020, ""owner"": 0, ""home"": 0, ""odometer"": 135000, ""type"": ""SUV"", ""location"": ""Autocor Guayaquil"", ""business_channel"": ""2000"", ""processedAt"": ""2026-03-16T17:00:28.096Z"", ""color"": ""PLOMO"", ""accesories"": ""4X2"", ""license_plate"": ""GTE8213"", ""received_flag"": ""1"", ""days_in_stock"": ""67"", ""published_in_web"": ""1"", ""engine_number"": """", ""reserved_by_user_email"": """", ""reserved_by_user_name"": """", ""reserved_dt"": null, ""expiration_dt"": null, ""opportunity_sale_id"": """", ""factory_invoicing_dt"": ""2026-01-08T00:00:00.000Z"", ""factory_status"": """", ""status_name"": ""DISPONIBLE"", ""fuel_name"": ""Gasolina"", ""availability_status_name"": ""Disponible"", ""availability_status_code"": ""1"", ""created_fullname"": ""VENTAS  GUAYAQUIL"", ""created_dt"": ""2026-01-08T18:59:26.000Z"", ""deleted_flag"": ""0"", ""owner_branch_code"": ""Autocor Guayaquil"", ""saving_plan_group"": ""SUV"", ""saving_plan_order"": ""AUTOMATICA"", ""integration_reference_code"": ""63DAF893-9514-4A53-B7D6-9FF3E4BAC1D5"", ""version"": ""ADVANCE EAC 2.0 5P 4X2 TA"", ""purchase_price"": 16040}"
282,autocor,2026-03-16T17:52:02Z,PFL9488,DONGFENG,HUGE,2025,22900,23000,Autocor La Prensa,Automática,,,4X2,,,,,2026-03-16T17:52:02Z,NEGRO,1.5,4C95B3CB-0443-4F4C-B2D9-E7B36C88D035,https://cdn.pilotsolution.net/crm/stock/autocor/13464/13464_260298_desktop.jpeg,"{""id_record"": 282, ""id"": ""4C95B3CB-0443-4F4C-B2D9-E7B36C88D035"", ""media"": ""https://cdn.pilotsolution.net/crm/stock/autocor/13464/13464_260298_desktop.jpeg"", ""brand"": ""DONGFENG"", ""model"": ""HUGE"", ""prices"": 22900, ""year"": 2025, ""owner"": 0, ""home"": 1, ""odometer"": 23000, ""type"": ""SUV"", ""location"": ""Autocor La Prensa"", ""business_channel"": ""1500"", ""processedAt"": ""2026-03-16T17:00:28.096Z"", ""color"": ""NEGRO"", ""accesories"": ""4X2"", ""license_plate"": ""PFL9488"", ""received_flag"": ""0"", ""days_in_stock"": ""0"", ""published_in_web"": ""0"", ""engine_number"": ""005-001-00 0004721"", ""reserved_by_user_email"": """", ""reserved_by_user_name"": """", ""reserved_dt"": null, ""expiration_dt"": null, ""opportunity_sale_id"": """", ""factory_invoicing_dt"": ""2026-01-06T00:00:00.000Z"", ""factory_status"": ""NO"", ""status_name"": ""DISPONIBLE"", ""fuel_name"": ""Gasolina"", ""availability_status_name"": ""Disponible"", ""availability_status_code"": ""1"", ""created_fullname"": ""ANDRES MIGUEL  LUGO MARTINEZ"", ""created_dt"": ""2026-01-08T18:40:53.000Z"", ""deleted_flag"": ""0"", ""owner_branch_code"": ""Autocor La Prensa"", ""saving_plan_group"": ""SUV"", ""saving_plan_order"": ""AUTOMATICA"", ""integration_reference_code"": ""3E3CA753-4DD8-498D-9212-6A7584B2DF46"", ""version"": ""AC 1.5 5P 4X2 TA"", ""purchase_price"": 20000}"
283,autocor,2026-03-16T17:52:02Z,PDO8512,GREAT WALL,HAVAL H6,2022,22400,26700,Autocor La Prensa,Automática,,,4X2,,,,,2026-03-16T17:52:02Z,ROJO,2.0,AA23DE39-3D1E-4EA7-AB28-4EE1E5480BE7,https://cdn.pilotsolution.net/crm/stock/autocor/13462/13462_260071_desktop.jpeg,"{""id_record"": 283, ""id"": ""AA23DE39-3D1E-4EA7-AB28-4EE1E5480BE7"", ""media"": ""https://cdn.pilotsolution.net/crm/stock/autocor/13462/13462_260071_desktop.jpeg"", ""brand"": ""GREAT WALL"", ""model"": ""HAVAL H6"", ""prices"": 22400, ""year"": 2022, ""owner"": 0, ""home"": 0, ""odometer"": 26700, ""type"": ""SUV"", ""location"": ""Autocor La Prensa"", ""business_channel"": ""2000"", ""processedAt"": ""2026-03-16T17:00:28.096Z"", ""color"": ""ROJO"", ""accesories"": ""4X2"", ""license_plate"": ""PDO8512"", ""received_flag"": ""1"", ""days_in_stock"": ""67"", ""published_in_web"": ""1"", ""engine_number"": """", ""reserved_by_user_email"": """", ""reserved_by_user_name"": """", ""reserved_dt"": null, ""expiration_dt"": null, ""opportunity_sale_id"": """", ""factory_invoicing_dt"": ""2026-01-08T00:00:00.000Z"", ""factory_status"": """", ""status_name"": ""DISPONIBLE"", ""fuel_name"": ""Gasolina"", ""availability_status_name"": ""Disponible"", ""availability_status_code"": ""1"", ""created_fullname"": ""VENTAS LA PRENSA"", ""created_dt"": ""2026-01-08T16:35:01.000Z"", ""deleted_flag"": ""0"", ""owner_branch_code"": ""Autocor La Prensa"", ""saving_plan_group"": ""SUV"", ""saving_plan_order"": ""AUTOMATICA"", ""integration_reference_code"": ""8DFBF472-6129-4979-B7BA-472045E96A78"", ""version"": ""B01 INTELLIGENT AC 2.0 5P"", ""purchase_price"": 19300}"
284,autocor,2026-03-16T17:52:02Z,GSX2144,VOLKSWAGEN,AMAROK,2017,20900,185266,Autocor Guayaquil,Automática,,,4x2,,,,,2026-03-16T17:52:02Z,PLOMO,2.0,636E254F-B252-466A-8CEF-37F2FDE0D8C1,https://cdn.pilotsolution.net/crm/stock/autocor/13457/13457_264458_desktop.jpeg,"{""id_record"": 284, ""id"": ""636E254F-B252-466A-8CEF-37F2FDE0D8C1"", ""media"": ""https://cdn.pilotsolution.net/crm/stock/autocor/13457/13457_264458_desktop.jpeg"", ""brand"": ""VOLKSWAGEN"", ""model"": ""AMAROK"", ""prices"": 20900, ""year"": 2017, ""owner"": 0, ""home"": 0, ""odometer"": 185266, ""type"": ""CAMIONETA"", ""location"": ""Autocor Guayaquil"", ""business_channel"": ""2000"", ""processedAt"": ""2026-03-16T17:00:28.096Z"", ""color"": ""PLOMO"", ""accesories"": ""4x2"", ""license_plate"": ""GSX2144"", ""received_flag"": ""1"", ""days_in_stock"": ""115"", ""published_in_web"": ""1"", ""engine_number"": """", ""reserved_by_user_email"": """", ""reserved_by_user_name"": """", ""reserved_dt"": null, ""expiration_dt"": null, ""opportunity_sale_id"": """", ""factory_invoicing_dt"": ""2025-11-21T00:00:00.000Z"", ""factory_status"": """", ""status_name"": ""DISPONIBLE"", ""fuel_name"": ""Diesel"", ""availability_status_name"": ""Disponible"", ""availability_status_code"": ""1"", ""created_fullname"": ""BILL BROWN"", ""created_dt"": ""2026-01-08T01:35:23.000Z"", ""deleted_flag"": ""0"", ""owner_branch_code"": ""Autocor Guayaquil"", ""saving_plan_group"": ""CAMIONETA"", ""saving_plan_order"": ""AUTOMATICA"", ""integration_reference_code"": ""18C7A7E5-F06E-4549-BC2C-A80918D30DB3"", ""version"": ""PLUS AC 2.0 CD 4X2"", ""purchase_price"": 18000}"
285,autocor,2026-03-16T17:52:02Z,PFD5759,RENAULT,LOGAN,2024,14600,83700,Autocor 6 de Diciembre,Automática,,,4X2,,,,,2026-03-16T17:52:02Z,PLOMO,1.6,0223FD91-BC6F-4280-AF8F-5223A777E5C3,https://cdn.pilotsolution.net/crm/stock/autocor/13454/13454_265062_desktop.jpeg,"{""id_record"": 285, ""id"": ""0223FD91-BC6F-4280-AF8F-5223A777E5C3"", ""media"": ""https://cdn.pilotsolution.net/crm/stock/autocor/13454/13454_265062_desktop.jpeg"", ""brand"": ""RENAULT"", ""model"": ""LOGAN"", ""prices"": 14600, ""year"": 2024, ""owner"": 1, ""home"": 0, ""odometer"": 83700, ""type"": ""SEDAN "", ""location"": ""Autocor 6 de Diciembre"", ""business_channel"": ""1600"", ""processedAt"": ""2026-03-16T17:00:28.096Z"", ""color"": ""PLOMO"", ""accesories"": ""4X2\n"", ""license_plate"": ""PFD5759"", ""received_flag"": ""1"", ""days_in_stock"": ""68"", ""published_in_web"": ""1"", ""engine_number"": ""001-001-000011428"", ""reserved_by_user_email"": """", ""reserved_by_user_name"": """", ""reserved_dt"": null, ""expiration_dt"": null, ""opportunity_sale_id"": """", ""factory_invoicing_dt"": ""2026-01-07T00:00:00.000Z"", ""factory_status"": ""SI"", ""status_name"": ""DISPONIBLE"", ""fuel_name"": ""Gasolina"", ""availability_status_name"": ""Disponible"", ""availability_status_code"": ""1"", ""created_fullname"": ""ASISTENTE COMERCIAL 6 DICIEMBRE"", ""created_dt"": ""2026-01-07T21:14:26.000Z"", ""deleted_flag"": ""0"", ""owner_branch_code"": ""Autocor 6 de Diciembre"", ""saving_plan_group"": ""SEDAN "", ""saving_plan_order"": ""AUTOMATICA"", ""integration_reference_code"": ""C36273D3-1ACD-4277-B8E8-E13B60E50419"", ""version"": ""CROSS INTENS CVT AC 1.6 4P 4X2 TA"", ""purchase_price"": 11040}"
286,autocor,2026-03-16T17:52:02Z,GTL2867,PEUGEOT,301,2023,15600,14400,Autocor Guayaquil,Manual,,,4X2,,,,,2026-03-16T17:52:02Z,NEGRO,1.6,84CD644A-56F1-4DCB-B2ED-9C9F164E1958,https://cdn.pilotsolution.net/crm/stock/autocor/13451/13451_271500_desktop.jpeg,"{""id_record"": 286, ""id"": ""84CD644A-56F1-4DCB-B2ED-9C9F164E1958"", ""media"": ""https://cdn.pilotsolution.net/crm/stock/autocor/13451/13451_271500_desktop.jpeg"", ""brand"": ""PEUGEOT"", ""model"": ""301"", ""prices"": 15600, ""year"": 2023, ""owner"": 0, ""home"": 1, ""odometer"": 14400, ""type"": ""SEDAN"", ""location"": ""Autocor Guayaquil"", ""business_channel"": ""1600"", ""processedAt"": ""2026-03-16T17:00:28.096Z"", ""color"": ""NEGRO"", ""accesories"": ""4X2"", ""license_plate"": ""GTL2867"", ""received_flag"": ""1"", ""days_in_stock"": ""68"", ""published_in_web"": ""1"", ""engine_number"": ""001-001-000011424"", ""reserved_by_user_email"": """", ""reserved_by_user_name"": """", ""reserved_dt"": null, ""expiration_dt"": null, ""opportunity_sale_id"": """", ""factory_invoicing_dt"": ""2026-01-07T00:00:00.000Z"", ""factory_status"": ""NO"", ""status_name"": ""DISPONIBLE"", ""fuel_name"": ""Gasolina"", ""availability_status_name"": ""Disponible"", ""availability_status_code"": ""1"", ""created_fullname"": ""MATEO MONGE"", ""created_dt"": ""2026-01-07T17:05:09.000Z"", ""deleted_flag"": ""0"", ""owner_branch_code"": ""Autocor Guayaquil"", ""saving_plan_group"": ""SEDAN"", ""saving_plan_order"": ""MANUAL"", ""integration_reference_code"": ""2E70A666-BE45-43F7-97BB-C6F4EBDB994C"", ""version"": ""ALL 16E B5 AC 1.6 4P 4X2 TM"", ""purchase_price"": 12540}"
287,autocor,2026-03-16T17:52:02Z,GTQ3115,CITROEN,C3,2024,15900,57976,Autocor Guayaquil,Automática,,,4X2,,,,,2026-03-16T17:52:02Z,PLOMO,1.2,D6D36DCE-1908-43E7-86B7-69ED17F7CC82,https://cdn.pilotsolution.net/crm/stock/autocor/13439/13439_259152_desktop.jpeg,"{""id_record"": 287, ""id"": ""D6D36DCE-1908-43E7-86B7-69ED17F7CC82"", ""media"": ""https://cdn.pilotsolution.net/crm/stock/autocor/13439/13439_259152_desktop.jpeg"", ""brand"": ""CITROEN"", ""model"": ""C3"", ""prices"": 15900, ""year"": 2024, ""owner"": 0, ""home"": 0, ""odometer"": 57976, ""type"": ""HATCHBACK"", ""location"": ""Autocor Guayaquil"", ""business_channel"": ""1200"", ""processedAt"": ""2026-03-16T17:00:28.096Z"", ""color"": ""PLOMO"", ""accesories"": ""4X2"", ""license_plate"": ""GTQ3115"", ""received_flag"": ""1"", ""days_in_stock"": ""76"", ""published_in_web"": ""1"", ""engine_number"": """", ""reserved_by_user_email"": """", ""reserved_by_user_name"": """", ""reserved_dt"": null, ""expiration_dt"": null, ""opportunity_sale_id"": """", ""factory_invoicing_dt"": ""2025-12-30T00:00:00.000Z"", ""factory_status"": """", ""status_name"": ""DISPONIBLE"", ""fuel_name"": ""Gasolina"", ""availability_status_name"": ""Disponible"", ""availability_status_code"": ""1"", ""created_fullname"": ""ERNESTO ORTEGA"", ""created_dt"": ""2026-01-06T16:21:41.000Z"", ""deleted_flag"": ""0"", ""owner_branch_code"": ""Autocor Guayaquil"", ""saving_plan_group"": ""HATCHBACK"", ""saving_plan_order"": ""AUTOMATICA"", ""integration_reference_code"": ""088A0F70-9DA2-4B4D-A5F8-1A74D4AFEED4"", ""version"": ""AC 1.2 5P 4X2 TA"", ""purchase_price"": 12500}"
288,autocor,2026-03-16T17:52:02Z,PFG9761,GREAT WALL,HAVAL H6,2022,22900,22300,Autocor Av. Orellana,Automática,,,4x2,,,,,2026-03-16T17:52:02Z,VINO,2.0,640E0CB3-D89C-437D-809C-59FB79778390,https://cdn.pilotsolution.net/crm/stock/autocor/13431/13431_258781_desktop.jpeg,"{""id_record"": 288, ""id"": ""640E0CB3-D89C-437D-809C-59FB79778390"", ""media"": ""https://cdn.pilotsolution.net/crm/stock/autocor/13431/13431_258781_desktop.jpeg"", ""brand"": ""GREAT WALL"", ""model"": ""HAVAL H6"", ""prices"": 22900, ""year"": 2022, ""owner"": 0, ""home"": 0, ""odometer"": 22300, ""type"": ""SUV"", ""location"": ""Autocor Av. Orellana"", ""business_channel"": ""2000"", ""processedAt"": ""2026-03-16T17:00:28.096Z"", ""color"": ""VINO"", ""accesories"": ""4x2"", ""license_plate"": ""PFG9761"", ""received_flag"": ""1"", ""days_in_stock"": ""70"", ""published_in_web"": ""1"", ""engine_number"": """", ""reserved_by_user_email"": """", ""reserved_by_user_name"": """", ""reserved_dt"": null, ""expiration_dt"": null, ""opportunity_sale_id"": """", ""factory_invoicing_dt"": ""2026-01-05T00:00:00.000Z"", ""factory_status"": """", ""status_name"": ""DISPONIBLE"", ""fuel_name"": ""Gasolina"", ""availability_status_name"": ""Disponible"", ""availability_status_code"": ""1"", ""created_fullname"": ""DAVID MEDIAVILLA"", ""created_dt"": ""2026-01-05T20:44:55.000Z"", ""deleted_flag"": ""0"", ""owner_branch_code"": ""Autocor Av. Orellana"", ""saving_plan_group"": ""SUV"", ""saving_plan_order"": ""AUTOMATICA"", ""integration_reference_code"": """", ""version"": ""SUV INTELIGENT 4X2 2.0 TA "", ""purchase_price"": 19000}"
289,autocor,2026-03-16T17:52:02Z,GTF6808,TOYOTA,LAND CRUISER,2021,72900,94500,Autocor Shyris,Automática,,,4X2,,,,,2026-03-16T17:52:02Z,PLATEADO,4.0,49F5D818-FF0E-4E9E-8682-FF0A94C52618,https://cdn.pilotsolution.net/crm/stock/autocor/13422/13422_272999_desktop.jpeg,"{""id_record"": 289, ""id"": ""49F5D818-FF0E-4E9E-8682-FF0A94C52618"", ""media"": ""https://cdn.pilotsolution.net/crm/stock/autocor/13422/13422_272999_desktop.jpeg"", ""brand"": ""TOYOTA"", ""model"": ""LAND CRUISER"", ""prices"": 72900, ""year"": 2021, ""owner"": 0, ""home"": 0, ""odometer"": 94500, ""type"": ""TODOTERRENO"", ""location"": ""Autocor Shyris"", ""business_channel"": ""4000"", ""processedAt"": ""2026-03-16T17:00:28.096Z"", ""color"": ""PLATEADO"", ""accesories"": ""4X2"", ""license_plate"": ""GTF6808"", ""received_flag"": ""1"", ""days_in_stock"": ""96"", ""published_in_web"": ""1"", ""engine_number"": ""001-001-000000545"", ""reserved_by_user_email"": """", ""reserved_by_user_name"": """", ""reserved_dt"": null, ""expiration_dt"": null, ""opportunity_sale_id"": """", ""factory_invoicing_dt"": ""2025-12-10T00:00:00.000Z"", ""factory_status"": """", ""status_name"": ""DISPONIBLE"", ""fuel_name"": ""Gasolina"", ""availability_status_name"": ""Disponible"", ""availability_status_code"": ""1"", ""created_fullname"": ""Victoria Guadamud"", ""created_dt"": ""2026-01-02T21:47:29.000Z"", ""deleted_flag"": ""0"", ""owner_branch_code"": ""Autocor Shyris"", ""saving_plan_group"": ""TODOTERRENO"", ""saving_plan_order"": ""AUTOMATICA"", ""integration_reference_code"": ""DD002836-8840-4705-B011-410FA4063D26"", ""version"": ""PRADO VX AC 4.0 5P"", ""purchase_price"": 63040}"
29,autocor,2026-03-16T17:51:59Z,PDP2044,CHEVROLET,SPARK,2020,11400,120400,Autocor 6 de Diciembre,Manual,,,4X2,,,,,2026-03-16T17:51:59Z,PLOMO,1.2,524C4782-8EC4-439A-A907-1B251307BB0D,https://cdn.pilotsolution.net/crm/stock/autocor/14376/14376_282349_desktop.jpeg,"{""id_record"": 29, ""id"": ""524C4782-8EC4-439A-A907-1B251307BB0D"", ""media"": ""https://cdn.pilotsolution.net/crm/stock/autocor/14376/14376_282349_desktop.jpeg"", ""brand"": ""CHEVROLET"", ""model"": ""SPARK"", ""prices"": 11400, ""year"": 2020, ""owner"": 0, ""home"": 0, ""odometer"": 120400, ""type"": ""HATCHBACK"", ""location"": ""Autocor 6 de Diciembre"", ""business_channel"": ""1200"", ""processedAt"": ""2026-03-16T17:00:28.096Z"", ""color"": ""PLOMO"", ""accesories"": ""4X2"", ""license_plate"": ""PDP2044"", ""received_flag"": ""1"", ""days_in_stock"": ""4"", ""published_in_web"": ""1"", ""engine_number"": """", ""reserved_by_user_email"": """", ""reserved_by_user_name"": """", ""reserved_dt"": null, ""expiration_dt"": null, ""opportunity_sale_id"": """", ""factory_invoicing_dt"": ""2026-03-12T00:00:00.000Z"", ""factory_status"": """", ""status_name"": ""DISPONIBLE"", ""fuel_name"": ""Gasolina"", ""availability_status_name"": ""Disponible"", ""availability_status_code"": ""1"", ""created_fullname"": ""ASISTENTE COMERCIAL 6 DICIEMBRE"", ""created_dt"": ""2026-03-12T17:25:41.000Z"", ""deleted_flag"": ""0"", ""owner_branch_code"": ""Autocor 6 de Diciembre"", ""saving_plan_group"": ""HATCHBACK"", ""saving_plan_order"": ""MANUAL"", ""integration_reference_code"": ""935B1A6C-D6BB-4156-AA3B-E8920C0C0DDF"", ""version"": ""LS AC 1.2 5P 4X2 TM"", ""purchase_price"": 9500}"
290,autocor,2026-03-16T17:52:02Z,GSR8564,KIA,SPORTAGE,2016,14900,150700,Autocor Guayaquil,Manual,,,4X2,,,,,2026-03-16T17:52:02Z,NEGRO,2.0,8D920AB4-FDDB-44BB-8A04-9E320BB048B6,https://cdn.pilotsolution.net/crm/stock/autocor/13417/13417_258648_desktop.jpeg,"{""id_record"": 290, ""id"": ""8D920AB4-FDDB-44BB-8A04-9E320BB048B6"", ""media"": ""https://cdn.pilotsolution.net/crm/stock/autocor/13417/13417_258648_desktop.jpeg"", ""brand"": ""KIA"", ""model"": ""SPORTAGE"", ""prices"": 14900, ""year"": 2016, ""owner"": 0, ""home"": 0, ""odometer"": 150700, ""type"": ""SUV"", ""location"": ""Autocor Guayaquil"", ""business_channel"": ""2000"", ""processedAt"": ""2026-03-16T17:00:28.096Z"", ""color"": ""NEGRO"", ""accesories"": ""4X2"", ""license_plate"": ""GSR8564"", ""received_flag"": ""1"", ""days_in_stock"": ""73"", ""published_in_web"": ""1"", ""engine_number"": """", ""reserved_by_user_email"": """", ""reserved_by_user_name"": """", ""reserved_dt"": null, ""expiration_dt"": null, ""opportunity_sale_id"": """", ""factory_invoicing_dt"": ""2026-01-02T00:00:00.000Z"", ""factory_status"": """", ""status_name"": ""DISPONIBLE"", ""fuel_name"": ""Gasolina"", ""availability_status_name"": ""Disponible"", ""availability_status_code"": ""1"", ""created_fullname"": ""Fernando Colimba"", ""created_dt"": ""2026-01-02T18:21:43.000Z"", ""deleted_flag"": ""0"", ""owner_branch_code"": ""Autocor Guayaquil"", ""saving_plan_group"": ""SUV"", ""saving_plan_order"": ""MANUAL"", ""integration_reference_code"": ""145EC2D3-CAB4-485D-B93E-8B9058D4F4FA"", ""version"": ""AC 2.0 5P 4X2 TM"", ""purchase_price"": 12000}"
291,autocor,2026-03-16T17:52:02Z,PCT4572,NISSAN,XTRAIL,2017,19600,69353,Autocor Valle de los Chillos,Automática,,,4X2,,,,,2026-03-16T17:52:02Z,PLOMO,2.5,680DCCD6-C36A-4C43-AD7A-1675C97C8A60,https://cdn.pilotsolution.net/crm/stock/autocor/13413/13413_258337_desktop.jpeg,"{""id_record"": 291, ""id"": ""680DCCD6-C36A-4C43-AD7A-1675C97C8A60"", ""media"": ""https://cdn.pilotsolution.net/crm/stock/autocor/13413/13413_258337_desktop.jpeg"", ""brand"": ""NISSAN"", ""model"": ""XTRAIL"", ""prices"": 19600, ""year"": 2017, ""owner"": 0, ""home"": 0, ""odometer"": 69353, ""type"": ""SEDAN"", ""location"": ""Autocor Valle de los Chillos"", ""business_channel"": ""2500"", ""processedAt"": ""2026-03-16T17:00:28.096Z"", ""color"": ""PLOMO"", ""accesories"": ""4X2"", ""license_plate"": ""PCT4572"", ""received_flag"": ""1"", ""days_in_stock"": ""77"", ""published_in_web"": ""1"", ""engine_number"": ""006-001-000002413"", ""reserved_by_user_email"": """", ""reserved_by_user_name"": """", ""reserved_dt"": null, ""expiration_dt"": null, ""opportunity_sale_id"": """", ""factory_invoicing_dt"": ""2025-12-29T00:00:00.000Z"", ""factory_status"": """", ""status_name"": ""DISPONIBLE"", ""fuel_name"": ""Gasolina"", ""availability_status_name"": ""Disponible"", ""availability_status_code"": ""1"", ""created_fullname"": ""ASISTENTE COMERCIAL ELOY ALFARO"", ""created_dt"": ""2025-12-31T19:33:42.000Z"", ""deleted_flag"": ""0"", ""owner_branch_code"": ""Autocor Valle de los Chillos"", ""saving_plan_group"": ""SEDAN"", ""saving_plan_order"": ""AUTOMATICA"", ""integration_reference_code"": ""2EA4F16B-3E37-47B0-BF68-0F01FF9108EC"", ""version"": ""AC 2.5 5P 4X2 TA"", ""purchase_price"": 19600}"
292,autocor,2026-03-16T17:52:02Z,GCA9179,FORD,EXPLORER,2018,29900,119287,Autocor Guayaquil,Automática,,,4X4,,,,,2026-03-16T17:52:02Z,PLOMO,3.5,A5366BE8-FD49-4C89-9DEF-B82F03FB6994,https://cdn.pilotsolution.net/crm/stock/autocor/13410/13410_258103_desktop.jpeg,"{""id_record"": 292, ""id"": ""A5366BE8-FD49-4C89-9DEF-B82F03FB6994"", ""media"": ""https://cdn.pilotsolution.net/crm/stock/autocor/13410/13410_258103_desktop.jpeg"", ""brand"": ""FORD"", ""model"": ""EXPLORER"", ""prices"": 29900, ""year"": 2018, ""owner"": 0, ""home"": 0, ""odometer"": 119287, ""type"": ""TODOTERRENO"", ""location"": ""Autocor Guayaquil"", ""business_channel"": ""3500"", ""processedAt"": ""2026-03-16T17:00:28.096Z"", ""color"": ""PLOMO"", ""accesories"": ""4X4"", ""license_plate"": ""GCA9179"", ""received_flag"": ""1"", ""days_in_stock"": ""75"", ""published_in_web"": ""1"", ""engine_number"": """", ""reserved_by_user_email"": """", ""reserved_by_user_name"": """", ""reserved_dt"": null, ""expiration_dt"": null, ""opportunity_sale_id"": """", ""factory_invoicing_dt"": ""2025-12-31T00:00:00.000Z"", ""factory_status"": ""NO"", ""status_name"": ""DISPONIBLE"", ""fuel_name"": ""Gasolina"", ""availability_status_name"": ""Disponible"", ""availability_status_code"": ""1"", ""created_fullname"": ""VENTAS  GUAYAQUIL"", ""created_dt"": ""2025-12-31T18:57:04.000Z"", ""deleted_flag"": ""0"", ""owner_branch_code"": ""Autocor Guayaquil"", ""saving_plan_group"": ""TODOTERRENO"", ""saving_plan_order"": ""AUTOMATICA"", ""integration_reference_code"": ""2F89978B-723E-4667-B674-D6AF61E831D9"", ""version"": ""XLT AC 3.5 5P 4X4 TA"", ""purchase_price"": 28040}"
293,autocor,2026-03-16T17:52:02Z,GTE9204,FORD,F150,2020,53900,111600,Autocor Guayaquil,Automática,,,4X4,,,,,2026-03-16T17:52:02Z,BLANCO,3.5,B292909C-B949-4FD2-BAD3-074DFE9272F8,https://cdn.pilotsolution.net/crm/stock/autocor/13400/13400_258705_desktop.jpeg,"{""id_record"": 293, ""id"": ""B292909C-B949-4FD2-BAD3-074DFE9272F8"", ""media"": ""https://cdn.pilotsolution.net/crm/stock/autocor/13400/13400_258705_desktop.jpeg"", ""brand"": ""FORD"", ""model"": ""F150"", ""prices"": 53900, ""year"": 2020, ""owner"": 0, ""home"": 0, ""odometer"": 111600, ""type"": ""CAMIONETA"", ""location"": ""Autocor Guayaquil"", ""business_channel"": ""3500"", ""processedAt"": ""2026-03-16T17:00:28.096Z"", ""color"": ""BLANCO"", ""accesories"": ""4X4"", ""license_plate"": ""GTE9204"", ""received_flag"": ""1"", ""days_in_stock"": ""75"", ""published_in_web"": ""1"", ""engine_number"": """", ""reserved_by_user_email"": """", ""reserved_by_user_name"": """", ""reserved_dt"": null, ""expiration_dt"": null, ""opportunity_sale_id"": """", ""factory_invoicing_dt"": ""2025-12-31T00:00:00.000Z"", ""factory_status"": """", ""status_name"": ""DISPONIBLE"", ""fuel_name"": ""Gasolina"", ""availability_status_name"": ""Disponible"", ""availability_status_code"": ""1"", ""created_fullname"": ""VENTAS  GUAYAQUIL"", ""created_dt"": ""2025-12-31T16:34:53.000Z"", ""deleted_flag"": ""0"", ""owner_branch_code"": ""Autocor Guayaquil"", ""saving_plan_group"": ""CAMIONETA"", ""saving_plan_order"": ""AUTOMATICA"", ""integration_reference_code"": ""99BDB475-3B2D-4E00-A31B-856F030CDC6D"", ""version"": ""SC ECOBOOST AC 3.5 CD 4X4 TA"", ""purchase_price"": 47000}"
294,autocor,2026-03-16T17:52:02Z,PFI7636,FORD,RANGER,2023,49900,35400,Autocor Valle de los Chillos,Automática,,,4X4,,,,,2026-03-16T17:52:02Z,PLOMO,3.2,B8E5D025-57E1-4906-9827-6EABBBA516C8,https://cdn.pilotsolution.net/crm/stock/autocor/13399/13399_259688_desktop.jpeg,"{""id_record"": 294, ""id"": ""B8E5D025-57E1-4906-9827-6EABBBA516C8"", ""media"": ""https://cdn.pilotsolution.net/crm/stock/autocor/13399/13399_259688_desktop.jpeg"", ""brand"": ""FORD"", ""model"": ""RANGER"", ""prices"": 49900, ""year"": 2023, ""owner"": 0, ""home"": 0, ""odometer"": 35400, ""type"": ""CAMIONETA"", ""location"": ""Autocor Valle de los Chillos"", ""business_channel"": ""3200"", ""processedAt"": ""2026-03-16T17:00:28.096Z"", ""color"": ""PLOMO"", ""accesories"": ""4X4"", ""license_plate"": ""PFI7636"", ""received_flag"": ""1"", ""days_in_stock"": ""68"", ""published_in_web"": ""1"", ""engine_number"": ""006-001-000002232"", ""reserved_by_user_email"": """", ""reserved_by_user_name"": """", ""reserved_dt"": null, ""expiration_dt"": null, ""opportunity_sale_id"": """", ""factory_invoicing_dt"": ""2026-01-07T00:00:00.000Z"", ""factory_status"": ""NO"", ""status_name"": ""DISPONIBLE"", ""fuel_name"": ""Diesel"", ""availability_status_name"": ""Disponible"", ""availability_status_code"": ""1"", ""created_fullname"": ""CARLOS  LOAYZA"", ""created_dt"": ""2025-12-31T16:29:31.000Z"", ""deleted_flag"": ""0"", ""owner_branch_code"": ""Autocor Valle de los Chillos"", ""saving_plan_group"": ""CAMIONETA"", ""saving_plan_order"": ""AUTOMATICA"", ""integration_reference_code"": ""BB9EC94E-3D6D-461B-BA7B-138F59A4BB00"", ""version"": ""AC 3.2 CD 4X4 TA DIESEL"", ""purchase_price"": 44040}"
295,autocor,2026-03-16T17:52:02Z,PDR1019,NISSAN,LEAF,2021,17600,58000,Autocor Shyris,Automática,,,4X2,,,,,2026-03-16T17:52:02Z,BLANCO,ND,08E33EA5-79F7-4195-9AC7-50351F7B5F70,https://cdn.pilotsolution.net/crm/stock/autocor/13390/13390_257905_desktop.jpeg,"{""id_record"": 295, ""id"": ""08E33EA5-79F7-4195-9AC7-50351F7B5F70"", ""media"": ""https://cdn.pilotsolution.net/crm/stock/autocor/13390/13390_257905_desktop.jpeg"", ""brand"": ""NISSAN"", ""model"": ""LEAF"", ""prices"": 17600, ""year"": 2021, ""owner"": 0, ""home"": 0, ""odometer"": 58000, ""type"": ""SUV"", ""location"": ""Autocor Shyris"", ""business_channel"": ""0"", ""processedAt"": ""2026-03-16T17:00:28.096Z"", ""color"": ""BLANCO"", ""accesories"": ""4X2"", ""license_plate"": ""PDR1019"", ""received_flag"": ""1"", ""days_in_stock"": ""75"", ""published_in_web"": ""1"", ""engine_number"": """", ""reserved_by_user_email"": """", ""reserved_by_user_name"": """", ""reserved_dt"": null, ""expiration_dt"": null, ""opportunity_sale_id"": """", ""factory_invoicing_dt"": ""2025-12-31T00:00:00.000Z"", ""factory_status"": """", ""status_name"": ""DISPONIBLE"", ""fuel_name"": ""Eléctrico"", ""availability_status_name"": ""Disponible"", ""availability_status_code"": ""1"", ""created_fullname"": ""CAMILO ZAMBRANO"", ""created_dt"": ""2025-12-30T22:30:57.000Z"", ""deleted_flag"": ""0"", ""owner_branch_code"": ""Autocor Shyris"", ""saving_plan_group"": ""SUV"", ""saving_plan_order"": ""AUTOMATICA"", ""integration_reference_code"": ""E398B081-2140-4E8E-936D-094F3FB8CE8E"", ""version"": ""AC 5P 4X2 TA EV"", ""purchase_price"": 15640}"
296,autocor,2026-03-16T17:52:02Z,PBS3676,PORSCHE,CAYENNE,2011,29900,98800,Autocor Shyris,Automática,,,4X2,,,,,2026-03-16T17:52:02Z,NEGRO,ND,747EAB88-8ADA-40E7-9BA1-C0A8039C8F88,https://cdn.pilotsolution.net/crm/stock/autocor/13356/13356_256879_desktop.jpeg,"{""id_record"": 296, ""id"": ""747EAB88-8ADA-40E7-9BA1-C0A8039C8F88"", ""media"": ""https://cdn.pilotsolution.net/crm/stock/autocor/13356/13356_256879_desktop.jpeg"", ""brand"": ""PORSCHE"", ""model"": ""CAYENNE"", ""prices"": 29900, ""year"": 2011, ""owner"": 0, ""home"": 0, ""odometer"": 98800, ""type"": ""SUV"", ""location"": ""Autocor Shyris"", ""business_channel"": ""3000"", ""processedAt"": ""2026-03-16T17:00:28.096Z"", ""color"": ""NEGRO"", ""accesories"": ""4X2"", ""license_plate"": ""PBS3676"", ""received_flag"": ""1"", ""days_in_stock"": ""77"", ""published_in_web"": ""1"", ""engine_number"": """", ""reserved_by_user_email"": """", ""reserved_by_user_name"": """", ""reserved_dt"": null, ""expiration_dt"": null, ""opportunity_sale_id"": """", ""factory_invoicing_dt"": ""2025-12-29T00:00:00.000Z"", ""factory_status"": """", ""status_name"": ""DISPONIBLE"", ""fuel_name"": ""Gasolina"", ""availability_status_name"": ""Disponible"", ""availability_status_code"": ""1"", ""created_fullname"": ""ASISTENTE COMERCIAL 6 DICIEMBRE"", ""created_dt"": ""2025-12-27T23:33:26.000Z"", ""deleted_flag"": ""0"", ""owner_branch_code"": ""Autocor Shyris"", ""saving_plan_group"": ""SUV"", ""saving_plan_order"": ""AUTOMATICA"", ""integration_reference_code"": ""BD240769-920E-42FC-8A23-B5ED83CE5929"", ""version"": ""S HYBRID"", ""purchase_price"": 29900}"
297,autocor,2026-03-16T17:52:02Z,PDX3108,TOYOTA,CH-R,2023,28900,30000,Autocor Eloy Alfaro,Automática,,,4X2,,,,,2026-03-16T17:52:02Z,CELESTE,1.8,B3EF7DCD-C20F-4949-AB84-6AC6A7A849D7,https://cdn.pilotsolution.net/crm/stock/autocor/13344/13344_256440_desktop.jpeg,"{""id_record"": 297, ""id"": ""B3EF7DCD-C20F-4949-AB84-6AC6A7A849D7"", ""media"": ""https://cdn.pilotsolution.net/crm/stock/autocor/13344/13344_256440_desktop.jpeg"", ""brand"": ""TOYOTA"", ""model"": ""CH-R"", ""prices"": 28900, ""year"": 2023, ""owner"": 0, ""home"": 0, ""odometer"": 30000, ""type"": ""SUV"", ""location"": ""Autocor Eloy Alfaro"", ""business_channel"": ""1800"", ""processedAt"": ""2026-03-16T17:00:28.096Z"", ""color"": ""CELESTE"", ""accesories"": ""4X2"", ""license_plate"": ""PDX3108"", ""received_flag"": ""1"", ""days_in_stock"": ""79"", ""published_in_web"": ""1"", ""engine_number"": """", ""reserved_by_user_email"": """", ""reserved_by_user_name"": """", ""reserved_dt"": null, ""expiration_dt"": null, ""opportunity_sale_id"": """", ""factory_invoicing_dt"": ""2025-12-27T00:00:00.000Z"", ""factory_status"": """", ""status_name"": ""DISPONIBLE"", ""fuel_name"": ""Hibrido "", ""availability_status_name"": ""Disponible"", ""availability_status_code"": ""1"", ""created_fullname"": ""PATRICIO LOPEZ PALACIOS"", ""created_dt"": ""2025-12-27T13:14:49.000Z"", ""deleted_flag"": ""0"", ""owner_branch_code"": ""Autocor Eloy Alfaro"", ""saving_plan_group"": ""SUV"", ""saving_plan_order"": ""AUTOMATICA"", ""integration_reference_code"": ""D309DEE4-4EA0-45F0-A474-FEA4D3D3904F"", ""version"": ""ACTIVE AC 1.8 5P 4X2 TA HYBRID"", ""purchase_price"": 26140}"
298,autocor,2026-03-16T17:52:02Z,PDN3711,MERCEDES BENZ,GLC 200,2020,42900,82500,Autocor Shyris,Automática,,,4X4,,,,,2026-03-16T17:52:02Z,BLANCO,2.0,908ACD9C-3430-418A-880A-7D944D1A74D8,https://cdn.pilotsolution.net/crm/stock/autocor/13316/13316_255591_desktop.jpeg,"{""id_record"": 298, ""id"": ""908ACD9C-3430-418A-880A-7D944D1A74D8"", ""media"": ""https://cdn.pilotsolution.net/crm/stock/autocor/13316/13316_255591_desktop.jpeg"", ""brand"": ""MERCEDES BENZ"", ""model"": ""GLC 200"", ""prices"": 42900, ""year"": 2020, ""owner"": 0, ""home"": 0, ""odometer"": 82500, ""type"": ""SUV"", ""location"": ""Autocor Shyris"", ""business_channel"": ""2000"", ""processedAt"": ""2026-03-16T17:00:28.096Z"", ""color"": ""BLANCO"", ""accesories"": ""4X4"", ""license_plate"": ""PDN3711"", ""received_flag"": ""1"", ""days_in_stock"": ""83"", ""published_in_web"": ""1"", ""engine_number"": """", ""reserved_by_user_email"": """", ""reserved_by_user_name"": """", ""reserved_dt"": null, ""expiration_dt"": null, ""opportunity_sale_id"": """", ""factory_invoicing_dt"": ""2025-12-23T00:00:00.000Z"", ""factory_status"": """", ""status_name"": ""DISPONIBLE"", ""fuel_name"": ""Gasolina"", ""availability_status_name"": ""Disponible"", ""availability_status_code"": ""1"", ""created_fullname"": ""ASISTENTE COMERCIAL SHYRIS"", ""created_dt"": ""2025-12-23T21:35:03.000Z"", ""deleted_flag"": ""0"", ""owner_branch_code"": ""Autocor Shyris"", ""saving_plan_group"": ""SUV"", ""saving_plan_order"": ""AUTOMATICA"", ""integration_reference_code"": ""36A5EC7F-4B06-4F5D-899A-DE8297B845A0"", ""version"": ""AC 2.0 5P 4X4 TA  BASICO"", ""purchase_price"": 37540}"
299,autocor,2026-03-16T17:52:02Z,PFP7890,CHEVROLET,N400,2025,17600,91,Autocor Av. Orellana,Manual,,,4X2,,,,,2026-03-16T17:52:02Z,BLANCO,1.5,52FEE9E6-6057-4613-9027-2D2F1F773431,https://cdn.pilotsolution.net/crm/stock/autocor/13294/13294_255096_desktop.jpeg,"{""id_record"": 299, ""id"": ""52FEE9E6-6057-4613-9027-2D2F1F773431"", ""media"": ""https://cdn.pilotsolution.net/crm/stock/autocor/13294/13294_255096_desktop.jpeg"", ""brand"": ""CHEVROLET"", ""model"": ""N400"", ""prices"": 17600, ""year"": 2025, ""owner"": 0, ""home"": 0, ""odometer"": 91, ""type"": ""FURGONETA CARGO"", ""location"": ""Autocor Av. Orellana"", ""business_channel"": ""1500"", ""processedAt"": ""2026-03-16T17:00:28.096Z"", ""color"": ""BLANCO"", ""accesories"": ""4X2"", ""license_plate"": ""PFP7890"", ""received_flag"": ""1"", ""days_in_stock"": ""84"", ""published_in_web"": ""1"", ""engine_number"": """", ""reserved_by_user_email"": """", ""reserved_by_user_name"": """", ""reserved_dt"": null, ""expiration_dt"": null, ""opportunity_sale_id"": """", ""factory_invoicing_dt"": ""2025-12-22T00:00:00.000Z"", ""factory_status"": """", ""status_name"": ""DISPONIBLE"", ""fuel_name"": ""Gasolina"", ""availability_status_name"": ""Disponible"", ""availability_status_code"": ""1"", ""created_fullname"": ""DAVID MEDIAVILLA"", ""created_dt"": ""2025-12-22T21:41:23.000Z"", ""deleted_flag"": ""0"", ""owner_branch_code"": ""Autocor Av. Orellana"", ""saving_plan_group"": ""FURGONETA CARGO"", ""saving_plan_order"": ""MANUAL"", ""integration_reference_code"": """", ""version"": ""FURGONETA CARGO MAX CARGO AC 1.5 5P 4X2 TM"", ""purchase_price"": 15000}"
3,autocor,2026-03-16T17:51:58Z,PCJ4477,VOLKSWAGEN,NUEVO JETTA,2014,0,39000,No disponible,ND,,,ND,,,,,2026-03-16T17:51:58Z,ROJO,2.5,7F326C05-B72D-48C2-8B56-35F925C0C2C3,,"{""id_record"": 3, ""id"": ""7F326C05-B72D-48C2-8B56-35F925C0C2C3"", ""media"": null, ""brand"": ""VOLKSWAGEN"", ""model"": ""NUEVO JETTA"", ""prices"": 0, ""year"": 2014, ""owner"": 0, ""home"": 0, ""odometer"": 39000, ""type"": """", ""location"": ""No disponible"", ""business_channel"": ""Usados"", ""processedAt"": ""2026-03-16T17:00:28.096Z"", ""color"": ""ROJO"", ""accesories"": """", ""license_plate"": ""PCJ4477"", ""received_flag"": ""0"", ""days_in_stock"": ""0"", ""published_in_web"": ""0"", ""engine_number"": """", ""reserved_by_user_email"": """", ""reserved_by_user_name"": """", ""reserved_dt"": null, ""expiration_dt"": null, ""opportunity_sale_id"": """", ""factory_invoicing_dt"": null, ""factory_status"": """", ""status_name"": """", ""fuel_name"": """", ""availability_status_name"": ""Disponible"", ""availability_status_code"": ""1"", ""created_fullname"": ""STEVE  PACHECO"", ""created_dt"": ""2026-03-16T15:03:07.000Z"", ""deleted_flag"": ""0"", ""owner_branch_code"": """", ""saving_plan_group"": """", ""saving_plan_order"": """", ""integration_reference_code"": ""376CA034-4E7C-4333-9EFF-71FBB8BE30B7"", ""version"": ""162VS1 AC 2.5 4P"", ""purchase_price"": 14800}"
30,autocor,2026-03-16T17:51:59Z,PFJ8264,FORD,TERRITOTY,2023,21900,47000,Autocor Valle de los Chillos,Automática,,,4X2,,,,,2026-03-16T17:51:59Z,CAFE,1.5,E80A4B02-ECB3-4C0C-9AC1-80C199820004,https://cdn.pilotsolution.net/crm/stock/autocor/14374/14374_282262_desktop.jpeg,"{""id_record"": 30, ""id"": ""E80A4B02-ECB3-4C0C-9AC1-80C199820004"", ""media"": ""https://cdn.pilotsolution.net/crm/stock/autocor/14374/14374_282262_desktop.jpeg"", ""brand"": ""FORD"", ""model"": ""TERRITOTY"", ""prices"": 21900, ""year"": 2023, ""owner"": 0, ""home"": 1, ""odometer"": 47000, ""type"": ""SUV"", ""location"": ""Autocor Valle de los Chillos"", ""business_channel"": ""1500"", ""processedAt"": ""2026-03-16T17:00:28.096Z"", ""color"": ""CAFE"", ""accesories"": ""4X2"", ""license_plate"": ""PFJ8264"", ""received_flag"": ""1"", ""days_in_stock"": ""4"", ""published_in_web"": ""1"", ""engine_number"": ""006-001-000002395"", ""reserved_by_user_email"": """", ""reserved_by_user_name"": """", ""reserved_dt"": null, ""expiration_dt"": null, ""opportunity_sale_id"": """", ""factory_invoicing_dt"": ""2026-03-12T00:00:00.000Z"", ""factory_status"": ""NO"", ""status_name"": ""DISPONIBLE"", ""fuel_name"": ""Gasolina"", ""availability_status_name"": ""Disponible"", ""availability_status_code"": ""1"", ""created_fullname"": ""VENTAS VALLE CHILLOS"", ""created_dt"": ""2026-03-12T15:10:59.000Z"", ""deleted_flag"": ""0"", ""owner_branch_code"": ""Autocor Valle de los Chillos"", ""saving_plan_group"": ""SUV"", ""saving_plan_order"": ""AUTOMÁTICA"", ""integration_reference_code"": ""9928D505-1335-4E0D-BCEA-B5E52B39D1EC"", ""version"": ""TREND AC 1.5 5P 4X2 TA"", ""purchase_price"": 19000}"
300,autocor,2026-03-16T17:52:02Z,PDR6257,NISSAN,LEAF,2021,17600,48500,Autocor Av. Orellana,Automática,,,4X2,,,,,2026-03-16T17:52:02Z,BLANCO,ND,F738BEEC-6617-4DD7-A05C-CE9880473AA3,https://cdn.pilotsolution.net/crm/stock/autocor/13290/13290_255036_desktop.jpeg,"{""id_record"": 300, ""id"": ""F738BEEC-6617-4DD7-A05C-CE9880473AA3"", ""media"": ""https://cdn.pilotsolution.net/crm/stock/autocor/13290/13290_255036_desktop.jpeg"", ""brand"": ""NISSAN"", ""model"": ""LEAF"", ""prices"": 17600, ""year"": 2021, ""owner"": 0, ""home"": 0, ""odometer"": 48500, ""type"": ""HATCHBACK"", ""location"": ""Autocor Av. Orellana"", ""business_channel"": ""0"", ""processedAt"": ""2026-03-16T17:00:28.096Z"", ""color"": ""BLANCO "", ""accesories"": ""4X2"", ""license_plate"": ""PDR6257"", ""received_flag"": ""1"", ""days_in_stock"": ""84"", ""published_in_web"": ""1"", ""engine_number"": ""010-001-000000923"", ""reserved_by_user_email"": """", ""reserved_by_user_name"": """", ""reserved_dt"": null, ""expiration_dt"": null, ""opportunity_sale_id"": """", ""factory_invoicing_dt"": ""2025-12-22T00:00:00.000Z"", ""factory_status"": """", ""status_name"": ""DISPONIBLE"", ""fuel_name"": ""Eléctrico"", ""availability_status_name"": ""Disponible"", ""availability_status_code"": ""1"", ""created_fullname"": ""CRISTIAN  GORDILLO"", ""created_dt"": ""2025-12-22T18:25:55.000Z"", ""deleted_flag"": ""0"", ""owner_branch_code"": ""Autocor Av. Orellana"", ""saving_plan_group"": ""HATCHBACK"", ""saving_plan_order"": ""AUTOMATICA"", ""integration_reference_code"": ""DE0444C2-4CBF-4053-B5DE-BA7087363209"", ""version"": ""AC 5P 4X2 TA EV"", ""purchase_price"": 15000}"
301,autocor,2026-03-16T17:52:02Z,ABE9306,HYUNDAI,SONATA,2015,11400,137000,Autocor El Recreo,Automática,,,4X2,,,,,2026-03-16T17:52:02Z,PLOMO,2.4,AB6CA9CF-A105-4DC3-8958-7384CF7E5A46,https://cdn.pilotsolution.net/crm/stock/autocor/13257/13257_255864_desktop.jpeg,"{""id_record"": 301, ""id"": ""AB6CA9CF-A105-4DC3-8958-7384CF7E5A46"", ""media"": ""https://cdn.pilotsolution.net/crm/stock/autocor/13257/13257_255864_desktop.jpeg"", ""brand"": ""HYUNDAI"", ""model"": ""SONATA"", ""prices"": 11400, ""year"": 2015, ""owner"": 0, ""home"": 0, ""odometer"": 137000, ""type"": ""SEDAN"", ""location"": ""Autocor El Recreo"", ""business_channel"": ""2400"", ""processedAt"": ""2026-03-16T17:00:28.096Z"", ""color"": ""PLOMO"", ""accesories"": ""4X2"", ""license_plate"": ""ABE9306"", ""received_flag"": ""1"", ""days_in_stock"": ""82"", ""published_in_web"": ""1"", ""engine_number"": """", ""reserved_by_user_email"": """", ""reserved_by_user_name"": """", ""reserved_dt"": null, ""expiration_dt"": null, ""opportunity_sale_id"": """", ""factory_invoicing_dt"": ""2025-12-24T00:00:00.000Z"", ""factory_status"": """", ""status_name"": ""DISPONIBLE"", ""fuel_name"": ""Hibrido "", ""availability_status_name"": ""Disponible"", ""availability_status_code"": ""1"", ""created_fullname"": ""PATRICIO LOPEZ PALACIOS"", ""created_dt"": ""2025-12-20T19:39:34.000Z"", ""deleted_flag"": ""0"", ""owner_branch_code"": ""Autocor El Recreo"", ""saving_plan_group"": ""SEDAN"", ""saving_plan_order"": ""AUTOMATICA"", ""integration_reference_code"": ""51C7F0F4-91EB-41AE-8297-29CADEE0482A"", ""version"": ""AC 2.4 4P 4X2 TA HYBRID"", ""purchase_price"": 9148}"
302,autocor,2026-03-16T17:52:02Z,PDU5394,LAND ROVER,DISCOVERY,2021,49900,30000,Autocor Shyris,Automática,,,4X4,,,,,2026-03-16T17:52:02Z,PLOMO,2.0,7C40642D-9D22-4812-9925-AB23F243842E,https://cdn.pilotsolution.net/crm/stock/autocor/13249/13249_254133_desktop.jpeg,"{""id_record"": 302, ""id"": ""7C40642D-9D22-4812-9925-AB23F243842E"", ""media"": ""https://cdn.pilotsolution.net/crm/stock/autocor/13249/13249_254133_desktop.jpeg"", ""brand"": ""LAND ROVER"", ""model"": ""DISCOVERY"", ""prices"": 49900, ""year"": 2021, ""owner"": 0, ""home"": 0, ""odometer"": 30000, ""type"": ""SUV"", ""location"": ""Autocor Shyris"", ""business_channel"": ""2000"", ""processedAt"": ""2026-03-16T17:00:28.096Z"", ""color"": ""PLOMO"", ""accesories"": ""4X4"", ""license_plate"": ""PDU5394"", ""received_flag"": ""1"", ""days_in_stock"": ""86"", ""published_in_web"": ""1"", ""engine_number"": """", ""reserved_by_user_email"": """", ""reserved_by_user_name"": """", ""reserved_dt"": null, ""expiration_dt"": null, ""opportunity_sale_id"": """", ""factory_invoicing_dt"": ""2025-12-20T00:00:00.000Z"", ""factory_status"": """", ""status_name"": ""DISPONIBLE"", ""fuel_name"": ""Gasolina"", ""availability_status_name"": ""Disponible"", ""availability_status_code"": ""1"", ""created_fullname"": ""ASISTENTE COMERCIAL SHYRIS"", ""created_dt"": ""2025-12-20T15:28:12.000Z"", ""deleted_flag"": ""0"", ""owner_branch_code"": ""Autocor Shyris"", ""saving_plan_group"": ""SUV"", ""saving_plan_order"": ""AUTOMATICA"", ""integration_reference_code"": ""08A88A39-FB35-4D4B-A094-721CEA43D236"", ""version"": ""SPORT AC 2.0 4X4 TA"", ""purchase_price"": 40200}"
303,autocor,2026-03-16T17:52:02Z,HCL0619,VOLKSWAGEN,PASSAT,1999,6400,228000,Autocor La Prensa,Manual,,,4X2,,,,,2026-03-16T17:52:02Z,ROJO,ND,686FCE1F-F457-4A93-802D-FFA710BF4052,https://cdn.pilotsolution.net/crm/stock/autocor/13223/13223_267482_desktop.jpeg,"{""id_record"": 303, ""id"": ""686FCE1F-F457-4A93-802D-FFA710BF4052"", ""media"": ""https://cdn.pilotsolution.net/crm/stock/autocor/13223/13223_267482_desktop.jpeg"", ""brand"": ""VOLKSWAGEN"", ""model"": ""PASSAT"", ""prices"": 6400, ""year"": 1999, ""owner"": 0, ""home"": 0, ""odometer"": 228000, ""type"": ""SEDAN"", ""location"": ""Autocor La Prensa"", ""business_channel"": ""1600"", ""processedAt"": ""2026-03-16T17:00:28.096Z"", ""color"": ""ROJO"", ""accesories"": ""4X2"", ""license_plate"": ""HCL0619"", ""received_flag"": ""1"", ""days_in_stock"": ""46"", ""published_in_web"": ""1"", ""engine_number"": """", ""reserved_by_user_email"": """", ""reserved_by_user_name"": """", ""reserved_dt"": null, ""expiration_dt"": null, ""opportunity_sale_id"": """", ""factory_invoicing_dt"": ""2026-01-29T00:00:00.000Z"", ""factory_status"": """", ""status_name"": ""DISPONIBLE"", ""fuel_name"": ""Gasolina"", ""availability_status_name"": ""Disponible"", ""availability_status_code"": ""1"", ""created_fullname"": ""PATRICIO LOPEZ PALACIOS"", ""created_dt"": ""2025-12-19T14:53:16.000Z"", ""deleted_flag"": ""0"", ""owner_branch_code"": ""Autocor La Prensa"", ""saving_plan_group"": ""SEDAN"", ""saving_plan_order"": ""MANUAL"", ""integration_reference_code"": ""587375E7-EEAD-41AD-BCD2-DD9598AC7055"", ""version"": ""SEDAN"", ""purchase_price"": 3040}"
304,autocor,2026-03-16T17:52:02Z,PDX1154,TOYOTA,YARIS,2022,23900,59000,Autocor 6 de Diciembre,Automática,,,4X2,,,,,2026-03-16T17:52:02Z,AZUL,1.5,CB6D33E8-89C2-4B3F-A065-7CE4841B3CFA,https://cdn.pilotsolution.net/crm/stock/autocor/13215/13215_253084_desktop.jpeg,"{""id_record"": 304, ""id"": ""CB6D33E8-89C2-4B3F-A065-7CE4841B3CFA"", ""media"": ""https://cdn.pilotsolution.net/crm/stock/autocor/13215/13215_253084_desktop.jpeg"", ""brand"": ""TOYOTA"", ""model"": ""YARIS"", ""prices"": 23900, ""year"": 2022, ""owner"": 0, ""home"": 0, ""odometer"": 59000, ""type"": ""SUV"", ""location"": ""Autocor 6 de Diciembre"", ""business_channel"": ""1500"", ""processedAt"": ""2026-03-16T17:00:28.096Z"", ""color"": ""AZUL"", ""accesories"": ""4X2"", ""license_plate"": ""PDX1154"", ""received_flag"": ""1"", ""days_in_stock"": ""88"", ""published_in_web"": ""1"", ""engine_number"": ""001-001-000011432"", ""reserved_by_user_email"": """", ""reserved_by_user_name"": """", ""reserved_dt"": null, ""expiration_dt"": null, ""opportunity_sale_id"": """", ""factory_invoicing_dt"": ""2025-12-18T00:00:00.000Z"", ""factory_status"": """", ""status_name"": ""DISPONIBLE"", ""fuel_name"": ""Hibrido "", ""availability_status_name"": ""Disponible"", ""availability_status_code"": ""1"", ""created_fullname"": ""ASISTENTE COMERCIAL ELOY ALFARO"", ""created_dt"": ""2025-12-18T23:21:04.000Z"", ""deleted_flag"": ""0"", ""owner_branch_code"": ""Autocor 6 de Diciembre"", ""saving_plan_group"": ""SUV"", ""saving_plan_order"": ""AUTOMATICA"", ""integration_reference_code"": ""8766A159-AA42-45DC-82AF-EDDB89729E74"", ""version"": ""CROSS AC 1.5 5P 4X2 TA HYBRID"", ""purchase_price"": 22500}"
305,autocor,2026-03-16T17:52:02Z,GTO7073,NISSAN,KICKS,2023,19900,57809,Autocor Guayaquil,Manual,,,4x2,,,,,2026-03-16T17:52:02Z,PLATEADO,1.6,403C0BB5-3E57-4BFA-BC91-DFC038420970,https://cdn.pilotsolution.net/crm/stock/autocor/13212/13212_253029_desktop.jpeg,"{""id_record"": 305, ""id"": ""403C0BB5-3E57-4BFA-BC91-DFC038420970"", ""media"": ""https://cdn.pilotsolution.net/crm/stock/autocor/13212/13212_253029_desktop.jpeg"", ""brand"": ""NISSAN"", ""model"": ""KICKS"", ""prices"": 19900, ""year"": 2023, ""owner"": 0, ""home"": 0, ""odometer"": 57809, ""type"": ""CROSSOVER"", ""location"": ""Autocor Guayaquil"", ""business_channel"": ""1600"", ""processedAt"": ""2026-03-16T17:00:28.096Z"", ""color"": ""PLATEADO "", ""accesories"": ""4x2"", ""license_plate"": ""GTO7073"", ""received_flag"": ""1"", ""days_in_stock"": ""110"", ""published_in_web"": ""1"", ""engine_number"": """", ""reserved_by_user_email"": """", ""reserved_by_user_name"": """", ""reserved_dt"": null, ""expiration_dt"": null, ""opportunity_sale_id"": """", ""factory_invoicing_dt"": ""2025-11-26T00:00:00.000Z"", ""factory_status"": ""NO"", ""status_name"": ""DISPONIBLE"", ""fuel_name"": ""Gasolina"", ""availability_status_name"": ""Disponible"", ""availability_status_code"": ""1"", ""created_fullname"": ""Juan  Triana"", ""created_dt"": ""2025-12-18T22:54:27.000Z"", ""deleted_flag"": ""0"", ""owner_branch_code"": ""Autocor Guayaquil"", ""saving_plan_group"": ""CROSSOVER"", ""saving_plan_order"": ""MANUAL "", ""integration_reference_code"": ""5BB19DBC-F5AF-4427-AFE1-3FB5F43942A1"", ""version"": ""DRIVE AC 1.6 5P 4X2 TM"", ""purchase_price"": 17040}"
306,autocor,2026-03-16T17:52:02Z,PCZ3596,JEEP,CHEROKEE,2018,31900,111000,Autocor Cumbaya,Automática,,,4X4,,,,,2026-03-16T17:52:02Z,PLOMO,3.6,6E8C1B5D-75C8-4E20-936A-82CE7A480698,https://cdn.pilotsolution.net/crm/stock/autocor/13183/13183_271900_desktop.jpeg,"{""id_record"": 306, ""id"": ""6E8C1B5D-75C8-4E20-936A-82CE7A480698"", ""media"": ""https://cdn.pilotsolution.net/crm/stock/autocor/13183/13183_271900_desktop.jpeg"", ""brand"": ""JEEP"", ""model"": ""CHEROKEE"", ""prices"": 31900, ""year"": 2018, ""owner"": 1, ""home"": 0, ""odometer"": 111000, ""type"": ""SUV"", ""location"": ""Autocor Cumbaya"", ""business_channel"": ""3600"", ""processedAt"": ""2026-03-16T17:00:28.096Z"", ""color"": ""PLOMO"", ""accesories"": ""4X4\n"", ""license_plate"": ""PCZ3596"", ""received_flag"": ""0"", ""days_in_stock"": ""0"", ""published_in_web"": ""1"", ""engine_number"": """", ""reserved_by_user_email"": """", ""reserved_by_user_name"": """", ""reserved_dt"": null, ""expiration_dt"": null, ""opportunity_sale_id"": """", ""factory_invoicing_dt"": ""2025-12-17T00:00:00.000Z"", ""factory_status"": ""SI"", ""status_name"": ""DISPONIBLE"", ""fuel_name"": ""Gasolina"", ""availability_status_name"": ""Disponible"", ""availability_status_code"": ""1"", ""created_fullname"": ""ASISTENTE COMERCIAL ELOY ALFARO"", ""created_dt"": ""2025-12-17T16:36:52.000Z"", ""deleted_flag"": ""0"", ""owner_branch_code"": ""Autocor Cumbaya"", ""saving_plan_group"": ""SUV"", ""saving_plan_order"": ""AUTOMATICA"", ""integration_reference_code"": ""61444CCB-6C99-4A1C-B27F-FFD40A8AA71A"", ""version"": ""LIMITED AC 3.6"", ""purchase_price"": 28000}"
307,autocor,2026-03-16T17:52:02Z,PDN4850,PEUGEOT,3008N,2020,21900,60100,Autocor 6 de Diciembre,Automática,,,4X2,,,,,2026-03-16T17:52:02Z,BLANCO,1.6,CC890239-BA8C-4F21-BE1A-1012C88D23A7,https://cdn.pilotsolution.net/crm/stock/autocor/13178/13178_252260_desktop.jpeg,"{""id_record"": 307, ""id"": ""CC890239-BA8C-4F21-BE1A-1012C88D23A7"", ""media"": ""https://cdn.pilotsolution.net/crm/stock/autocor/13178/13178_252260_desktop.jpeg"", ""brand"": ""PEUGEOT"", ""model"": ""3008N"", ""prices"": 21900, ""year"": 2020, ""owner"": 0, ""home"": 0, ""odometer"": 60100, ""type"": ""SUV"", ""location"": ""Autocor 6 de Diciembre"", ""business_channel"": ""1600"", ""processedAt"": ""2026-03-16T17:00:28.096Z"", ""color"": ""BLANCO"", ""accesories"": ""4X2"", ""license_plate"": ""PDN4850"", ""received_flag"": ""1"", ""days_in_stock"": ""90"", ""published_in_web"": ""1"", ""engine_number"": """", ""reserved_by_user_email"": """", ""reserved_by_user_name"": """", ""reserved_dt"": null, ""expiration_dt"": null, ""opportunity_sale_id"": """", ""factory_invoicing_dt"": ""2025-12-16T00:00:00.000Z"", ""factory_status"": """", ""status_name"": ""DISPONIBLE"", ""fuel_name"": ""Gasolina"", ""availability_status_name"": ""Disponible"", ""availability_status_code"": ""1"", ""created_fullname"": ""ASISTENTE COMERCIAL SHYRIS"", ""created_dt"": ""2025-12-16T22:40:29.000Z"", ""deleted_flag"": ""0"", ""owner_branch_code"": ""Autocor 6 de Diciembre"", ""saving_plan_group"": ""SUV"", ""saving_plan_order"": ""AUTOMATICA"", ""integration_reference_code"": ""522C2E4F-367D-44E9-809E-BA0DA916869B"", ""version"": ""ACT 16E BA6 AC 1.6 5P 4X2 TA"", ""purchase_price"": 20000}"
308,autocor,2026-03-16T17:52:02Z,GTE9391,BMW,X1,2020,29900,84673,Autocor Guayaquil,Automática,,,4x2,,,,,2026-03-16T17:52:02Z,NEGRO,1.5,290CA661-D888-40BB-BC2B-2BFEEB404C70,https://cdn.pilotsolution.net/crm/stock/autocor/13144/13144_251427_desktop.jpeg,"{""id_record"": 308, ""id"": ""290CA661-D888-40BB-BC2B-2BFEEB404C70"", ""media"": ""https://cdn.pilotsolution.net/crm/stock/autocor/13144/13144_251427_desktop.jpeg"", ""brand"": ""BMW"", ""model"": ""X1"", ""prices"": 29900, ""year"": 2020, ""owner"": 0, ""home"": 0, ""odometer"": 84673, ""type"": ""SUV"", ""location"": ""Autocor Guayaquil"", ""business_channel"": ""1500"", ""processedAt"": ""2026-03-16T17:00:28.096Z"", ""color"": ""NEGRO"", ""accesories"": ""4x2"", ""license_plate"": ""GTE9391"", ""received_flag"": ""1"", ""days_in_stock"": ""96"", ""published_in_web"": ""1"", ""engine_number"": """", ""reserved_by_user_email"": """", ""reserved_by_user_name"": """", ""reserved_dt"": null, ""expiration_dt"": null, ""opportunity_sale_id"": """", ""factory_invoicing_dt"": ""2025-12-10T00:00:00.000Z"", ""factory_status"": """", ""status_name"": ""DISPONIBLE"", ""fuel_name"": ""Gasolina"", ""availability_status_name"": ""Disponible"", ""availability_status_code"": ""1"", ""created_fullname"": ""ERNESTO ORTEGA"", ""created_dt"": ""2025-12-13T21:32:48.000Z"", ""deleted_flag"": ""0"", ""owner_branch_code"": ""Autocor Guayaquil"", ""saving_plan_group"": ""SUV"", ""saving_plan_order"": ""AUTOMATICA"", ""integration_reference_code"": ""8C3AC97D-C742-42AE-829B-6172C7BFEB4E"", ""version"": ""18I AC 1.5 5P 4X2 TA"", ""purchase_price"": 24000}"
309,autocor,2026-03-16T17:52:02Z,GTA8387,VOLKSWAGEN,AMAROK,2018,24900,91003,Autocor Guayaquil,Manual,,,4X4,,,,,2026-03-16T17:52:02Z,ROJO,2.0,0E13D051-A078-48BE-8BE7-A6188E275383,https://cdn.pilotsolution.net/crm/stock/autocor/13123/13123_253823_desktop.jpeg,"{""id_record"": 309, ""id"": ""0E13D051-A078-48BE-8BE7-A6188E275383"", ""media"": ""https://cdn.pilotsolution.net/crm/stock/autocor/13123/13123_253823_desktop.jpeg"", ""brand"": ""VOLKSWAGEN"", ""model"": ""AMAROK"", ""prices"": 24900, ""year"": 2018, ""owner"": 0, ""home"": 0, ""odometer"": 91003, ""type"": ""CAMIONETA"", ""location"": ""Autocor Guayaquil"", ""business_channel"": ""2000"", ""processedAt"": ""2026-03-16T17:00:28.096Z"", ""color"": ""ROJO"", ""accesories"": ""4X4"", ""license_plate"": ""GTA8387"", ""received_flag"": ""1"", ""days_in_stock"": ""93"", ""published_in_web"": ""1"", ""engine_number"": """", ""reserved_by_user_email"": """", ""reserved_by_user_name"": """", ""reserved_dt"": null, ""expiration_dt"": null, ""opportunity_sale_id"": """", ""factory_invoicing_dt"": ""2025-12-13T00:00:00.000Z"", ""factory_status"": """", ""status_name"": ""DISPONIBLE"", ""fuel_name"": ""Diesel"", ""availability_status_name"": ""Disponible"", ""availability_status_code"": ""1"", ""created_fullname"": ""Jorge Rea"", ""created_dt"": ""2025-12-12T21:01:51.000Z"", ""deleted_flag"": ""0"", ""owner_branch_code"": ""Autocor Guayaquil"", ""saving_plan_group"": ""CAMIONETA"", ""saving_plan_order"": ""MANUAL"", ""integration_reference_code"": ""0884536D-701A-4A1C-9FA1-C1EE7EAD0584"", ""version"": ""4X4  BI TDI PLUS AC 2.0 "", ""purchase_price"": 21755}"
31,autocor,2026-03-16T17:51:59Z,PDT1195,LAND ROVER,DEFENER,2021,94900,53000,Autocor Cumbaya,Automática,,,4X4,,,,,2026-03-16T17:51:59Z,NEGRO,3.0,BD9E73AB-2359-449D-BAA9-802D9A076CC2,https://cdn.pilotsolution.net/crm/stock/autocor/14373/14373_282207_desktop.jpeg,"{""id_record"": 31, ""id"": ""BD9E73AB-2359-449D-BAA9-802D9A076CC2"", ""media"": ""https://cdn.pilotsolution.net/crm/stock/autocor/14373/14373_282207_desktop.jpeg"", ""brand"": ""LAND ROVER"", ""model"": ""DEFENER"", ""prices"": 94900, ""year"": 2021, ""owner"": 0, ""home"": 0, ""odometer"": 53000, ""type"": ""SUV"", ""location"": ""Autocor Cumbaya"", ""business_channel"": ""3000"", ""processedAt"": ""2026-03-16T17:00:28.096Z"", ""color"": ""NEGRO"", ""accesories"": ""4X4"", ""license_plate"": ""PDT1195"", ""received_flag"": ""1"", ""days_in_stock"": ""5"", ""published_in_web"": ""1"", ""engine_number"": ""010-001-000001055"", ""reserved_by_user_email"": """", ""reserved_by_user_name"": """", ""reserved_dt"": null, ""expiration_dt"": null, ""opportunity_sale_id"": """", ""factory_invoicing_dt"": ""2026-03-11T00:00:00.000Z"", ""factory_status"": """", ""status_name"": ""DISPONIBLE"", ""fuel_name"": ""Hibrido "", ""availability_status_name"": ""Disponible"", ""availability_status_code"": ""1"", ""created_fullname"": ""Ventas  Cumbaya "", ""created_dt"": ""2026-03-11T22:29:18.000Z"", ""deleted_flag"": ""0"", ""owner_branch_code"": ""Autocor Cumbaya"", ""saving_plan_group"": ""SUV"", ""saving_plan_order"": ""AUTOMATICA"", ""integration_reference_code"": ""86E7418B-F97B-46DF-BCCB-0A01D49A1312"", ""version"": ""90 AC 3.0 3P 4X4 TA HYBRID"", ""purchase_price"": 94900}"
310,autocor,2026-03-16T17:52:02Z,PDK9641,AUDI,Q5,2018,35900,56000,Autocor Eloy Alfaro,Automática,,,4X4,,,,,2026-03-16T17:52:02Z,ROJO,ND,DA6574BF-E2E3-4B89-A475-901E1C01AC43,https://cdn.pilotsolution.net/crm/stock/autocor/13101/13101_250547_desktop.jpeg,"{""id_record"": 310, ""id"": ""DA6574BF-E2E3-4B89-A475-901E1C01AC43"", ""media"": ""https://cdn.pilotsolution.net/crm/stock/autocor/13101/13101_250547_desktop.jpeg"", ""brand"": ""AUDI"", ""model"": ""Q5"", ""prices"": 35900, ""year"": 2018, ""owner"": 0, ""home"": 0, ""odometer"": 56000, ""type"": ""SUV"", ""location"": ""Autocor Eloy Alfaro"", ""business_channel"": ""2000"", ""processedAt"": ""2026-03-16T17:00:28.096Z"", ""color"": ""ROJO"", ""accesories"": ""4X4"", ""license_plate"": ""PDK9641"", ""received_flag"": ""1"", ""days_in_stock"": ""95"", ""published_in_web"": ""1"", ""engine_number"": """", ""reserved_by_user_email"": """", ""reserved_by_user_name"": """", ""reserved_dt"": null, ""expiration_dt"": null, ""opportunity_sale_id"": """", ""factory_invoicing_dt"": ""2025-12-11T00:00:00.000Z"", ""factory_status"": """", ""status_name"": ""DISPONIBLE"", ""fuel_name"": ""Gasolina"", ""availability_status_name"": ""Disponible"", ""availability_status_code"": ""1"", ""created_fullname"": ""MATEO MONGE"", ""created_dt"": ""2025-12-11T18:28:25.000Z"", ""deleted_flag"": ""0"", ""owner_branch_code"": ""Autocor Eloy Alfaro"", ""saving_plan_group"": ""SUV"", ""saving_plan_order"": ""AUTOMATICA"", ""integration_reference_code"": ""CF829625-4596-410E-9151-38DBAA424DA1"", ""version"": ""TFSI STRONIC QUAT FYBAAY AC"", ""purchase_price"": 31540}"
311,autocor,2026-03-16T17:52:02Z,PDL3382,MERCEDES BENZ,GLA 180,2019,33400,51500,Autocor Shyris,Automática,,,4X2,,,,,2026-03-16T17:52:02Z,PLATEADO,1.6,A5B0E9EB-6A36-4FFE-B90D-C23418441A08,https://cdn.pilotsolution.net/crm/stock/autocor/13071/13071_249742_desktop.jpeg,"{""id_record"": 311, ""id"": ""A5B0E9EB-6A36-4FFE-B90D-C23418441A08"", ""media"": ""https://cdn.pilotsolution.net/crm/stock/autocor/13071/13071_249742_desktop.jpeg"", ""brand"": ""MERCEDES BENZ"", ""model"": ""GLA 180"", ""prices"": 33400, ""year"": 2019, ""owner"": 0, ""home"": 0, ""odometer"": 51500, ""type"": ""SUV"", ""location"": ""Autocor Shyris"", ""business_channel"": ""1600"", ""processedAt"": ""2026-03-16T17:00:28.096Z"", ""color"": ""PLATEADO"", ""accesories"": ""4X2"", ""license_plate"": ""PDL3382"", ""received_flag"": ""1"", ""days_in_stock"": ""100"", ""published_in_web"": ""1"", ""engine_number"": ""005-001-000004605"", ""reserved_by_user_email"": """", ""reserved_by_user_name"": """", ""reserved_dt"": null, ""expiration_dt"": null, ""opportunity_sale_id"": """", ""factory_invoicing_dt"": ""2025-12-06T00:00:00.000Z"", ""factory_status"": ""NO"", ""status_name"": ""DISPONIBLE"", ""fuel_name"": ""Gasolina"", ""availability_status_name"": ""Disponible"", ""availability_status_code"": ""1"", ""created_fullname"": ""JOHANNA LIZETH RECALDE SARANGO"", ""created_dt"": ""2025-12-09T18:04:57.000Z"", ""deleted_flag"": ""0"", ""owner_branch_code"": ""Autocor Shyris"", ""saving_plan_group"": ""SUV"", ""saving_plan_order"": ""AUTOMATICA"", ""integration_reference_code"": ""5E1DEE16-AB39-4692-9C8A-6C8B0EC425B5"", ""version"": ""AC 1.6 5P 4X2 TA"", ""purchase_price"": 33400}"
312,autocor,2026-03-16T17:52:02Z,GTI8519,NISSAN,QASHQAI,2020,19900,36344,Autocor Guayaquil,Automática,,,4X2,,,,,2026-03-16T17:52:02Z,AZUL,2.0,DDCB3014-AC78-476B-AA6D-7A020370718C,https://cdn.pilotsolution.net/crm/stock/autocor/13059/13059_249044_desktop.jpeg,"{""id_record"": 312, ""id"": ""DDCB3014-AC78-476B-AA6D-7A020370718C"", ""media"": ""https://cdn.pilotsolution.net/crm/stock/autocor/13059/13059_249044_desktop.jpeg"", ""brand"": ""NISSAN"", ""model"": ""QASHQAI"", ""prices"": 19900, ""year"": 2020, ""owner"": 0, ""home"": 1, ""odometer"": 36344, ""type"": ""SUV"", ""location"": ""Autocor Guayaquil"", ""business_channel"": ""2000"", ""processedAt"": ""2026-03-16T17:00:28.096Z"", ""color"": ""AZUL "", ""accesories"": ""4X2"", ""license_plate"": ""GTI8519"", ""received_flag"": ""1"", ""days_in_stock"": ""105"", ""published_in_web"": ""1"", ""engine_number"": """", ""reserved_by_user_email"": """", ""reserved_by_user_name"": """", ""reserved_dt"": null, ""expiration_dt"": null, ""opportunity_sale_id"": """", ""factory_invoicing_dt"": ""2025-12-01T00:00:00.000Z"", ""factory_status"": ""NO"", ""status_name"": ""DISPONIBLE"", ""fuel_name"": ""Gasolina"", ""availability_status_name"": ""Disponible"", ""availability_status_code"": ""1"", ""created_fullname"": ""Juan  Triana"", ""created_dt"": ""2025-12-08T17:51:11.000Z"", ""deleted_flag"": ""0"", ""owner_branch_code"": ""Autocor Guayaquil"", ""saving_plan_group"": ""SUV"", ""saving_plan_order"": ""AUTOMATICA"", ""integration_reference_code"": ""748A57ED-BB27-499D-B077-679B595703BA"", ""version"": ""ADVANCE AC 2.0 5P 4X2 TA"", ""purchase_price"": 16000}"
313,autocor,2026-03-16T17:52:02Z,PDX8483,AUDI,ETRON,2022,51900,26800,Autocor Shyris,Automática,,,4x4,,,,,2026-03-16T17:52:02Z,AZUL,50,8D6BA7C1-C65B-431A-A22F-3716BED624C6,https://cdn.pilotsolution.net/crm/stock/autocor/13045/13045_264910_desktop.jpeg,"{""id_record"": 313, ""id"": ""8D6BA7C1-C65B-431A-A22F-3716BED624C6"", ""media"": ""https://cdn.pilotsolution.net/crm/stock/autocor/13045/13045_264910_desktop.jpeg"", ""brand"": ""AUDI"", ""model"": ""ETRON"", ""prices"": 51900, ""year"": 2022, ""owner"": 1, ""home"": 0, ""odometer"": 26800, ""type"": ""SUV"", ""location"": ""Autocor Shyris"", ""business_channel"": ""0"", ""processedAt"": ""2026-03-16T17:00:28.096Z"", ""color"": ""AZUL"", ""accesories"": ""4x4"", ""license_plate"": ""PDX8483"", ""received_flag"": ""1"", ""days_in_stock"": ""75"", ""published_in_web"": ""1"", ""engine_number"": """", ""reserved_by_user_email"": """", ""reserved_by_user_name"": """", ""reserved_dt"": null, ""expiration_dt"": null, ""opportunity_sale_id"": """", ""factory_invoicing_dt"": ""2025-12-31T00:00:00.000Z"", ""factory_status"": ""SI"", ""status_name"": ""DISPONIBLE"", ""fuel_name"": ""Eléctrico"", ""availability_status_name"": ""Disponible"", ""availability_status_code"": ""1"", ""created_fullname"": ""STEVE  PACHECO"", ""created_dt"": ""2025-12-07T00:34:47.000Z"", ""deleted_flag"": ""0"", ""owner_branch_code"": ""Autocor Shyris"", ""saving_plan_group"": ""SUV"", ""saving_plan_order"": ""AUTOMATICA"", ""integration_reference_code"": ""400302B8-A1D4-436A-9F2B-31600B05B9CF"", ""version"": ""50 QUATT GENBBE AC 5P 4X4"", ""purchase_price"": 43000}"
314,autocor,2026-03-16T17:52:02Z,MBE9379,FORD,RANGER,2021,34900,86100,Autocor Guayaquil,Manual,,,4x4,,,,,2026-03-16T17:52:02Z,NEGRO,3.2,8BDA76BC-E657-4FD8-A313-0FD03BBE4D10,https://cdn.pilotsolution.net/crm/stock/autocor/13013/13013_249288_desktop.jpeg,"{""id_record"": 314, ""id"": ""8BDA76BC-E657-4FD8-A313-0FD03BBE4D10"", ""media"": ""https://cdn.pilotsolution.net/crm/stock/autocor/13013/13013_249288_desktop.jpeg"", ""brand"": ""FORD"", ""model"": ""RANGER"", ""prices"": 34900, ""year"": 2021, ""owner"": 0, ""home"": 0, ""odometer"": 86100, ""type"": ""DOBLE CABINA"", ""location"": ""Autocor Guayaquil"", ""business_channel"": ""3200"", ""processedAt"": ""2026-03-16T17:00:28.096Z"", ""color"": ""NEGRO"", ""accesories"": ""4x4"", ""license_plate"": ""MBE9379"", ""received_flag"": ""1"", ""days_in_stock"": ""108"", ""published_in_web"": ""1"", ""engine_number"": """", ""reserved_by_user_email"": """", ""reserved_by_user_name"": """", ""reserved_dt"": null, ""expiration_dt"": null, ""opportunity_sale_id"": """", ""factory_invoicing_dt"": ""2025-11-28T00:00:00.000Z"", ""factory_status"": ""NO"", ""status_name"": ""DISPONIBLE"", ""fuel_name"": ""Diesel"", ""availability_status_name"": ""Disponible"", ""availability_status_code"": ""1"", ""created_fullname"": ""VENTAS  GUAYAQUIL"", ""created_dt"": ""2025-12-04T21:48:17.000Z"", ""deleted_flag"": ""0"", ""owner_branch_code"": ""Autocor Guayaquil"", ""saving_plan_group"": ""DOBLE CABINA"", ""saving_plan_order"": ""MANUAL"", ""integration_reference_code"": ""10F641B7-F5D7-4657-8FB1-8B09EF2899F8"", ""version"": ""CREW CAB XL AC 3.2 CD 4X4 TM DIESEL"", ""purchase_price"": 32000}"
315,autocor,2026-03-16T17:52:02Z,PFH8367,CHEVROLET,CAPTIVA,2023,18900,16000,Autocor Cumbaya,Automática,,,4X2,,,,,2026-03-16T17:52:02Z,ROJO,1.5,5AB2C9AF-76F6-43D8-9412-A83BF371234D,https://cdn.pilotsolution.net/crm/stock/autocor/12982/12982_248670_desktop.jpeg,"{""id_record"": 315, ""id"": ""5AB2C9AF-76F6-43D8-9412-A83BF371234D"", ""media"": ""https://cdn.pilotsolution.net/crm/stock/autocor/12982/12982_248670_desktop.jpeg"", ""brand"": ""CHEVROLET"", ""model"": ""CAPTIVA"", ""prices"": 18900, ""year"": 2023, ""owner"": 0, ""home"": 0, ""odometer"": 16000, ""type"": ""SUV"", ""location"": ""Autocor Cumbaya"", ""business_channel"": ""1500"", ""processedAt"": ""2026-03-16T17:00:28.096Z"", ""color"": ""ROJO"", ""accesories"": ""4X2"", ""license_plate"": ""PFH8367"", ""received_flag"": ""1"", ""days_in_stock"": ""103"", ""published_in_web"": ""1"", ""engine_number"": """", ""reserved_by_user_email"": """", ""reserved_by_user_name"": """", ""reserved_dt"": null, ""expiration_dt"": null, ""opportunity_sale_id"": """", ""factory_invoicing_dt"": ""2025-12-03T00:00:00.000Z"", ""factory_status"": """", ""status_name"": ""DISPONIBLE"", ""fuel_name"": ""Gasolina"", ""availability_status_name"": ""Disponible"", ""availability_status_code"": ""1"", ""created_fullname"": ""LUIS JOAQUIN CORONEL BETRAN"", ""created_dt"": ""2025-12-01T19:48:32.000Z"", ""deleted_flag"": ""0"", ""owner_branch_code"": ""Autocor Cumbaya"", ""saving_plan_group"": ""SUV"", ""saving_plan_order"": ""AUTOMATICA"", ""integration_reference_code"": ""CBF50B94-A73A-493C-84FE-8C89B73B5EC2"", ""version"": ""LTZ TURBO 5PAS AC 1.5 5P"", ""purchase_price"": 17200}"
316,autocor,2026-03-16T17:52:02Z,IBD6360,NISSAN,QASHQAI,2018,19900,98400,Autocor Av. Orellana,Automática,,,4X2,,,,,2026-03-16T17:52:02Z,PLOMO,2.0,EA681304-D0BB-4650-A5AC-722428D55C6D,https://cdn.pilotsolution.net/crm/stock/autocor/12970/12970_249192_desktop.jpeg,"{""id_record"": 316, ""id"": ""EA681304-D0BB-4650-A5AC-722428D55C6D"", ""media"": ""https://cdn.pilotsolution.net/crm/stock/autocor/12970/12970_249192_desktop.jpeg"", ""brand"": ""NISSAN"", ""model"": ""QASHQAI"", ""prices"": 19900, ""year"": 2018, ""owner"": 0, ""home"": 0, ""odometer"": 98400, ""type"": ""SUV"", ""location"": ""Autocor Av. Orellana"", ""business_channel"": ""2000"", ""processedAt"": ""2026-03-16T17:00:28.096Z"", ""color"": ""PLOMO"", ""accesories"": ""4X2"", ""license_plate"": ""IBD6360"", ""received_flag"": ""1"", ""days_in_stock"": ""107"", ""published_in_web"": ""1"", ""engine_number"": """", ""reserved_by_user_email"": """", ""reserved_by_user_name"": """", ""reserved_dt"": null, ""expiration_dt"": null, ""opportunity_sale_id"": """", ""factory_invoicing_dt"": ""2025-11-29T00:00:00.000Z"", ""factory_status"": """", ""status_name"": ""DISPONIBLE"", ""fuel_name"": ""Gasolina"", ""availability_status_name"": ""Disponible"", ""availability_status_code"": ""1"", ""created_fullname"": ""LUIS JOAQUIN CORONEL BETRAN"", ""created_dt"": ""2025-12-01T18:28:56.000Z"", ""deleted_flag"": ""0"", ""owner_branch_code"": ""Autocor Av. Orellana"", ""saving_plan_group"": ""SUV"", ""saving_plan_order"": ""AUTOMATICA"", ""integration_reference_code"": ""BD23B635-E17E-45BA-A9E3-AB01D64B7167"", ""version"": ""ADVANCE AC 2.0 5P 4X2 TA"", ""purchase_price"": 17040}"
317,autocor,2026-03-16T17:52:02Z,PFK8869,FORD,ESCAPE,2024,33900,8200,Autocor Cumbaya,Automática,,,4x2,,,,,2026-03-16T17:52:02Z,NEGRO,1.5,B0226EB6-C310-4BBF-A691-CF43E4E7C66C,https://cdn.pilotsolution.net/crm/stock/autocor/12967/12967_247181_desktop.jpeg,"{""id_record"": 317, ""id"": ""B0226EB6-C310-4BBF-A691-CF43E4E7C66C"", ""media"": ""https://cdn.pilotsolution.net/crm/stock/autocor/12967/12967_247181_desktop.jpeg"", ""brand"": ""FORD"", ""model"": ""ESCAPE"", ""prices"": 33900, ""year"": 2024, ""owner"": 0, ""home"": 0, ""odometer"": 8200, ""type"": ""SUV"", ""location"": ""Autocor Cumbaya"", ""business_channel"": ""1500"", ""processedAt"": ""2026-03-16T17:00:28.096Z"", ""color"": ""NEGRO"", ""accesories"": ""4x2"", ""license_plate"": ""PFK8869"", ""received_flag"": ""1"", ""days_in_stock"": ""104"", ""published_in_web"": ""1"", ""engine_number"": ""005-001-000004542"", ""reserved_by_user_email"": """", ""reserved_by_user_name"": """", ""reserved_dt"": null, ""expiration_dt"": null, ""opportunity_sale_id"": """", ""factory_invoicing_dt"": ""2025-12-02T00:00:00.000Z"", ""factory_status"": """", ""status_name"": ""DISPONIBLE"", ""fuel_name"": ""Gasolina"", ""availability_status_name"": ""Disponible"", ""availability_status_code"": ""1"", ""created_fullname"": ""Fernando Colimba"", ""created_dt"": ""2025-11-30T00:09:33.000Z"", ""deleted_flag"": ""0"", ""owner_branch_code"": ""Autocor Cumbaya"", ""saving_plan_group"": ""SUV"", ""saving_plan_order"": ""AUTOMATICA"", ""integration_reference_code"": ""D8C8CC03-46AB-493D-8C62-0B6556A78DFD"", ""version"": ""TITANIUM AC 1.5 5P 4X2 TA"", ""purchase_price"": 31540}"
318,autocor,2026-03-16T17:52:02Z,PDX4204,PEUGEOT,3008N,2023,26900,62000,Autocor Shyris,Automática,,,4X2,,,,,2026-03-16T17:52:02Z,ROJO,2.0,E45F4AF4-9FA2-433E-8B43-B0B4E5CDE6E9,https://cdn.pilotsolution.net/crm/stock/autocor/12960/12960_248918_desktop.jpeg,"{""id_record"": 318, ""id"": ""E45F4AF4-9FA2-433E-8B43-B0B4E5CDE6E9"", ""media"": ""https://cdn.pilotsolution.net/crm/stock/autocor/12960/12960_248918_desktop.jpeg"", ""brand"": ""PEUGEOT"", ""model"": ""3008N"", ""prices"": 26900, ""year"": 2023, ""owner"": 0, ""home"": 0, ""odometer"": 62000, ""type"": ""SUV"", ""location"": ""Autocor Shyris"", ""business_channel"": ""2000"", ""processedAt"": ""2026-03-16T17:00:28.096Z"", ""color"": ""ROJO"", ""accesories"": ""4X2"", ""license_plate"": ""PDX4204"", ""received_flag"": ""1"", ""days_in_stock"": ""101"", ""published_in_web"": ""1"", ""engine_number"": """", ""reserved_by_user_email"": """", ""reserved_by_user_name"": """", ""reserved_dt"": null, ""expiration_dt"": null, ""opportunity_sale_id"": """", ""factory_invoicing_dt"": ""2025-12-05T00:00:00.000Z"", ""factory_status"": """", ""status_name"": ""DISPONIBLE"", ""fuel_name"": ""Diesel"", ""availability_status_name"": ""Disponible"", ""availability_status_code"": ""1"", ""created_fullname"": ""PATRICIO LOPEZ PALACIOS"", ""created_dt"": ""2025-11-29T22:24:42.000Z"", ""deleted_flag"": ""0"", ""owner_branch_code"": ""Autocor Shyris"", ""saving_plan_group"": ""SUV"", ""saving_plan_order"": ""AUTOMATICA"", ""integration_reference_code"": ""95181E50-DBDE-4D62-899E-7996D583B49F"", ""version"": ""20H BA8 AC 2.0 5P 4X2 TA"", ""purchase_price"": 23300}"
319,autocor,2026-03-16T17:52:02Z,PDP6324,BMW,330I,2021,41600,66000,Autocor Shyris,Automática,,,4X2,,,,,2026-03-16T17:52:02Z,PLATEADO,2.0,A0C53E03-DC17-4536-A580-457BF2D378BA,https://cdn.pilotsolution.net/crm/stock/autocor/12939/12939_252208_desktop.jpeg,"{""id_record"": 319, ""id"": ""A0C53E03-DC17-4536-A580-457BF2D378BA"", ""media"": ""https://cdn.pilotsolution.net/crm/stock/autocor/12939/12939_252208_desktop.jpeg"", ""brand"": ""BMW"", ""model"": ""330I"", ""prices"": 41600, ""year"": 2021, ""owner"": 0, ""home"": 0, ""odometer"": 66000, ""type"": ""SEDAN"", ""location"": ""Autocor Shyris"", ""business_channel"": ""2000"", ""processedAt"": ""2026-03-16T17:00:28.096Z"", ""color"": ""PLATEADO"", ""accesories"": ""4X2"", ""license_plate"": ""PDP6324"", ""received_flag"": ""1"", ""days_in_stock"": ""90"", ""published_in_web"": ""1"", ""engine_number"": ""006-001-000002194"", ""reserved_by_user_email"": """", ""reserved_by_user_name"": """", ""reserved_dt"": null, ""expiration_dt"": null, ""opportunity_sale_id"": """", ""factory_invoicing_dt"": ""2025-12-16T00:00:00.000Z"", ""factory_status"": ""NO"", ""status_name"": ""DISPONIBLE"", ""fuel_name"": ""Gasolina"", ""availability_status_name"": ""Disponible"", ""availability_status_code"": ""1"", ""created_fullname"": ""CARLOS  LOAYZA"", ""created_dt"": ""2025-11-29T16:00:44.000Z"", ""deleted_flag"": ""0"", ""owner_branch_code"": ""Autocor Shyris"", ""saving_plan_group"": ""SEDAN"", ""saving_plan_order"": ""AUTOMATICA"", ""integration_reference_code"": ""6C74567D-A4C2-4B10-8659-488444F7904D"", ""version"": ""2.0 4P 4X2 TA"", ""purchase_price"": 38040}"
32,autocor,2026-03-16T17:51:59Z,PFH8358,TOYOTA,COROLLA CROSS HIGH,2024,31900,40000,Autocor Av. Orellana,Automática,,,4X2,,,,,2026-03-16T17:51:59Z,PLATEADO,1.8,82450950-D21D-4FAE-B1FC-8CF4FF85F3C0,https://cdn.pilotsolution.net/crm/stock/autocor/14371/14371_283655_desktop.jpeg,"{""id_record"": 32, ""id"": ""82450950-D21D-4FAE-B1FC-8CF4FF85F3C0"", ""media"": ""https://cdn.pilotsolution.net/crm/stock/autocor/14371/14371_283655_desktop.jpeg"", ""brand"": ""TOYOTA"", ""model"": ""COROLLA CROSS HIGH"", ""prices"": 31900, ""year"": 2024, ""owner"": 0, ""home"": 0, ""odometer"": 40000, ""type"": ""SUV"", ""location"": ""Autocor Av. Orellana"", ""business_channel"": ""Usados"", ""processedAt"": ""2026-03-16T17:00:28.096Z"", ""color"": ""PLATEADO"", ""accesories"": ""4X2"", ""license_plate"": ""PFH8358"", ""received_flag"": ""1"", ""days_in_stock"": ""6"", ""published_in_web"": ""1"", ""engine_number"": """", ""reserved_by_user_email"": """", ""reserved_by_user_name"": """", ""reserved_dt"": null, ""expiration_dt"": null, ""opportunity_sale_id"": """", ""factory_invoicing_dt"": ""2026-03-10T00:00:00.000Z"", ""factory_status"": """", ""status_name"": ""DISPONIBLE"", ""fuel_name"": ""Hibrido "", ""availability_status_name"": ""Disponible"", ""availability_status_code"": ""1"", ""created_fullname"": ""ASISTENTE COMERCIAL ORELLANA"", ""created_dt"": ""2026-03-11T22:20:12.000Z"", ""deleted_flag"": ""0"", ""owner_branch_code"": ""Autocor Av. Orellana"", ""saving_plan_group"": ""SUV"", ""saving_plan_order"": ""AUTOMATICA"", ""integration_reference_code"": ""9D9560F1-5B19-48B4-9514-95B4E20746FB"", ""version"": ""AC 1.8 5P 4X2 TA HYBRID"", ""purchase_price"": 29500}"
320,autocor,2026-03-16T17:52:02Z,MBH2586,KIA,SPORTAGE,2026,28900,1600,Autocor Guayaquil,Manual,,,4X2,,,,,2026-03-16T17:52:02Z,AZUL,2.0,7655A89C-862A-4AEE-A37A-3883D5BE276E,https://cdn.pilotsolution.net/crm/stock/autocor/12882/12882_245530_desktop.jpeg,"{""id_record"": 320, ""id"": ""7655A89C-862A-4AEE-A37A-3883D5BE276E"", ""media"": ""https://cdn.pilotsolution.net/crm/stock/autocor/12882/12882_245530_desktop.jpeg"", ""brand"": ""KIA"", ""model"": ""SPORTAGE"", ""prices"": 28900, ""year"": 2026, ""owner"": 0, ""home"": 1, ""odometer"": 1600, ""type"": ""SUV"", ""location"": ""Autocor Guayaquil"", ""business_channel"": ""2000"", ""processedAt"": ""2026-03-16T17:00:28.096Z"", ""color"": ""AZUL "", ""accesories"": ""4X2"", ""license_plate"": ""MBH2586"", ""received_flag"": ""1"", ""days_in_stock"": ""111"", ""published_in_web"": ""1"", ""engine_number"": """", ""reserved_by_user_email"": """", ""reserved_by_user_name"": """", ""reserved_dt"": null, ""expiration_dt"": null, ""opportunity_sale_id"": """", ""factory_invoicing_dt"": ""2025-11-25T00:00:00.000Z"", ""factory_status"": ""NO"", ""status_name"": ""DISPONIBLE"", ""fuel_name"": ""Gasolina"", ""availability_status_name"": ""Disponible"", ""availability_status_code"": ""1"", ""created_fullname"": ""Juan  Triana"", ""created_dt"": ""2025-11-26T22:47:02.000Z"", ""deleted_flag"": ""0"", ""owner_branch_code"": ""Autocor Guayaquil"", ""saving_plan_group"": ""SUV"", ""saving_plan_order"": ""MANUAL"", ""integration_reference_code"": ""7A1A911B-62CC-4206-ABAA-A7F14DC31ACF"", ""version"": ""LX AC 2.0 5P 4X2 TM"", ""purchase_price"": 25540}"
321,autocor,2026-03-16T17:52:02Z,PFS3091,VOLKSWAGEN,AMAROK,2026,33900,20,Autocor Cumbaya,Manual,,,4X2,,,,,2026-03-16T17:52:02Z,BLANCO,2.0,26D41702-5024-4ED2-87C2-77F5B676F907,https://cdn.pilotsolution.net/crm/stock/autocor/12880/12880_276377_desktop.jpeg,"{""id_record"": 321, ""id"": ""26D41702-5024-4ED2-87C2-77F5B676F907"", ""media"": ""https://cdn.pilotsolution.net/crm/stock/autocor/12880/12880_276377_desktop.jpeg"", ""brand"": ""VOLKSWAGEN"", ""model"": ""AMAROK"", ""prices"": 33900, ""year"": 2026, ""owner"": 0, ""home"": 0, ""odometer"": 20, ""type"": ""CAMIONETA"", ""location"": ""Autocor Cumbaya"", ""business_channel"": ""2000"", ""processedAt"": ""2026-03-16T17:00:28.096Z"", ""color"": ""BLANCO"", ""accesories"": ""4X2"", ""license_plate"": ""PFS3091"", ""received_flag"": ""1"", ""days_in_stock"": ""17"", ""published_in_web"": ""1"", ""engine_number"": ""008-001-000001235"", ""reserved_by_user_email"": """", ""reserved_by_user_name"": """", ""reserved_dt"": null, ""expiration_dt"": null, ""opportunity_sale_id"": """", ""factory_invoicing_dt"": ""2026-02-27T00:00:00.000Z"", ""factory_status"": """", ""status_name"": ""DISPONIBLE"", ""fuel_name"": ""Diesel"", ""availability_status_name"": ""Disponible"", ""availability_status_code"": ""1"", ""created_fullname"": ""VENTAS RECREO"", ""created_dt"": ""2025-11-26T21:21:01.000Z"", ""deleted_flag"": ""0"", ""owner_branch_code"": ""Autocor Cumbaya"", ""saving_plan_group"": ""CAMIONETA"", ""saving_plan_order"": ""MANUAL"", ""integration_reference_code"": ""E4397984-E77B-4E80-94E5-286EEF1EAA0D"", ""version"": ""AC 2.0 CD 4X4 TM DIESEL"", ""purchase_price"": 38990}"
322,autocor,2026-03-16T17:52:02Z,GTK9381,DONGFENG,RICH,2022,15600,40000,Autocor Eloy Alfaro,Manual,,,4X2,,,,,2026-03-16T17:52:02Z,NEGRO,2.4,F18E4DED-6764-4C58-91AA-80F6FE13F338,https://cdn.pilotsolution.net/crm/stock/autocor/12864/12864_277029_desktop.jpeg,"{""id_record"": 322, ""id"": ""F18E4DED-6764-4C58-91AA-80F6FE13F338"", ""media"": ""https://cdn.pilotsolution.net/crm/stock/autocor/12864/12864_277029_desktop.jpeg"", ""brand"": ""DONGFENG"", ""model"": ""RICH"", ""prices"": 15600, ""year"": 2022, ""owner"": 0, ""home"": 1, ""odometer"": 40000, ""type"": ""CAMIONETA"", ""location"": ""Autocor Eloy Alfaro"", ""business_channel"": ""2400"", ""processedAt"": ""2026-03-16T17:00:28.096Z"", ""color"": ""NEGRO "", ""accesories"": ""4X2"", ""license_plate"": ""GTK9381"", ""received_flag"": ""1"", ""days_in_stock"": ""116"", ""published_in_web"": ""1"", ""engine_number"": """", ""reserved_by_user_email"": """", ""reserved_by_user_name"": """", ""reserved_dt"": null, ""expiration_dt"": null, ""opportunity_sale_id"": """", ""factory_invoicing_dt"": ""2025-11-20T00:00:00.000Z"", ""factory_status"": ""NO"", ""status_name"": ""DISPONIBLE"", ""fuel_name"": ""Gasolina"", ""availability_status_name"": ""Disponible"", ""availability_status_code"": ""1"", ""created_fullname"": ""Juan  Triana"", ""created_dt"": ""2025-11-25T23:11:46.000Z"", ""deleted_flag"": ""0"", ""owner_branch_code"": ""Autocor Eloy Alfaro"", ""saving_plan_group"": ""CAMIONETA"", ""saving_plan_order"": ""MANUAL "", ""integration_reference_code"": ""B08EC96B-F2B3-4AE4-A30D-709FA87C2F73"", ""version"": ""P11 AC 2.4 CD 4X2 TM"", ""purchase_price"": 13040}"
323,autocor,2026-03-16T17:52:02Z,GTK3456,FORD,EXPLORER,2021,61900,50000,Autocor Guayaquil,Automática,,,4X4,,,,,2026-03-16T17:52:02Z,BLANCO,2.3,A516615B-88E6-41EF-BE35-8DFB018BCC5A,https://cdn.pilotsolution.net/crm/stock/autocor/12862/12862_266558_desktop.jpeg,"{""id_record"": 323, ""id"": ""A516615B-88E6-41EF-BE35-8DFB018BCC5A"", ""media"": ""https://cdn.pilotsolution.net/crm/stock/autocor/12862/12862_266558_desktop.jpeg"", ""brand"": ""FORD"", ""model"": ""EXPLORER"", ""prices"": 61900, ""year"": 2021, ""owner"": 0, ""home"": 1, ""odometer"": 50000, ""type"": ""SUV"", ""location"": ""Autocor Guayaquil"", ""business_channel"": ""2300"", ""processedAt"": ""2026-03-16T17:00:28.096Z"", ""color"": ""BLANCO"", ""accesories"": ""4X4"", ""license_plate"": ""GTK3456"", ""received_flag"": ""1"", ""days_in_stock"": ""111"", ""published_in_web"": ""1"", ""engine_number"": """", ""reserved_by_user_email"": """", ""reserved_by_user_name"": """", ""reserved_dt"": null, ""expiration_dt"": null, ""opportunity_sale_id"": """", ""factory_invoicing_dt"": ""2025-11-25T00:00:00.000Z"", ""factory_status"": ""NO"", ""status_name"": ""DISPONIBLE"", ""fuel_name"": ""Gasolina"", ""availability_status_name"": ""Disponible"", ""availability_status_code"": ""1"", ""created_fullname"": ""FRANCISCO AROCA"", ""created_dt"": ""2025-11-25T20:57:49.000Z"", ""deleted_flag"": ""0"", ""owner_branch_code"": ""Autocor Guayaquil"", ""saving_plan_group"": ""SUV"", ""saving_plan_order"": ""AUTOMATICA"", ""integration_reference_code"": """", ""version"": ""XLT AC 2.3 5P 4X4 TA"", ""purchase_price"": 57040}"
324,autocor,2026-03-16T17:52:02Z,GTJ4483,FORD,BRONCO,2021,39900,55000,Autocor Guayaquil,Automática,,,4X4,,,,,2026-03-16T17:52:02Z,BLANCO,2.0,76258F83-EF95-4734-9E65-B7A125EE5C22,https://cdn.pilotsolution.net/crm/stock/autocor/12855/12855_245147_desktop.jpeg,"{""id_record"": 324, ""id"": ""76258F83-EF95-4734-9E65-B7A125EE5C22"", ""media"": ""https://cdn.pilotsolution.net/crm/stock/autocor/12855/12855_245147_desktop.jpeg"", ""brand"": ""FORD"", ""model"": ""BRONCO"", ""prices"": 39900, ""year"": 2021, ""owner"": 0, ""home"": 0, ""odometer"": 55000, ""type"": ""SUV"", ""location"": ""Autocor Guayaquil"", ""business_channel"": ""2000"", ""processedAt"": ""2026-03-16T17:00:28.096Z"", ""color"": ""BLANCO"", ""accesories"": ""4X4"", ""license_plate"": ""GTJ4483"", ""received_flag"": ""1"", ""days_in_stock"": ""111"", ""published_in_web"": ""1"", ""engine_number"": """", ""reserved_by_user_email"": """", ""reserved_by_user_name"": """", ""reserved_dt"": null, ""expiration_dt"": null, ""opportunity_sale_id"": """", ""factory_invoicing_dt"": ""2025-11-25T00:00:00.000Z"", ""factory_status"": ""NO"", ""status_name"": ""DISPONIBLE"", ""fuel_name"": ""Gasolina"", ""availability_status_name"": ""Disponible"", ""availability_status_code"": ""1"", ""created_fullname"": ""MATEO MONGE"", ""created_dt"": ""2025-11-25T17:02:51.000Z"", ""deleted_flag"": ""0"", ""owner_branch_code"": ""Autocor Guayaquil"", ""saving_plan_group"": ""SUV"", ""saving_plan_order"": ""AUTOMATICA"", ""integration_reference_code"": ""80BA4453-5EB9-4E7D-9C45-4F32C1E51FD7"", ""version"": ""SPORT WILDTRACK AC 2.0 5P"", ""purchase_price"": 36040}"
325,autocor,2026-03-16T17:52:02Z,PFF7092,MITSUBISHI,L200,2024,42900,35200,Autocor La Prensa,Manual,,,4X4,,,,,2026-03-16T17:52:02Z,AZUL,2.4,C3A7D01D-2A60-4531-8142-72250FD072DD,https://cdn.pilotsolution.net/crm/stock/autocor/12838/12838_249500_desktop.jpeg,"{""id_record"": 325, ""id"": ""C3A7D01D-2A60-4531-8142-72250FD072DD"", ""media"": ""https://cdn.pilotsolution.net/crm/stock/autocor/12838/12838_249500_desktop.jpeg"", ""brand"": ""MITSUBISHI"", ""model"": ""L200"", ""prices"": 42900, ""year"": 2024, ""owner"": 0, ""home"": 0, ""odometer"": 35200, ""type"": ""DOBLE CABINA"", ""location"": ""Autocor La Prensa"", ""business_channel"": ""2400"", ""processedAt"": ""2026-03-16T17:00:28.096Z"", ""color"": ""AZUL"", ""accesories"": ""4X4"", ""license_plate"": ""PFF7092"", ""received_flag"": ""1"", ""days_in_stock"": ""104"", ""published_in_web"": ""1"", ""engine_number"": ""009-001-000000813"", ""reserved_by_user_email"": """", ""reserved_by_user_name"": """", ""reserved_dt"": null, ""expiration_dt"": null, ""opportunity_sale_id"": """", ""factory_invoicing_dt"": ""2025-12-02T00:00:00.000Z"", ""factory_status"": """", ""status_name"": ""DISPONIBLE"", ""fuel_name"": ""Diesel"", ""availability_status_name"": ""Disponible"", ""availability_status_code"": ""1"", ""created_fullname"": ""BOLIVAR ROMERO"", ""created_dt"": ""2025-11-24T14:23:00.000Z"", ""deleted_flag"": ""0"", ""owner_branch_code"": ""Autocor La Prensa"", ""saving_plan_group"": ""DOBLE CABINA"", ""saving_plan_order"": ""MANUAL"", ""integration_reference_code"": ""CC0B67CD-56FD-472C-8627-240AF0DD146A"", ""version"": ""GLX AC 2.4 CD 4X4 TM DIESEL"", ""purchase_price"": 37879}"
326,autocor,2026-03-16T17:52:02Z,PFS2262,VOLKSWAGEN,AMAROK,2026,33900,40,Autocor 6 de Diciembre,Manual,,,4X2,,,,,2026-03-16T17:52:02Z,CREMA,2.0,523B064B-B61C-47CE-8D87-F4DEB984681F,https://cdn.pilotsolution.net/crm/stock/autocor/12832/12832_246005_desktop.jpeg,"{""id_record"": 326, ""id"": ""523B064B-B61C-47CE-8D87-F4DEB984681F"", ""media"": ""https://cdn.pilotsolution.net/crm/stock/autocor/12832/12832_246005_desktop.jpeg"", ""brand"": ""VOLKSWAGEN"", ""model"": ""AMAROK"", ""prices"": 33900, ""year"": 2026, ""owner"": 0, ""home"": 0, ""odometer"": 40, ""type"": ""CAMIONETA"", ""location"": ""Autocor 6 de Diciembre"", ""business_channel"": ""2000"", ""processedAt"": ""2026-03-16T17:00:28.096Z"", ""color"": ""CREMA"", ""accesories"": ""4X2"", ""license_plate"": ""PFS2262"", ""received_flag"": ""1"", ""days_in_stock"": ""110"", ""published_in_web"": ""1"", ""engine_number"": ""001-001-000011277"", ""reserved_by_user_email"": """", ""reserved_by_user_name"": """", ""reserved_dt"": null, ""expiration_dt"": null, ""opportunity_sale_id"": """", ""factory_invoicing_dt"": ""2025-11-26T00:00:00.000Z"", ""factory_status"": """", ""status_name"": ""DISPONIBLE"", ""fuel_name"": ""Diesel"", ""availability_status_name"": ""Disponible"", ""availability_status_code"": ""1"", ""created_fullname"": ""VENTAS RECREO"", ""created_dt"": ""2025-11-23T16:02:37.000Z"", ""deleted_flag"": ""0"", ""owner_branch_code"": ""Autocor 6 de Diciembre"", ""saving_plan_group"": ""CAMIONETA"", ""saving_plan_order"": ""MANUAL"", ""integration_reference_code"": ""DDAB7AAA-80E3-4C6B-B2D7-211B9470692E"", ""version"": ""AC 2.0 CD 4X2 TM DIESEL"", ""purchase_price"": 33900}"
327,autocor,2026-03-16T17:52:02Z,PCY4353,BMW,X5,2018,54900,55000,Autocor Shyris,Automática,,,4X4,,,,,2026-03-16T17:52:02Z,NEGRO,2.0,09F3A272-165A-41D8-81A6-C2B89ED8B0D9,https://cdn.pilotsolution.net/crm/stock/autocor/12824/12824_243825_desktop.jpeg,"{""id_record"": 327, ""id"": ""09F3A272-165A-41D8-81A6-C2B89ED8B0D9"", ""media"": ""https://cdn.pilotsolution.net/crm/stock/autocor/12824/12824_243825_desktop.jpeg"", ""brand"": ""BMW"", ""model"": ""X5"", ""prices"": 54900, ""year"": 2018, ""owner"": 0, ""home"": 0, ""odometer"": 55000, ""type"": ""SUV"", ""location"": ""Autocor Shyris"", ""business_channel"": ""2000"", ""processedAt"": ""2026-03-16T17:00:28.096Z"", ""color"": ""NEGRO"", ""accesories"": ""4X4"", ""license_plate"": ""PCY4353"", ""received_flag"": ""1"", ""days_in_stock"": ""115"", ""published_in_web"": ""1"", ""engine_number"": ""005-001-000004441"", ""reserved_by_user_email"": """", ""reserved_by_user_name"": """", ""reserved_dt"": null, ""expiration_dt"": null, ""opportunity_sale_id"": """", ""factory_invoicing_dt"": ""2025-11-21T00:00:00.000Z"", ""factory_status"": ""NO"", ""status_name"": ""DISPONIBLE"", ""fuel_name"": ""Hibrido "", ""availability_status_name"": ""Disponible"", ""availability_status_code"": ""1"", ""created_fullname"": ""CARLOS ENRIQUE MONTIEL GODOY"", ""created_dt"": ""2025-11-22T22:03:20.000Z"", ""deleted_flag"": ""0"", ""owner_branch_code"": ""Autocor Shyris"", ""saving_plan_group"": ""SUV"", ""saving_plan_order"": ""AUTOMATICA"", ""integration_reference_code"": ""982D1184-DCD6-405E-B69E-527F4EAE7A54"", ""version"": ""XDRIVE 40E AC 2.0 5P 4X4 TA HYBRID"", ""purchase_price"": 53040}"
328,autocor,2026-03-16T17:52:02Z,PCT9857,MERCEDES BENZ,GLC 250,2017,40900,55000,Autocor Cumbaya,Automática,,,4X4,,,,,2026-03-16T17:52:02Z,PLATEADO,2.0,461D22D9-F842-4B0F-BB78-54C90EEB4022,https://cdn.pilotsolution.net/crm/stock/autocor/12817/12817_243665_desktop.jpeg,"{""id_record"": 328, ""id"": ""461D22D9-F842-4B0F-BB78-54C90EEB4022"", ""media"": ""https://cdn.pilotsolution.net/crm/stock/autocor/12817/12817_243665_desktop.jpeg"", ""brand"": ""MERCEDES BENZ"", ""model"": ""GLC 250"", ""prices"": 40900, ""year"": 2017, ""owner"": 0, ""home"": 0, ""odometer"": 55000, ""type"": ""SUV"", ""location"": ""Autocor Cumbaya"", ""business_channel"": ""2000"", ""processedAt"": ""2026-03-16T17:00:28.096Z"", ""color"": ""PLATEADO"", ""accesories"": ""4X4"", ""license_plate"": ""PCT9857"", ""received_flag"": ""1"", ""days_in_stock"": ""114"", ""published_in_web"": ""1"", ""engine_number"": ""005-001-000004528"", ""reserved_by_user_email"": """", ""reserved_by_user_name"": """", ""reserved_dt"": null, ""expiration_dt"": null, ""opportunity_sale_id"": """", ""factory_invoicing_dt"": ""2025-11-22T00:00:00.000Z"", ""factory_status"": """", ""status_name"": ""DISPONIBLE"", ""fuel_name"": ""Gasolina"", ""availability_status_name"": ""Disponible"", ""availability_status_code"": ""1"", ""created_fullname"": ""CRISTIAN  GORDILLO"", ""created_dt"": ""2025-11-22T15:51:31.000Z"", ""deleted_flag"": ""0"", ""owner_branch_code"": ""Autocor Cumbaya"", ""saving_plan_group"": ""SUV"", ""saving_plan_order"": ""AUTOMATICA"", ""integration_reference_code"": ""26E53F97-92CC-4DA3-8595-578D8E21E134"", ""version"": ""AC 2.0 5P 4X4 TA"", ""purchase_price"": 35100}"
329,autocor,2026-03-16T17:52:02Z,PDS3932,BMW,218I,2022,35900,40600,Autocor Shyris,Automática,,,4X2,,,,,2026-03-16T17:52:02Z,NEGRO,ND,13D5E8E5-CB17-4840-8530-1679BEAF28AE,https://cdn.pilotsolution.net/crm/stock/autocor/12767/12767_242855_desktop.jpeg,"{""id_record"": 329, ""id"": ""13D5E8E5-CB17-4840-8530-1679BEAF28AE"", ""media"": ""https://cdn.pilotsolution.net/crm/stock/autocor/12767/12767_242855_desktop.jpeg"", ""brand"": ""BMW"", ""model"": ""218I"", ""prices"": 35900, ""year"": 2022, ""owner"": 0, ""home"": 0, ""odometer"": 40600, ""type"": ""SEDAN"", ""location"": ""Autocor Shyris"", ""business_channel"": ""1500"", ""processedAt"": ""2026-03-16T17:00:28.096Z"", ""color"": ""NEGRO"", ""accesories"": ""4X2"", ""license_plate"": ""PDS3932"", ""received_flag"": ""1"", ""days_in_stock"": ""116"", ""published_in_web"": ""1"", ""engine_number"": ""005-001-000004601"", ""reserved_by_user_email"": """", ""reserved_by_user_name"": """", ""reserved_dt"": null, ""expiration_dt"": null, ""opportunity_sale_id"": """", ""factory_invoicing_dt"": ""2025-11-20T00:00:00.000Z"", ""factory_status"": """", ""status_name"": ""DISPONIBLE"", ""fuel_name"": ""Gasolina"", ""availability_status_name"": ""Disponible"", ""availability_status_code"": ""1"", ""created_fullname"": ""Jose Zamora"", ""created_dt"": ""2025-11-18T15:13:06.000Z"", ""deleted_flag"": ""0"", ""owner_branch_code"": ""Autocor Shyris"", ""saving_plan_group"": ""SEDAN"", ""saving_plan_order"": ""AUTOMATICA"", ""integration_reference_code"": ""56E480E3-6784-458C-9103-1C97FC28FA1B"", ""version"": ""GRAN COUPE"", ""purchase_price"": 35900}"
33,autocor,2026-03-16T17:51:59Z,PFJ4731,TOYOTA,COROLLA,2025,30600,12381,Autocor Shyris,Automática,,,4X2,,,,,2026-03-16T17:51:59Z,AZUL,1.8,EF2CFC5F-897A-40C6-84C1-E5CC476298FA,https://cdn.pilotsolution.net/crm/stock/autocor/14366/14366_282460_desktop.jpeg,"{""id_record"": 33, ""id"": ""EF2CFC5F-897A-40C6-84C1-E5CC476298FA"", ""media"": ""https://cdn.pilotsolution.net/crm/stock/autocor/14366/14366_282460_desktop.jpeg"", ""brand"": ""TOYOTA"", ""model"": ""COROLLA"", ""prices"": 30600, ""year"": 2025, ""owner"": 0, ""home"": 0, ""odometer"": 12381, ""type"": ""SUV"", ""location"": ""Autocor Shyris"", ""business_channel"": ""1800"", ""processedAt"": ""2026-03-16T17:00:28.096Z"", ""color"": ""AZUL"", ""accesories"": ""4X2"", ""license_plate"": ""PFJ4731"", ""received_flag"": ""1"", ""days_in_stock"": ""5"", ""published_in_web"": ""1"", ""engine_number"": """", ""reserved_by_user_email"": """", ""reserved_by_user_name"": """", ""reserved_dt"": null, ""expiration_dt"": null, ""opportunity_sale_id"": """", ""factory_invoicing_dt"": ""2026-03-11T00:00:00.000Z"", ""factory_status"": """", ""status_name"": ""DISPONIBLE"", ""fuel_name"": ""Gasolina"", ""availability_status_name"": ""Disponible"", ""availability_status_code"": ""1"", ""created_fullname"": ""DANIEL BRITO"", ""created_dt"": ""2026-03-11T20:46:09.000Z"", ""deleted_flag"": ""0"", ""owner_branch_code"": ""Autocor Shyris"", ""saving_plan_group"": ""SUV"", ""saving_plan_order"": ""AUTOMATICA"", ""integration_reference_code"": ""4BA75D20-2E48-4F1A-B6C8-26199692CA3D"", ""version"": ""AC 1.8 5P 4X2 TA HYBRID  CROSS MID"", ""purchase_price"": 27040}"
330,autocor,2026-03-16T17:52:02Z,PDF2256,FORD,ESCAPE,2018,17400,96000,Autocor Valle de los Chillos,Automática,,,4X2,,,,,2026-03-16T17:52:02Z,ROJO,2.5,AA7E7D3D-A53E-451C-BE23-79746EE317B2,https://cdn.pilotsolution.net/crm/stock/autocor/12766/12766_246433_desktop.jpeg,"{""id_record"": 330, ""id"": ""AA7E7D3D-A53E-451C-BE23-79746EE317B2"", ""media"": ""https://cdn.pilotsolution.net/crm/stock/autocor/12766/12766_246433_desktop.jpeg"", ""brand"": ""FORD"", ""model"": ""ESCAPE"", ""prices"": 17400, ""year"": 2018, ""owner"": 0, ""home"": 0, ""odometer"": 96000, ""type"": ""SUV"", ""location"": ""Autocor Valle de los Chillos"", ""business_channel"": ""2500"", ""processedAt"": ""2026-03-16T17:00:28.096Z"", ""color"": ""ROJO"", ""accesories"": ""4X2"", ""license_plate"": ""PDF2256"", ""received_flag"": ""1"", ""days_in_stock"": ""108"", ""published_in_web"": ""1"", ""engine_number"": ""006-001-000002197"", ""reserved_by_user_email"": """", ""reserved_by_user_name"": """", ""reserved_dt"": null, ""expiration_dt"": null, ""opportunity_sale_id"": """", ""factory_invoicing_dt"": ""2025-11-28T00:00:00.000Z"", ""factory_status"": ""NO"", ""status_name"": ""DISPONIBLE"", ""fuel_name"": ""Gasolina"", ""availability_status_name"": ""Disponible"", ""availability_status_code"": ""1"", ""created_fullname"": ""PATRICIO LOPEZ PALACIOS"", ""created_dt"": ""2025-11-18T15:09:28.000Z"", ""deleted_flag"": ""0"", ""owner_branch_code"": ""Autocor Valle de los Chillos"", ""saving_plan_group"": ""SUV"", ""saving_plan_order"": ""AUTOMÁTICA"", ""integration_reference_code"": ""9602C4A0-B3ED-46A0-BEC5-8993DC560B12"", ""version"": ""S AC 2.5 5P 4X2 TA"", ""purchase_price"": 15500}"
331,autocor,2026-03-16T17:52:02Z,TBM8145,JETOUR,DASHING,2024,26600,50,Autocor 6 de Diciembre,Automática,,,4x2,,,,,2026-03-16T17:52:02Z,PLOMO,1.6,72F91F49-32F3-4F4C-BA87-C1ECEE3A8BC7,https://cdn.pilotsolution.net/crm/stock/autocor/12763/12763_252577_desktop.jpeg,"{""id_record"": 331, ""id"": ""72F91F49-32F3-4F4C-BA87-C1ECEE3A8BC7"", ""media"": ""https://cdn.pilotsolution.net/crm/stock/autocor/12763/12763_252577_desktop.jpeg"", ""brand"": ""JETOUR"", ""model"": ""DASHING"", ""prices"": 26600, ""year"": 2024, ""owner"": 1, ""home"": 1, ""odometer"": 50, ""type"": ""SUV"", ""location"": ""Autocor 6 de Diciembre"", ""business_channel"": ""1600"", ""processedAt"": ""2026-03-16T17:00:28.096Z"", ""color"": ""PLOMO"", ""accesories"": ""4x2"", ""license_plate"": ""TBM8145"", ""received_flag"": ""1"", ""days_in_stock"": ""119"", ""published_in_web"": ""1"", ""engine_number"": ""001-001-000011253"", ""reserved_by_user_email"": """", ""reserved_by_user_name"": """", ""reserved_dt"": null, ""expiration_dt"": null, ""opportunity_sale_id"": """", ""factory_invoicing_dt"": ""2025-11-17T00:00:00.000Z"", ""factory_status"": ""SI"", ""status_name"": ""DISPONIBLE"", ""fuel_name"": ""Gasolina"", ""availability_status_name"": ""Disponible"", ""availability_status_code"": ""1"", ""created_fullname"": ""RONALD VEINTIMILLA"", ""created_dt"": ""2025-11-17T23:32:22.000Z"", ""deleted_flag"": ""0"", ""owner_branch_code"": ""Autocor 6 de Diciembre"", ""saving_plan_group"": ""SUV"", ""saving_plan_order"": ""AUTOMATICA"", ""integration_reference_code"": ""597F0B96-BB0C-433A-BA4F-5564F7DE04D4"", ""version"": ""DCT AC 1.6 5P 4X2 TA"", ""purchase_price"": 21000}"
332,autocor,2026-03-16T17:52:02Z,PDH4940,JEEP,COMPASS,2018,19400,84000,Autocor Eloy Alfaro,Automática,,,4X2,,,,,2026-03-16T17:52:02Z,PLOMO,2.4,EC0CF410-E06C-46C8-9988-FE95800FF3A4,https://cdn.pilotsolution.net/crm/stock/autocor/12690/12690_258249_desktop.jpeg,"{""id_record"": 332, ""id"": ""EC0CF410-E06C-46C8-9988-FE95800FF3A4"", ""media"": ""https://cdn.pilotsolution.net/crm/stock/autocor/12690/12690_258249_desktop.jpeg"", ""brand"": ""JEEP"", ""model"": ""COMPASS"", ""prices"": 19400, ""year"": 2018, ""owner"": 0, ""home"": 0, ""odometer"": 84000, ""type"": ""SUV"", ""location"": ""Autocor Eloy Alfaro"", ""business_channel"": ""2400"", ""processedAt"": ""2026-03-16T17:00:28.096Z"", ""color"": ""PLOMO"", ""accesories"": ""4X2"", ""license_plate"": ""PDH4940"", ""received_flag"": ""1"", ""days_in_stock"": ""117"", ""published_in_web"": ""1"", ""engine_number"": ""006-001-000002170"", ""reserved_by_user_email"": """", ""reserved_by_user_name"": """", ""reserved_dt"": null, ""expiration_dt"": null, ""opportunity_sale_id"": """", ""factory_invoicing_dt"": ""2025-11-19T00:00:00.000Z"", ""factory_status"": ""NO"", ""status_name"": ""DISPONIBLE"", ""fuel_name"": ""Gasolina"", ""availability_status_name"": ""Disponible"", ""availability_status_code"": ""1"", ""created_fullname"": ""PATRICIO LOPEZ PALACIOS"", ""created_dt"": ""2025-11-10T15:22:22.000Z"", ""deleted_flag"": ""0"", ""owner_branch_code"": ""Autocor Eloy Alfaro"", ""saving_plan_group"": ""SUV"", ""saving_plan_order"": ""AUTOMÁTICA"", ""integration_reference_code"": ""E4772AD4-8367-4B3F-81A9-88EEB35D24F2"", ""version"": ""LONGITUDE AC 2.4 5P"", ""purchase_price"": 15600}"
333,autocor,2026-03-16T17:52:02Z,MBF8205,TOYOTA,COROLLA,2023,26400,29000,Autocor Guayaquil,Automática,,,4X2,,,,,2026-03-16T17:52:02Z,BLANCO,1.8,42BF52FE-D199-437B-92AD-914C028001E5,https://cdn.pilotsolution.net/crm/stock/autocor/12682/12682_245094_desktop.jpeg,"{""id_record"": 333, ""id"": ""42BF52FE-D199-437B-92AD-914C028001E5"", ""media"": ""https://cdn.pilotsolution.net/crm/stock/autocor/12682/12682_245094_desktop.jpeg"", ""brand"": ""TOYOTA"", ""model"": ""COROLLA"", ""prices"": 26400, ""year"": 2023, ""owner"": 0, ""home"": 0, ""odometer"": 29000, ""type"": ""SUV"", ""location"": ""Autocor Guayaquil"", ""business_channel"": ""1800"", ""processedAt"": ""2026-03-16T17:00:28.096Z"", ""color"": ""BLANCO"", ""accesories"": ""4X2"", ""license_plate"": ""MBF8205"", ""received_flag"": ""1"", ""days_in_stock"": ""115"", ""published_in_web"": ""1"", ""engine_number"": """", ""reserved_by_user_email"": """", ""reserved_by_user_name"": """", ""reserved_dt"": null, ""expiration_dt"": null, ""opportunity_sale_id"": """", ""factory_invoicing_dt"": ""2025-11-21T00:00:00.000Z"", ""factory_status"": ""NO"", ""status_name"": ""DISPONIBLE"", ""fuel_name"": ""Hibrido "", ""availability_status_name"": ""Disponible"", ""availability_status_code"": ""1"", ""created_fullname"": ""Fernando Colimba"", ""created_dt"": ""2025-11-08T21:05:25.000Z"", ""deleted_flag"": ""0"", ""owner_branch_code"": ""Autocor Guayaquil"", ""saving_plan_group"": ""SUV"", ""saving_plan_order"": ""AUTOMATICA"", ""integration_reference_code"": ""65608E47-2106-49AB-BC31-C2A37D7650A1"", ""version"": ""CROSS MID AC 1.8 5P 4X2"", ""purchase_price"": 24500}"
334,autocor,2026-03-16T17:52:02Z,GTE5733,BMW,330I,2020,36900,69051,Autocor Cumbaya,Automática,,,4X2,,,,,2026-03-16T17:52:02Z,PLATEADO,2.0,516C41AE-6B5B-43D5-A60F-E238B4E25E3D,https://cdn.pilotsolution.net/crm/stock/autocor/12658/12658_268916_desktop.jpeg,"{""id_record"": 334, ""id"": ""516C41AE-6B5B-43D5-A60F-E238B4E25E3D"", ""media"": ""https://cdn.pilotsolution.net/crm/stock/autocor/12658/12658_268916_desktop.jpeg"", ""brand"": ""BMW"", ""model"": ""330I"", ""prices"": 36900, ""year"": 2020, ""owner"": 0, ""home"": 0, ""odometer"": 69051, ""type"": ""SEDAN"", ""location"": ""Autocor Cumbaya"", ""business_channel"": ""2000"", ""processedAt"": ""2026-03-16T17:00:28.096Z"", ""color"": ""PLATEADO"", ""accesories"": ""4X2"", ""license_plate"": ""GTE5733"", ""received_flag"": ""1"", ""days_in_stock"": ""131"", ""published_in_web"": ""1"", ""engine_number"": ""001-001-000000521"", ""reserved_by_user_email"": """", ""reserved_by_user_name"": """", ""reserved_dt"": null, ""expiration_dt"": null, ""opportunity_sale_id"": """", ""factory_invoicing_dt"": ""2025-11-05T00:00:00.000Z"", ""factory_status"": """", ""status_name"": ""DISPONIBLE"", ""fuel_name"": ""Gasolina"", ""availability_status_name"": ""Disponible"", ""availability_status_code"": ""1"", ""created_fullname"": ""Fernando Colimba"", ""created_dt"": ""2025-11-06T22:27:12.000Z"", ""deleted_flag"": ""0"", ""owner_branch_code"": ""Autocor Cumbaya"", ""saving_plan_group"": ""SEDAN"", ""saving_plan_order"": ""AUTOMATICA"", ""integration_reference_code"": ""710E18CB-0E45-4251-880D-622F021BDA5A"", ""version"": ""AC 2.0 4P 4X2 TA"", ""purchase_price"": 34540}"
335,autocor,2026-03-16T17:52:02Z,PDX4529,MINI,COOPER,2023,31900,33000,Autocor Shyris,Automática,,,4X2,,,,,2026-03-16T17:52:02Z,AZUL,ND,0427E5F7-9BAD-4073-8A10-DA02005AAC1F,https://cdn.pilotsolution.net/crm/stock/autocor/12650/12650_238826_desktop.jpeg,"{""id_record"": 335, ""id"": ""0427E5F7-9BAD-4073-8A10-DA02005AAC1F"", ""media"": ""https://cdn.pilotsolution.net/crm/stock/autocor/12650/12650_238826_desktop.jpeg"", ""brand"": ""MINI"", ""model"": ""COOPER"", ""prices"": 31900, ""year"": 2023, ""owner"": 0, ""home"": 0, ""odometer"": 33000, ""type"": ""HATCHBACK"", ""location"": ""Autocor Shyris"", ""business_channel"": ""0"", ""processedAt"": ""2026-03-16T17:00:28.096Z"", ""color"": ""AZUL"", ""accesories"": ""4X2"", ""license_plate"": ""PDX4529"", ""received_flag"": ""1"", ""days_in_stock"": ""130"", ""published_in_web"": ""1"", ""engine_number"": ""005-001-000004467"", ""reserved_by_user_email"": """", ""reserved_by_user_name"": """", ""reserved_dt"": null, ""expiration_dt"": null, ""opportunity_sale_id"": """", ""factory_invoicing_dt"": ""2025-11-06T00:00:00.000Z"", ""factory_status"": """", ""status_name"": ""DISPONIBLE"", ""fuel_name"": ""Eléctrico"", ""availability_status_name"": ""Disponible"", ""availability_status_code"": ""1"", ""created_fullname"": ""ASISTENTE COMERCIAL SHYRIS"", ""created_dt"": ""2025-11-06T17:25:34.000Z"", ""deleted_flag"": ""0"", ""owner_branch_code"": ""Autocor Shyris"", ""saving_plan_group"": ""HATCHBACK"", ""saving_plan_order"": ""AUTOMATICA"", ""integration_reference_code"": ""E184F213-F2F5-4262-B02E-B0B9ABCCD479"", ""version"": ""HATCH AC 3P 4X2 TA EV"", ""purchase_price"": 32900}"
336,autocor,2026-03-16T17:52:02Z,PFB4127,MITSUBISHI,L200,2024,35900,41000,Autocor Av. Orellana,Manual,,,4X2,,,,,2026-03-16T17:52:02Z,NEGRO,2.4,3E87BCFB-CD39-4F92-BAC9-0758FD002012,https://cdn.pilotsolution.net/crm/stock/autocor/12592/12592_237716_desktop.jpeg,"{""id_record"": 336, ""id"": ""3E87BCFB-CD39-4F92-BAC9-0758FD002012"", ""media"": ""https://cdn.pilotsolution.net/crm/stock/autocor/12592/12592_237716_desktop.jpeg"", ""brand"": ""MITSUBISHI"", ""model"": ""L200"", ""prices"": 35900, ""year"": 2024, ""owner"": 0, ""home"": 0, ""odometer"": 41000, ""type"": ""DOBLE CABINA"", ""location"": ""Autocor Av. Orellana"", ""business_channel"": ""2400"", ""processedAt"": ""2026-03-16T17:00:28.096Z"", ""color"": ""NEGRO"", ""accesories"": ""4X2"", ""license_plate"": ""PFB4127"", ""received_flag"": ""1"", ""days_in_stock"": ""135"", ""published_in_web"": ""1"", ""engine_number"": """", ""reserved_by_user_email"": """", ""reserved_by_user_name"": """", ""reserved_dt"": null, ""expiration_dt"": null, ""opportunity_sale_id"": """", ""factory_invoicing_dt"": ""2025-11-01T00:00:00.000Z"", ""factory_status"": """", ""status_name"": ""DISPONIBLE"", ""fuel_name"": ""Diesel"", ""availability_status_name"": ""Disponible"", ""availability_status_code"": ""1"", ""created_fullname"": ""MATEO MONGE"", ""created_dt"": ""2025-11-01T16:15:21.000Z"", ""deleted_flag"": ""0"", ""owner_branch_code"": ""Autocor Av. Orellana"", ""saving_plan_group"": ""DOBLE CABINA"", ""saving_plan_order"": ""MANUAL"", ""integration_reference_code"": ""3E48C0BA-3AD6-439F-83B8-478F437F6FF9"", ""version"": ""HIRIDER AC 2.4 CD 4X2 TM"", ""purchase_price"": 31040}"
337,autocor,2026-03-16T17:52:02Z,GCA4208,MINI,COOPER,2019,28900,60187,Autocor Cumbaya,Automática,,,4x2,,,,,2026-03-16T17:52:02Z,PLATEADO,2.0,FD705B39-85D6-4D4A-AC3E-DD8F60BB0BFE,https://cdn.pilotsolution.net/crm/stock/autocor/12548/12548_239760_desktop.jpeg,"{""id_record"": 337, ""id"": ""FD705B39-85D6-4D4A-AC3E-DD8F60BB0BFE"", ""media"": ""https://cdn.pilotsolution.net/crm/stock/autocor/12548/12548_239760_desktop.jpeg"", ""brand"": ""MINI"", ""model"": ""COOPER"", ""prices"": 28900, ""year"": 2019, ""owner"": 0, ""home"": 0, ""odometer"": 60187, ""type"": ""HATCHBACK"", ""location"": ""Autocor Cumbaya"", ""business_channel"": ""2000"", ""processedAt"": ""2026-03-16T17:00:28.096Z"", ""color"": ""PLATEADO "", ""accesories"": ""4x2"", ""license_plate"": ""GCA4208"", ""received_flag"": ""1"", ""days_in_stock"": ""140"", ""published_in_web"": ""1"", ""engine_number"": ""001-001-000000511"", ""reserved_by_user_email"": """", ""reserved_by_user_name"": """", ""reserved_dt"": null, ""expiration_dt"": null, ""opportunity_sale_id"": """", ""factory_invoicing_dt"": ""2025-10-27T00:00:00.000Z"", ""factory_status"": ""NO"", ""status_name"": ""DISPONIBLE"", ""fuel_name"": ""Gasolina"", ""availability_status_name"": ""Disponible"", ""availability_status_code"": ""1"", ""created_fullname"": ""JESSICA  AVELLAN"", ""created_dt"": ""2025-10-29T14:22:24.000Z"", ""deleted_flag"": ""0"", ""owner_branch_code"": ""Autocor Cumbaya"", ""saving_plan_group"": ""HATCHBACK"", ""saving_plan_order"": ""AUTOMATICA"", ""integration_reference_code"": ""9CDF2913-C32B-4DA5-9A66-E5256D8DCB5E"", ""version"": ""S COUNTRYMAN AC 2.0 5P"", ""purchase_price"": 26200}"
338,autocor,2026-03-16T17:52:02Z,TBK8329,PEUGEOT,2008,2023,24600,40000,Autocor Valle de los Chillos,Automática,,,4x2,,,,,2026-03-16T17:52:02Z,PLOMO,1.2,3BF055E6-0FE6-4052-9B69-25BA3704E94D,https://cdn.pilotsolution.net/crm/stock/autocor/12519/12519_236049_desktop.jpeg,"{""id_record"": 338, ""id"": ""3BF055E6-0FE6-4052-9B69-25BA3704E94D"", ""media"": ""https://cdn.pilotsolution.net/crm/stock/autocor/12519/12519_236049_desktop.jpeg"", ""brand"": ""PEUGEOT"", ""model"": ""2008"", ""prices"": 24600, ""year"": 2023, ""owner"": 0, ""home"": 0, ""odometer"": 40000, ""type"": ""SUV"", ""location"": ""Autocor Valle de los Chillos"", ""business_channel"": ""1200"", ""processedAt"": ""2026-03-16T17:00:28.096Z"", ""color"": ""PLOMO"", ""accesories"": ""4x2"", ""license_plate"": ""TBK8329"", ""received_flag"": ""1"", ""days_in_stock"": ""140"", ""published_in_web"": ""1"", ""engine_number"": ""006-001-000002114"", ""reserved_by_user_email"": """", ""reserved_by_user_name"": """", ""reserved_dt"": null, ""expiration_dt"": null, ""opportunity_sale_id"": """", ""factory_invoicing_dt"": ""2025-10-27T00:00:00.000Z"", ""factory_status"": ""NO"", ""status_name"": ""DISPONIBLE"", ""fuel_name"": ""Gasolina"", ""availability_status_name"": ""Disponible"", ""availability_status_code"": ""1"", ""created_fullname"": ""VENTAS VALLE CHILLOS"", ""created_dt"": ""2025-10-27T19:57:03.000Z"", ""deleted_flag"": ""0"", ""owner_branch_code"": ""Autocor Valle de los Chillos"", ""saving_plan_group"": ""SUV"", ""saving_plan_order"": ""AUTOMÁTICA"", ""integration_reference_code"": ""2A2546EB-6EF4-4B6A-804B-7BDD9045E2F3"", ""version"": ""H 12 BAUT6 AC 1.2 5P 4X2 TA"", ""purchase_price"": 25040}"
339,autocor,2026-03-16T17:52:02Z,PFK7889,FORD,RANGER,2023,49900,23100,Autocor Eloy Alfaro,Automática,,,4X4,,,,,2026-03-16T17:52:02Z,BLANCO,3.2,0361ADA4-866C-4954-ABCF-837064E80C9C,https://cdn.pilotsolution.net/crm/stock/autocor/12491/12491_235229_desktop.jpeg,"{""id_record"": 339, ""id"": ""0361ADA4-866C-4954-ABCF-837064E80C9C"", ""media"": ""https://cdn.pilotsolution.net/crm/stock/autocor/12491/12491_235229_desktop.jpeg"", ""brand"": ""FORD"", ""model"": ""RANGER"", ""prices"": 49900, ""year"": 2023, ""owner"": 0, ""home"": 0, ""odometer"": 23100, ""type"": ""CAMIONETA"", ""location"": ""Autocor Eloy Alfaro"", ""business_channel"": ""3200"", ""processedAt"": ""2026-03-16T17:00:28.096Z"", ""color"": ""BLANCO"", ""accesories"": ""4X4"", ""license_plate"": ""PFK7889"", ""received_flag"": ""1"", ""days_in_stock"": ""142"", ""published_in_web"": ""1"", ""engine_number"": ""005-001-000004321"", ""reserved_by_user_email"": """", ""reserved_by_user_name"": """", ""reserved_dt"": null, ""expiration_dt"": null, ""opportunity_sale_id"": """", ""factory_invoicing_dt"": ""2025-10-25T00:00:00.000Z"", ""factory_status"": """", ""status_name"": ""DISPONIBLE"", ""fuel_name"": ""Diesel"", ""availability_status_name"": ""Disponible"", ""availability_status_code"": ""1"", ""created_fullname"": ""Fernando Colimba"", ""created_dt"": ""2025-10-25T15:10:18.000Z"", ""deleted_flag"": ""0"", ""owner_branch_code"": ""Autocor Eloy Alfaro"", ""saving_plan_group"": ""CAMIONETA"", ""saving_plan_order"": ""AUTOMATICA"", ""integration_reference_code"": ""6BCA7517-A3A8-457A-AA2C-02626AD795DE"", ""version"": ""AC 3.2 CD 4X4 TA DIESEL"", ""purchase_price"": 45500}"
34,autocor,2026-03-16T17:51:59Z,MBF8073,RAM,700,2022,15900,60000,Autocor Guayaquil,Manual,,,4X2,,,,,2026-03-16T17:51:59Z,PLOMO,1.4,524C5477-1C91-4630-B5C6-72ED0EB27664,https://cdn.pilotsolution.net/crm/stock/autocor/14365/14365_282117_desktop.jpeg,"{""id_record"": 34, ""id"": ""524C5477-1C91-4630-B5C6-72ED0EB27664"", ""media"": ""https://cdn.pilotsolution.net/crm/stock/autocor/14365/14365_282117_desktop.jpeg"", ""brand"": ""RAM"", ""model"": ""700"", ""prices"": 15900, ""year"": 2022, ""owner"": 0, ""home"": 1, ""odometer"": 60000, ""type"": ""CAMIONETA"", ""location"": ""Autocor Guayaquil"", ""business_channel"": ""1400"", ""processedAt"": ""2026-03-16T17:00:28.096Z"", ""color"": ""PLOMO"", ""accesories"": ""4X2"", ""license_plate"": ""MBF8073"", ""received_flag"": ""1"", ""days_in_stock"": ""false"", ""published_in_web"": ""1"", ""engine_number"": """", ""reserved_by_user_email"": """", ""reserved_by_user_name"": """", ""reserved_dt"": null, ""expiration_dt"": null, ""opportunity_sale_id"": """", ""factory_invoicing_dt"": null, ""factory_status"": """", ""status_name"": ""DISPONIBLE"", ""fuel_name"": ""Gasolina"", ""availability_status_name"": ""Disponible"", ""availability_status_code"": ""1"", ""created_fullname"": ""FRANCISCO AROCA"", ""created_dt"": ""2026-03-11T19:46:26.000Z"", ""deleted_flag"": ""0"", ""owner_branch_code"": ""Autocor Guayaquil"", ""saving_plan_group"": ""CAMIONETA"", ""saving_plan_order"": ""MANUAL"", ""integration_reference_code"": """", ""version"": ""BIGHORN AC 1.4 CD 4X2 TM"", ""purchase_price"": 0}"
340,autocor,2026-03-16T17:52:02Z,GSD3289,CHEVROLET,D-MAX,2012,14900,205000,Autocor Av. Orellana,Manual,,,4X2,,,,,2026-03-16T17:52:02Z,DORADO,2.5,318CDD87-4C8E-4865-AD5A-E67A1C56A933,https://cdn.pilotsolution.net/crm/stock/autocor/12443/12443_265482_desktop.jpeg,"{""id_record"": 340, ""id"": ""318CDD87-4C8E-4865-AD5A-E67A1C56A933"", ""media"": ""https://cdn.pilotsolution.net/crm/stock/autocor/12443/12443_265482_desktop.jpeg"", ""brand"": ""CHEVROLET"", ""model"": ""D-MAX"", ""prices"": 14900, ""year"": 2012, ""owner"": 0, ""home"": 0, ""odometer"": 205000, ""type"": ""CAMIONETA"", ""location"": ""Autocor Av. Orellana"", ""business_channel"": ""2500"", ""processedAt"": ""2026-03-16T17:00:28.096Z"", ""color"": ""DORADO"", ""accesories"": ""4X2"", ""license_plate"": ""GSD3289"", ""received_flag"": ""1"", ""days_in_stock"": ""54"", ""published_in_web"": ""1"", ""engine_number"": """", ""reserved_by_user_email"": """", ""reserved_by_user_name"": """", ""reserved_dt"": null, ""expiration_dt"": null, ""opportunity_sale_id"": """", ""factory_invoicing_dt"": ""2026-01-21T00:00:00.000Z"", ""factory_status"": """", ""status_name"": ""DISPONIBLE"", ""fuel_name"": ""Diesel"", ""availability_status_name"": ""Disponible"", ""availability_status_code"": ""1"", ""created_fullname"": ""PATRICIO LOPEZ PALACIOS"", ""created_dt"": ""2025-10-23T16:38:26.000Z"", ""deleted_flag"": ""0"", ""owner_branch_code"": ""Autocor Av. Orellana"", ""saving_plan_group"": ""CAMIONETA"", ""saving_plan_order"": ""MANUAL"", ""integration_reference_code"": ""5B1164BA-FB28-4141-B935-236B837220FE"", ""version"": ""2.5L DIESEL CS TM 4X2"", ""purchase_price"": 9000}"
341,autocor,2026-03-16T17:52:03Z,GSZ7679,VOLKSWAGEN,BEETLE,2016,19900,70000,Autocor Eloy Alfaro,Automática,,,4X2,,,,,2026-03-16T17:52:03Z,BLANCO,2.5,EE393FF7-084E-485D-93C7-641D803528E2,https://cdn.pilotsolution.net/crm/stock/autocor/12438/12438_272275_desktop.jpeg,"{""id_record"": 341, ""id"": ""EE393FF7-084E-485D-93C7-641D803528E2"", ""media"": ""https://cdn.pilotsolution.net/crm/stock/autocor/12438/12438_272275_desktop.jpeg"", ""brand"": ""VOLKSWAGEN"", ""model"": ""BEETLE"", ""prices"": 19900, ""year"": 2016, ""owner"": 0, ""home"": 0, ""odometer"": 70000, ""type"": ""HATCHBACK"", ""location"": ""Autocor Eloy Alfaro"", ""business_channel"": ""2500"", ""processedAt"": ""2026-03-16T17:00:28.096Z"", ""color"": ""BLANCO"", ""accesories"": ""4X2"", ""license_plate"": ""GSZ7679  "", ""received_flag"": ""1"", ""days_in_stock"": ""145"", ""published_in_web"": ""1"", ""engine_number"": """", ""reserved_by_user_email"": """", ""reserved_by_user_name"": """", ""reserved_dt"": null, ""expiration_dt"": null, ""opportunity_sale_id"": """", ""factory_invoicing_dt"": ""2025-10-22T00:00:00.000Z"", ""factory_status"": ""NO"", ""status_name"": ""DISPONIBLE"", ""fuel_name"": ""Gasolina"", ""availability_status_name"": ""Disponible"", ""availability_status_code"": ""1"", ""created_fullname"": ""VENTAS  GUAYAQUIL"", ""created_dt"": ""2025-10-23T15:12:06.000Z"", ""deleted_flag"": ""0"", ""owner_branch_code"": ""Autocor Eloy Alfaro"", ""saving_plan_group"": ""HATCHBACK"", ""saving_plan_order"": ""AUTOMATICA"", ""integration_reference_code"": ""8A39FFC2-FDC3-4095-9AF5-74DDDCC4D75F"", ""version"": ""5C12S6 AC 2.5 2P 4X2 TA"", ""purchase_price"": 17040}"
342,autocor,2026-03-16T17:52:03Z,MBF9528,HYUNDAI,TUCSON,2023,28600,55466,Autocor Guayaquil,Automática,,,4X2,,,,,2026-03-16T17:52:03Z,ROJO,2.0,17D8A658-8CB8-46BE-A396-D81F6FE0CFB0,https://cdn.pilotsolution.net/crm/stock/autocor/12420/12420_233884_desktop.jpeg,"{""id_record"": 342, ""id"": ""17D8A658-8CB8-46BE-A396-D81F6FE0CFB0"", ""media"": ""https://cdn.pilotsolution.net/crm/stock/autocor/12420/12420_233884_desktop.jpeg"", ""brand"": ""HYUNDAI"", ""model"": ""TUCSON"", ""prices"": 28600, ""year"": 2023, ""owner"": 0, ""home"": 0, ""odometer"": 55466, ""type"": ""SUV"", ""location"": ""Autocor Guayaquil"", ""business_channel"": ""2000"", ""processedAt"": ""2026-03-16T17:00:28.096Z"", ""color"": ""ROJO"", ""accesories"": ""4X2"", ""license_plate"": ""MBF9528"", ""received_flag"": ""1"", ""days_in_stock"": ""146"", ""published_in_web"": ""1"", ""engine_number"": """", ""reserved_by_user_email"": """", ""reserved_by_user_name"": """", ""reserved_dt"": null, ""expiration_dt"": null, ""opportunity_sale_id"": """", ""factory_invoicing_dt"": ""2025-10-21T00:00:00.000Z"", ""factory_status"": ""NO"", ""status_name"": ""DISPONIBLE"", ""fuel_name"": ""Gasolina"", ""availability_status_name"": ""Disponible"", ""availability_status_code"": ""1"", ""created_fullname"": ""Fernando Colimba"", ""created_dt"": ""2025-10-21T16:39:33.000Z"", ""deleted_flag"": ""0"", ""owner_branch_code"": ""Autocor Guayaquil"", ""saving_plan_group"": ""SUV"", ""saving_plan_order"": ""AUTOMATICA"", ""integration_reference_code"": ""2B06BFEC-A53B-47EA-B691-5699A27F4379"", ""version"": ""NX4E HGS AC 2.0 5P 4X2 TA"", ""purchase_price"": 26700}"
343,autocor,2026-03-16T17:52:03Z,PFS2372,VOLKSWAGEN,AMAROK,2026,33900,10,Autocor El Recreo,Manual,,,4X2,,,,,2026-03-16T17:52:03Z,CREMA,2.0,8679CEFF-A902-4E9F-B4BF-C6D7352C6CBA,https://cdn.pilotsolution.net/crm/stock/autocor/12366/12366_239062_desktop.jpeg,"{""id_record"": 343, ""id"": ""8679CEFF-A902-4E9F-B4BF-C6D7352C6CBA"", ""media"": ""https://cdn.pilotsolution.net/crm/stock/autocor/12366/12366_239062_desktop.jpeg"", ""brand"": ""VOLKSWAGEN"", ""model"": ""AMAROK"", ""prices"": 33900, ""year"": 2026, ""owner"": 0, ""home"": 0, ""odometer"": 10, ""type"": ""CAMIONETA"", ""location"": ""Autocor El Recreo"", ""business_channel"": ""2000"", ""processedAt"": ""2026-03-16T17:00:28.096Z"", ""color"": ""CREMA"", ""accesories"": ""4X2"", ""license_plate"": ""PFS2372"", ""received_flag"": ""1"", ""days_in_stock"": ""151"", ""published_in_web"": ""1"", ""engine_number"": ""008-001-000000908"", ""reserved_by_user_email"": """", ""reserved_by_user_name"": """", ""reserved_dt"": null, ""expiration_dt"": null, ""opportunity_sale_id"": """", ""factory_invoicing_dt"": ""2025-10-16T00:00:00.000Z"", ""factory_status"": """", ""status_name"": ""DISPONIBLE"", ""fuel_name"": ""Diesel"", ""availability_status_name"": ""Disponible"", ""availability_status_code"": ""1"", ""created_fullname"": ""VENTAS RECREO"", ""created_dt"": ""2025-10-17T17:16:55.000Z"", ""deleted_flag"": ""0"", ""owner_branch_code"": ""Autocor El Recreo"", ""saving_plan_group"": ""CAMIONETA"", ""saving_plan_order"": ""MANUAL"", ""integration_reference_code"": ""1D0FB004-DF9D-40D8-9080-5CA077EAA9D7"", ""version"": ""AC 2.0 CD 4X2 TM DIESEL"", ""purchase_price"": 33900}"
344,autocor,2026-03-16T17:52:03Z,PFS2241,VOLKSWAGEN,AMAROK,2025,32900,25,Autocor Av. Orellana,Manual,,,4X2,,,,,2026-03-16T17:52:03Z,BLANCO,2.0,38ED3BEB-739E-481D-987C-8CE2A6DF9FE4,https://cdn.pilotsolution.net/crm/stock/autocor/12364/12364_236537_desktop.jpeg,"{""id_record"": 344, ""id"": ""38ED3BEB-739E-481D-987C-8CE2A6DF9FE4"", ""media"": ""https://cdn.pilotsolution.net/crm/stock/autocor/12364/12364_236537_desktop.jpeg"", ""brand"": ""VOLKSWAGEN"", ""model"": ""AMAROK"", ""prices"": 32900, ""year"": 2025, ""owner"": 0, ""home"": 0, ""odometer"": 25, ""type"": ""CAMIONETA"", ""location"": ""Autocor Av. Orellana"", ""business_channel"": ""2000"", ""processedAt"": ""2026-03-16T17:00:28.096Z"", ""color"": ""BLANCO"", ""accesories"": ""4X2"", ""license_plate"": ""PFS2241"", ""received_flag"": ""1"", ""days_in_stock"": ""150"", ""published_in_web"": ""1"", ""engine_number"": """", ""reserved_by_user_email"": """", ""reserved_by_user_name"": """", ""reserved_dt"": null, ""expiration_dt"": null, ""opportunity_sale_id"": """", ""factory_invoicing_dt"": ""2025-10-17T00:00:00.000Z"", ""factory_status"": """", ""status_name"": ""DISPONIBLE"", ""fuel_name"": ""Diesel"", ""availability_status_name"": ""Disponible"", ""availability_status_code"": ""1"", ""created_fullname"": ""VENTAS RECREO"", ""created_dt"": ""2025-10-17T16:50:58.000Z"", ""deleted_flag"": ""0"", ""owner_branch_code"": ""Autocor Av. Orellana"", ""saving_plan_group"": ""CAMIONETA"", ""saving_plan_order"": ""MANUAL"", ""integration_reference_code"": ""670635E0-4AA1-4201-B94D-024DEA994E09"", ""version"": ""AC 2.0 CD 4X2 TM DIESEL"", ""purchase_price"": 32900}"
345,autocor,2026-03-16T17:52:03Z,GSK9778,PEUGEOT,2008,2024,21600,15990,Autocor Cumbaya,Automática,,,4X2,,,,,2026-03-16T17:52:03Z,ROJO,1.2,9408A814-6743-4CEB-875D-95FBA9F89F11,https://cdn.pilotsolution.net/crm/stock/autocor/12240/12240_251961_desktop.jpeg,"{""id_record"": 345, ""id"": ""9408A814-6743-4CEB-875D-95FBA9F89F11"", ""media"": ""https://cdn.pilotsolution.net/crm/stock/autocor/12240/12240_251961_desktop.jpeg"", ""brand"": ""PEUGEOT"", ""model"": ""2008"", ""prices"": 21600, ""year"": 2024, ""owner"": 0, ""home"": 0, ""odometer"": 15990, ""type"": ""SUV"", ""location"": ""Autocor Cumbaya"", ""business_channel"": ""1200"", ""processedAt"": ""2026-03-16T17:00:28.096Z"", ""color"": ""ROJO"", ""accesories"": ""4X2"", ""license_plate"": ""GSK9778"", ""received_flag"": ""1"", ""days_in_stock"": ""161"", ""published_in_web"": ""1"", ""engine_number"": ""004-001-000003358"", ""reserved_by_user_email"": """", ""reserved_by_user_name"": """", ""reserved_dt"": null, ""expiration_dt"": null, ""opportunity_sale_id"": """", ""factory_invoicing_dt"": ""2025-10-06T00:00:00.000Z"", ""factory_status"": """", ""status_name"": ""DISPONIBLE"", ""fuel_name"": ""Gasolina"", ""availability_status_name"": ""Disponible"", ""availability_status_code"": ""1"", ""created_fullname"": ""LUIS JOAQUIN CORONEL BETRAN"", ""created_dt"": ""2025-10-07T14:48:58.000Z"", ""deleted_flag"": ""0"", ""owner_branch_code"": ""Autocor Cumbaya"", ""saving_plan_group"": ""SUV"", ""saving_plan_order"": ""AUTOMATICA"", ""integration_reference_code"": ""C10EF718-A30E-4F38-9FB5-6D76497B1F96"", ""version"": ""FIN L 12E AUTO6 AC 1.2 5P 4X2 TA"", ""purchase_price"": 19000}"
346,autocor,2026-03-16T17:52:03Z,PFE5035,AUDI,ETRON,2023,59900,24800,Autocor Shyris,Automática,,,4X4,,,,,2026-03-16T17:52:03Z,PLOMO,50,71B61C10-9812-479F-85EF-0140A9D61318,https://cdn.pilotsolution.net/crm/stock/autocor/12206/12206_229665_desktop.jpeg,"{""id_record"": 346, ""id"": ""71B61C10-9812-479F-85EF-0140A9D61318"", ""media"": ""https://cdn.pilotsolution.net/crm/stock/autocor/12206/12206_229665_desktop.jpeg"", ""brand"": ""AUDI"", ""model"": ""ETRON"", ""prices"": 59900, ""year"": 2023, ""owner"": 0, ""home"": 1, ""odometer"": 24800, ""type"": ""SUV"", ""location"": ""Autocor Shyris"", ""business_channel"": ""0"", ""processedAt"": ""2026-03-16T17:00:28.096Z"", ""color"": ""PLOMO"", ""accesories"": ""4X4"", ""license_plate"": ""PFE5035"", ""received_flag"": ""1"", ""days_in_stock"": ""163"", ""published_in_web"": ""1"", ""engine_number"": ""005-001-000004288"", ""reserved_by_user_email"": """", ""reserved_by_user_name"": """", ""reserved_dt"": null, ""expiration_dt"": null, ""opportunity_sale_id"": """", ""factory_invoicing_dt"": ""2025-10-04T00:00:00.000Z"", ""factory_status"": """", ""status_name"": ""DISPONIBLE"", ""fuel_name"": ""Eléctrico"", ""availability_status_name"": ""Disponible"", ""availability_status_code"": ""1"", ""created_fullname"": ""JOHANNA LIZETH RECALDE SARANGO"", ""created_dt"": ""2025-10-04T18:51:46.000Z"", ""deleted_flag"": ""0"", ""owner_branch_code"": ""Autocor Shyris"", ""saving_plan_group"": ""SUV"", ""saving_plan_order"": ""AUTOMATICA"", ""integration_reference_code"": ""FDB4C467-E97B-4CAF-B4A1-BED53C950D7D"", ""version"": ""50 QUATT GENBBE AC 5P 4X4"", ""purchase_price"": 59900}"
347,autocor,2026-03-16T17:52:03Z,GTG3616,FORD,ECOSPORT,2020,15400,128859,Autocor Guayaquil,Manual,,,4X2,,,,,2026-03-16T17:52:03Z,NEGRO,1.5,A22C91A0-AF76-4DE7-A5F8-EDDF2A6E4DBF,https://cdn.pilotsolution.net/crm/stock/autocor/12150/12150_226597_desktop.jpeg,"{""id_record"": 347, ""id"": ""A22C91A0-AF76-4DE7-A5F8-EDDF2A6E4DBF"", ""media"": ""https://cdn.pilotsolution.net/crm/stock/autocor/12150/12150_226597_desktop.jpeg"", ""brand"": ""FORD"", ""model"": ""ECOSPORT"", ""prices"": 15400, ""year"": 2020, ""owner"": 0, ""home"": 0, ""odometer"": 128859, ""type"": ""SUV"", ""location"": ""Autocor Guayaquil"", ""business_channel"": ""1500"", ""processedAt"": ""2026-03-16T17:00:28.096Z"", ""color"": ""NEGRO "", ""accesories"": ""4X2"", ""license_plate"": ""GTG3616"", ""received_flag"": ""1"", ""days_in_stock"": ""199"", ""published_in_web"": ""1"", ""engine_number"": """", ""reserved_by_user_email"": """", ""reserved_by_user_name"": """", ""reserved_dt"": null, ""expiration_dt"": null, ""opportunity_sale_id"": """", ""factory_invoicing_dt"": ""2025-08-29T00:00:00.000Z"", ""factory_status"": ""NO"", ""status_name"": ""DISPONIBLE"", ""fuel_name"": ""Gasolina"", ""availability_status_name"": ""Disponible"", ""availability_status_code"": ""1"", ""created_fullname"": ""Juan  Triana"", ""created_dt"": ""2025-10-01T21:18:05.000Z"", ""deleted_flag"": ""0"", ""owner_branch_code"": ""Autocor Guayaquil"", ""saving_plan_group"": ""SUV"", ""saving_plan_order"": ""MANUAL "", ""integration_reference_code"": ""FE4CB632-6F1E-47E4-9CD9-A8BAB6DE0501"", ""version"": ""AC 1.5 5P 4X2 TM"", ""purchase_price"": 12040}"
348,autocor,2026-03-16T17:52:03Z,MBG6131,CHEVROLET,ONIX,2023,14400,28000,Autocor Guayaquil,Manual,,,4X2,,,,,2026-03-16T17:52:03Z,NEGRO,1.0,058E79FE-D7BA-4007-86A6-260F54D6807F,https://cdn.pilotsolution.net/crm/stock/autocor/12106/12106_226158_desktop.jpeg,"{""id_record"": 348, ""id"": ""058E79FE-D7BA-4007-86A6-260F54D6807F"", ""media"": ""https://cdn.pilotsolution.net/crm/stock/autocor/12106/12106_226158_desktop.jpeg"", ""brand"": ""CHEVROLET"", ""model"": ""ONIX"", ""prices"": 14400, ""year"": 2023, ""owner"": 0, ""home"": 0, ""odometer"": 28000, ""type"": ""SEDAN"", ""location"": ""Autocor Guayaquil"", ""business_channel"": ""1000"", ""processedAt"": ""2026-03-16T17:00:28.096Z"", ""color"": ""NEGRO"", ""accesories"": ""4X2"", ""license_plate"": ""MBG6131"", ""received_flag"": ""1"", ""days_in_stock"": ""174"", ""published_in_web"": ""1"", ""engine_number"": """", ""reserved_by_user_email"": """", ""reserved_by_user_name"": """", ""reserved_dt"": null, ""expiration_dt"": null, ""opportunity_sale_id"": """", ""factory_invoicing_dt"": ""2025-09-23T00:00:00.000Z"", ""factory_status"": ""NO"", ""status_name"": ""DISPONIBLE"", ""fuel_name"": ""Gasolina"", ""availability_status_name"": ""Disponible"", ""availability_status_code"": ""1"", ""created_fullname"": ""RONALD VEINTIMILLA"", ""created_dt"": ""2025-09-27T18:39:42.000Z"", ""deleted_flag"": ""0"", ""owner_branch_code"": ""Autocor Guayaquil"", ""saving_plan_group"": ""SEDAN"", ""saving_plan_order"": ""MANUAL"", ""integration_reference_code"": ""CD113228-5B8C-457A-9F78-C8C981B08D65"", ""version"": ""LTZ TURBO AC 1.0 4P 4X2 TM"", ""purchase_price"": 11500}"
349,autocor,2026-03-16T17:52:03Z,PFE8618,BMW,330I,2021,41900,55000,Autocor Eloy Alfaro,Automática,,,4X2,,,,,2026-03-16T17:52:03Z,PLATEADO,2.0,3E240487-7030-48CF-B79B-4035B618A161,https://cdn.pilotsolution.net/crm/stock/autocor/11990/11990_221612_desktop.jpeg,"{""id_record"": 349, ""id"": ""3E240487-7030-48CF-B79B-4035B618A161"", ""media"": ""https://cdn.pilotsolution.net/crm/stock/autocor/11990/11990_221612_desktop.jpeg"", ""brand"": ""BMW"", ""model"": ""330I"", ""prices"": 41900, ""year"": 2021, ""owner"": 0, ""home"": 0, ""odometer"": 55000, ""type"": ""SEDAN"", ""location"": ""Autocor Eloy Alfaro"", ""business_channel"": ""2400"", ""processedAt"": ""2026-03-16T17:00:28.096Z"", ""color"": ""PLATEADO"", ""accesories"": ""4X2"", ""license_plate"": ""PFE8618"", ""received_flag"": ""1"", ""days_in_stock"": ""179"", ""published_in_web"": ""1"", ""engine_number"": """", ""reserved_by_user_email"": """", ""reserved_by_user_name"": """", ""reserved_dt"": null, ""expiration_dt"": null, ""opportunity_sale_id"": """", ""factory_invoicing_dt"": ""2025-09-18T00:00:00.000Z"", ""factory_status"": """", ""status_name"": ""DISPONIBLE"", ""fuel_name"": ""Gasolina"", ""availability_status_name"": ""Disponible"", ""availability_status_code"": ""1"", ""created_fullname"": ""CAMILO ZAMBRANO"", ""created_dt"": ""2025-09-18T17:16:13.000Z"", ""deleted_flag"": ""0"", ""owner_branch_code"": ""Autocor Eloy Alfaro"", ""saving_plan_group"": ""SEDAN"", ""saving_plan_order"": ""AUTOMATICA"", ""integration_reference_code"": ""307A20E4-1B42-4A66-8DFF-1D24B4C0A16D"", ""version"": ""AC 2.0 4P 4X2 TA"", ""purchase_price"": 39040}"
35,autocor,2026-03-16T17:51:59Z,PFJ6764,TOYOTA,RAV4,2024,46900,4500,Autocor Cumbaya,Automática,,,4X4,,,,,2026-03-16T17:51:59Z,Plomo,2.5,CCCFF0C9-198F-4887-81DD-6286018DEFC5,https://cdn.pilotsolution.net/crm/stock/autocor/14364/14364_282141_desktop.jpeg,"{""id_record"": 35, ""id"": ""CCCFF0C9-198F-4887-81DD-6286018DEFC5"", ""media"": ""https://cdn.pilotsolution.net/crm/stock/autocor/14364/14364_282141_desktop.jpeg"", ""brand"": ""TOYOTA"", ""model"": ""RAV4"", ""prices"": 46900, ""year"": 2024, ""owner"": 0, ""home"": 0, ""odometer"": 4500, ""type"": ""SUV"", ""location"": ""Autocor Cumbaya"", ""business_channel"": ""2500"", ""processedAt"": ""2026-03-16T17:00:28.096Z"", ""color"": ""Plomo"", ""accesories"": ""4X4"", ""license_plate"": ""PFJ6764"", ""received_flag"": ""1"", ""days_in_stock"": ""5"", ""published_in_web"": ""1"", ""engine_number"": ""010-001-000001052"", ""reserved_by_user_email"": """", ""reserved_by_user_name"": """", ""reserved_dt"": null, ""expiration_dt"": null, ""opportunity_sale_id"": """", ""factory_invoicing_dt"": ""2026-03-11T00:00:00.000Z"", ""factory_status"": """", ""status_name"": ""DISPONIBLE"", ""fuel_name"": ""Hibrido "", ""availability_status_name"": ""Disponible"", ""availability_status_code"": ""1"", ""created_fullname"": ""SHANELL ANDRADE"", ""created_dt"": ""2026-03-11T18:02:43.000Z"", ""deleted_flag"": ""0"", ""owner_branch_code"": ""Autocor Cumbaya"", ""saving_plan_group"": ""SUV"", ""saving_plan_order"": ""AUTOMATICA"", ""integration_reference_code"": ""8CDC469F-FA2D-4A5E-9D29-E67A9D65D5D9"", ""version"": ""XSE AC 2.5 5P 4X4 TA HYBRID"", ""purchase_price"": 46900}"
350,autocor,2026-03-16T17:52:03Z,PCR4218,BMW,X5,2016,46900,57000,Autocor Cumbaya,Automática,,,4X4,,,,,2026-03-16T17:52:03Z,PLOMO,3.0,536DAB84-7B98-4F6E-AEDE-A52FBAFB65A7,https://cdn.pilotsolution.net/crm/stock/autocor/11938/11938_221708_desktop.jpeg,"{""id_record"": 350, ""id"": ""536DAB84-7B98-4F6E-AEDE-A52FBAFB65A7"", ""media"": ""https://cdn.pilotsolution.net/crm/stock/autocor/11938/11938_221708_desktop.jpeg"", ""brand"": ""BMW"", ""model"": ""X5"", ""prices"": 46900, ""year"": 2016, ""owner"": 0, ""home"": 0, ""odometer"": 57000, ""type"": ""SUV"", ""location"": ""Autocor Cumbaya"", ""business_channel"": ""3000"", ""processedAt"": ""2026-03-16T17:00:28.096Z"", ""color"": ""PLOMO"", ""accesories"": ""4X4"", ""license_plate"": ""PCR4218"", ""received_flag"": ""1"", ""days_in_stock"": ""177"", ""published_in_web"": ""1"", ""engine_number"": ""006-001-000001907"", ""reserved_by_user_email"": """", ""reserved_by_user_name"": """", ""reserved_dt"": null, ""expiration_dt"": null, ""opportunity_sale_id"": """", ""factory_invoicing_dt"": ""2025-09-20T00:00:00.000Z"", ""factory_status"": """", ""status_name"": ""DISPONIBLE"", ""fuel_name"": ""Gasolina"", ""availability_status_name"": ""Disponible"", ""availability_status_code"": ""1"", ""created_fullname"": ""LUIS JOAQUIN CORONEL BETRAN"", ""created_dt"": ""2025-09-15T14:16:12.000Z"", ""deleted_flag"": ""0"", ""owner_branch_code"": ""Autocor Cumbaya"", ""saving_plan_group"": ""SUV"", ""saving_plan_order"": ""AUTOMATICA"", ""integration_reference_code"": ""87D72721-60D3-4877-B7D8-5E1A4EC982AE"", ""version"": ""DRIVE 35I AC 3.0 5P 4X4 TA"", ""purchase_price"": 38000}"
351,autocor,2026-03-16T17:52:03Z,GTD3814,JEEP,CHEROKEE,2019,28900,160000,Autocor Guayaquil,Automática,,,4X4,,,,,2026-03-16T17:52:03Z,VINO,3.6,22321915-3601-4B17-A9D6-A016CE3F2CCE,https://cdn.pilotsolution.net/crm/stock/autocor/11917/11917_282822_desktop.jpeg,"{""id_record"": 351, ""id"": ""22321915-3601-4B17-A9D6-A016CE3F2CCE"", ""media"": ""https://cdn.pilotsolution.net/crm/stock/autocor/11917/11917_282822_desktop.jpeg"", ""brand"": ""JEEP"", ""model"": ""CHEROKEE"", ""prices"": 28900, ""year"": 2019, ""owner"": 0, ""home"": 0, ""odometer"": 160000, ""type"": ""JEEP"", ""location"": ""Autocor Guayaquil"", ""business_channel"": ""3600"", ""processedAt"": ""2026-03-16T17:00:28.096Z"", ""color"": ""VINO"", ""accesories"": ""4X4"", ""license_plate"": ""GTD3814"", ""received_flag"": ""1"", ""days_in_stock"": ""12"", ""published_in_web"": ""1"", ""engine_number"": ""001-001-000000239"", ""reserved_by_user_email"": """", ""reserved_by_user_name"": """", ""reserved_dt"": null, ""expiration_dt"": null, ""opportunity_sale_id"": """", ""factory_invoicing_dt"": ""2026-03-04T00:00:00.000Z"", ""factory_status"": """", ""status_name"": ""DISPONIBLE"", ""fuel_name"": ""Gasolina"", ""availability_status_name"": ""Disponible"", ""availability_status_code"": ""1"", ""created_fullname"": ""VENTAS  GUAYAQUIL"", ""created_dt"": ""2025-09-12T22:27:15.000Z"", ""deleted_flag"": ""0"", ""owner_branch_code"": ""Autocor Guayaquil"", ""saving_plan_group"": ""JEEP"", ""saving_plan_order"": ""AUTOMATICA"", ""integration_reference_code"": ""2EFF316D-BABF-4550-8979-AEE79118D6AA"", ""version"": ""LAREDO AC 3.6 5P 4X4 TA"", ""purchase_price"": 19000}"
352,autocor,2026-03-16T17:52:03Z,GTK7211,MERCEDES BENZ,E200,2022,52900,15500,Autocor Shyris,Automática,,,4X2,,,,,2026-03-16T17:52:03Z,BLANCO,2.0,84052CE2-8171-4003-A595-F3137D4827ED,https://cdn.pilotsolution.net/crm/stock/autocor/11874/11874_218122_desktop.jpeg,"{""id_record"": 352, ""id"": ""84052CE2-8171-4003-A595-F3137D4827ED"", ""media"": ""https://cdn.pilotsolution.net/crm/stock/autocor/11874/11874_218122_desktop.jpeg"", ""brand"": ""MERCEDES BENZ"", ""model"": ""E200"", ""prices"": 52900, ""year"": 2022, ""owner"": 0, ""home"": 0, ""odometer"": 15500, ""type"": ""SEDAN"", ""location"": ""Autocor Shyris"", ""business_channel"": ""2000"", ""processedAt"": ""2026-03-16T17:00:28.096Z"", ""color"": ""BLANCO"", ""accesories"": ""4X2"", ""license_plate"": ""GTK7211"", ""received_flag"": ""1"", ""days_in_stock"": ""186"", ""published_in_web"": ""1"", ""engine_number"": ""005-001-000004169"", ""reserved_by_user_email"": """", ""reserved_by_user_name"": """", ""reserved_dt"": null, ""expiration_dt"": null, ""opportunity_sale_id"": """", ""factory_invoicing_dt"": ""2025-09-11T00:00:00.000Z"", ""factory_status"": """", ""status_name"": ""DISPONIBLE"", ""fuel_name"": ""Gasolina"", ""availability_status_name"": ""Disponible"", ""availability_status_code"": ""1"", ""created_fullname"": ""Fernando Colimba"", ""created_dt"": ""2025-09-09T23:12:52.000Z"", ""deleted_flag"": ""0"", ""owner_branch_code"": ""Autocor Shyris"", ""saving_plan_group"": ""SEDAN"", ""saving_plan_order"": ""AUTOMATICA"", ""integration_reference_code"": ""A7658A55-8E2B-4D80-8C51-B75377344AC2"", ""version"": ""AVANTGARDE AC 2.0 4P 4X2 ?A"", ""purchase_price"": 44000}"
353,autocor,2026-03-16T17:52:03Z,HBE8349,FORD,RANGER,2023,42900,127000,Autocor Cumbaya,Automática,,,4X4,,,,,2026-03-16T17:52:03Z,ROJO,3.2,303FA7E7-D315-46AE-B972-0A33820B8734,https://cdn.pilotsolution.net/crm/stock/autocor/11861/11861_221259_desktop.jpeg,"{""id_record"": 353, ""id"": ""303FA7E7-D315-46AE-B972-0A33820B8734"", ""media"": ""https://cdn.pilotsolution.net/crm/stock/autocor/11861/11861_221259_desktop.jpeg"", ""brand"": ""FORD"", ""model"": ""RANGER"", ""prices"": 42900, ""year"": 2023, ""owner"": 0, ""home"": 0, ""odometer"": 127000, ""type"": ""CAMIONETA"", ""location"": ""Autocor Cumbaya"", ""business_channel"": ""3200"", ""processedAt"": ""2026-03-16T17:00:28.096Z"", ""color"": ""ROJO"", ""accesories"": ""4X4"", ""license_plate"": ""HBE8349"", ""received_flag"": ""1"", ""days_in_stock"": ""179"", ""published_in_web"": ""1"", ""engine_number"": ""006-001-000001953"", ""reserved_by_user_email"": """", ""reserved_by_user_name"": """", ""reserved_dt"": null, ""expiration_dt"": null, ""opportunity_sale_id"": """", ""factory_invoicing_dt"": ""2025-09-18T00:00:00.000Z"", ""factory_status"": ""NO"", ""status_name"": ""DISPONIBLE"", ""fuel_name"": ""Diesel"", ""availability_status_name"": ""Disponible"", ""availability_status_code"": ""1"", ""created_fullname"": ""PATRICIO LOPEZ PALACIOS"", ""created_dt"": ""2025-09-08T18:42:55.000Z"", ""deleted_flag"": ""0"", ""owner_branch_code"": ""Autocor Cumbaya"", ""saving_plan_group"": ""CAMIONETA"", ""saving_plan_order"": ""AUTOMATICA"", ""integration_reference_code"": ""CEBA08A6-11E9-48A1-A339-B1D643E3A9F7"", ""version"": ""CC XLT AC 3.2 CD 4X4 TA"", ""purchase_price"": 40000}"
354,autocor,2026-03-16T17:52:03Z,HBB4483,PEUGEOT,3008N,2021,19900,146000,Autocor El Recreo,Automática,,,4x2,,,,,2026-03-16T17:52:03Z,AZUL,2.0,25CB89DC-1708-48F0-88E2-5ECBC3A43EDB,https://cdn.pilotsolution.net/crm/stock/autocor/11857/11857_264433_desktop.jpeg,"{""id_record"": 354, ""id"": ""25CB89DC-1708-48F0-88E2-5ECBC3A43EDB"", ""media"": ""https://cdn.pilotsolution.net/crm/stock/autocor/11857/11857_264433_desktop.jpeg"", ""brand"": ""PEUGEOT"", ""model"": ""3008N"", ""prices"": 19900, ""year"": 2021, ""owner"": 0, ""home"": 0, ""odometer"": 146000, ""type"": ""SUV"", ""location"": ""Autocor El Recreo"", ""business_channel"": ""2000"", ""processedAt"": ""2026-03-16T17:00:28.096Z"", ""color"": ""AZUL"", ""accesories"": ""4x2"", ""license_plate"": ""HBB4483"", ""received_flag"": ""1"", ""days_in_stock"": ""189"", ""published_in_web"": ""1"", ""engine_number"": """", ""reserved_by_user_email"": """", ""reserved_by_user_name"": """", ""reserved_dt"": null, ""expiration_dt"": null, ""opportunity_sale_id"": """", ""factory_invoicing_dt"": ""2025-09-08T00:00:00.000Z"", ""factory_status"": """", ""status_name"": ""DISPONIBLE"", ""fuel_name"": ""Diesel"", ""availability_status_name"": ""Disponible"", ""availability_status_code"": ""1"", ""created_fullname"": ""Ventas  Cumbaya "", ""created_dt"": ""2025-09-08T15:37:28.000Z"", ""deleted_flag"": ""0"", ""owner_branch_code"": ""Autocor El Recreo"", ""saving_plan_group"": ""SUV"", ""saving_plan_order"": ""AUTOMATICA"", ""integration_reference_code"": ""1EBD52A2-C0B2-425B-9B50-E5C04FBC0975"", ""version"": ""ACT AC 2.0 5P 4X2 TA DIESEL"", ""purchase_price"": 17000}"
355,autocor,2026-03-16T17:52:03Z,PCO8838,LAND ROVER,DISCOVERY,2015,33900,90000,Autocor Shyris,Automática,,,4X4,,,,,2026-03-16T17:52:03Z,PLOMO,2.0,DFA16786-6B6A-487C-A539-3B7D9C836F30,https://cdn.pilotsolution.net/crm/stock/autocor/11843/11843_219357_desktop.jpeg,"{""id_record"": 355, ""id"": ""DFA16786-6B6A-487C-A539-3B7D9C836F30"", ""media"": ""https://cdn.pilotsolution.net/crm/stock/autocor/11843/11843_219357_desktop.jpeg"", ""brand"": ""LAND ROVER"", ""model"": ""DISCOVERY"", ""prices"": 33900, ""year"": 2015, ""owner"": 0, ""home"": 0, ""odometer"": 90000, ""type"": ""TODO TERRENO"", ""location"": ""Autocor Shyris"", ""business_channel"": ""2000"", ""processedAt"": ""2026-03-16T17:00:28.096Z"", ""color"": ""PLOMO"", ""accesories"": ""4X4"", ""license_plate"": ""PCO8838"", ""received_flag"": ""1"", ""days_in_stock"": ""185"", ""published_in_web"": ""1"", ""engine_number"": """", ""reserved_by_user_email"": """", ""reserved_by_user_name"": """", ""reserved_dt"": null, ""expiration_dt"": null, ""opportunity_sale_id"": """", ""factory_invoicing_dt"": ""2025-09-12T00:00:00.000Z"", ""factory_status"": """", ""status_name"": ""DISPONIBLE"", ""fuel_name"": ""Gasolina"", ""availability_status_name"": ""Disponible"", ""availability_status_code"": ""1"", ""created_fullname"": ""Ventas  Cumbaya "", ""created_dt"": ""2025-09-06T19:26:56.000Z"", ""deleted_flag"": ""0"", ""owner_branch_code"": ""Autocor Shyris"", ""saving_plan_group"": ""TODO TERRENO"", ""saving_plan_order"": ""AUTOMATICA"", ""integration_reference_code"": ""4526DEBF-C6C3-4DE9-BE75-AEBB1D1B6A39"", ""version"": ""SPORT HSE AC 2.0 5P 4X4"", ""purchase_price"": 31040}"
356,autocor,2026-03-16T17:52:03Z,PCW4835,AUDI,Q5,2018,30900,134000,Autocor Shyris,Automática,,,4X4,,,,,2026-03-16T17:52:03Z,CAFE,2.0,61A3632C-E275-459A-A06D-60D815F05DF4,https://cdn.pilotsolution.net/crm/stock/autocor/11836/11836_226537_desktop.jpeg,"{""id_record"": 356, ""id"": ""61A3632C-E275-459A-A06D-60D815F05DF4"", ""media"": ""https://cdn.pilotsolution.net/crm/stock/autocor/11836/11836_226537_desktop.jpeg"", ""brand"": ""AUDI"", ""model"": ""Q5"", ""prices"": 30900, ""year"": 2018, ""owner"": 0, ""home"": 0, ""odometer"": 134000, ""type"": ""SUV"", ""location"": ""Autocor Shyris"", ""business_channel"": ""2000"", ""processedAt"": ""2026-03-16T17:00:28.096Z"", ""color"": ""CAFE"", ""accesories"": ""4X4"", ""license_plate"": ""PCW4835"", ""received_flag"": ""1"", ""days_in_stock"": ""166"", ""published_in_web"": ""1"", ""engine_number"": ""001-001-000000243"", ""reserved_by_user_email"": """", ""reserved_by_user_name"": """", ""reserved_dt"": null, ""expiration_dt"": null, ""opportunity_sale_id"": """", ""factory_invoicing_dt"": ""2025-10-01T00:00:00.000Z"", ""factory_status"": """", ""status_name"": ""DISPONIBLE"", ""fuel_name"": ""Gasolina"", ""availability_status_name"": ""Disponible"", ""availability_status_code"": ""1"", ""created_fullname"": ""VENTAS  GUAYAQUIL"", ""created_dt"": ""2025-09-06T18:13:09.000Z"", ""deleted_flag"": ""0"", ""owner_branch_code"": ""Autocor Shyris"", ""saving_plan_group"": ""SUV"", ""saving_plan_order"": ""AUTOMATICA"", ""integration_reference_code"": ""747AF5DD-04F2-4D86-B529-1ABF2DAC0DD9"", ""version"": ""TFSI STRONIC QUAT FYBAAY AC 2.0 5P 4X4 TA"", ""purchase_price"": 26040}"
357,autocor,2026-03-16T17:52:03Z,PDA8696,BMW,X1,2012,16900,140000,Autocor Cumbaya,Automática,,,4X2,,,,,2026-03-16T17:52:03Z,PLOMO,ND,B5329535-4485-42E1-BD8F-2DA2716FC471,https://cdn.pilotsolution.net/crm/stock/autocor/11814/11814_218697_desktop.jpeg,"{""id_record"": 357, ""id"": ""B5329535-4485-42E1-BD8F-2DA2716FC471"", ""media"": ""https://cdn.pilotsolution.net/crm/stock/autocor/11814/11814_218697_desktop.jpeg"", ""brand"": ""BMW"", ""model"": ""X1"", ""prices"": 16900, ""year"": 2012, ""owner"": 0, ""home"": 0, ""odometer"": 140000, ""type"": ""SUV"", ""location"": ""Autocor Cumbaya"", ""business_channel"": ""2000"", ""processedAt"": ""2026-03-16T17:00:28.096Z"", ""color"": ""PLOMO"", ""accesories"": ""4X2"", ""license_plate"": ""PDA8696"", ""received_flag"": ""1"", ""days_in_stock"": ""186"", ""published_in_web"": ""1"", ""engine_number"": ""005-001-000004180"", ""reserved_by_user_email"": """", ""reserved_by_user_name"": """", ""reserved_dt"": null, ""expiration_dt"": null, ""opportunity_sale_id"": """", ""factory_invoicing_dt"": ""2025-09-11T00:00:00.000Z"", ""factory_status"": """", ""status_name"": ""DISPONIBLE"", ""fuel_name"": ""Gasolina"", ""availability_status_name"": ""Disponible"", ""availability_status_code"": ""1"", ""created_fullname"": ""LUIS JOAQUIN CORONEL BETRAN"", ""created_dt"": ""2025-09-05T15:02:03.000Z"", ""deleted_flag"": ""0"", ""owner_branch_code"": ""Autocor Cumbaya"", ""saving_plan_group"": ""SUV"", ""saving_plan_order"": ""AUTOMATICA"", ""integration_reference_code"": ""D8E28E0C-7C2E-46BC-B5D7-A2BA72DCA66A"", ""version"": ""DRIVE 28I"", ""purchase_price"": 15500}"
358,autocor,2026-03-16T17:52:03Z,GSE7789,BMW,X3,2012,19900,129000,Autocor Guayaquil,Automática,,,4X2,,,,,2026-03-16T17:52:03Z,NEGRO,ND,DE1DC3FA-5B97-4319-A48D-EB22E2EA9AD7,https://cdn.pilotsolution.net/crm/stock/autocor/11795/11795_252012_desktop.jpeg,"{""id_record"": 358, ""id"": ""DE1DC3FA-5B97-4319-A48D-EB22E2EA9AD7"", ""media"": ""https://cdn.pilotsolution.net/crm/stock/autocor/11795/11795_252012_desktop.jpeg"", ""brand"": ""BMW"", ""model"": ""X3"", ""prices"": 19900, ""year"": 2012, ""owner"": 0, ""home"": 0, ""odometer"": 129000, ""type"": ""SUV"", ""location"": ""Autocor Guayaquil"", ""business_channel"": ""3000"", ""processedAt"": ""2026-03-16T17:00:28.096Z"", ""color"": ""NEGRO "", ""accesories"": ""4X2"", ""license_plate"": ""GSE7789"", ""received_flag"": ""1"", ""days_in_stock"": ""170"", ""published_in_web"": ""1"", ""engine_number"": """", ""reserved_by_user_email"": """", ""reserved_by_user_name"": """", ""reserved_dt"": null, ""expiration_dt"": null, ""opportunity_sale_id"": """", ""factory_invoicing_dt"": ""2025-09-27T00:00:00.000Z"", ""factory_status"": """", ""status_name"": ""DISPONIBLE"", ""fuel_name"": ""Gasolina"", ""availability_status_name"": ""Disponible"", ""availability_status_code"": ""1"", ""created_fullname"": ""LUIS JOAQUIN CORONEL BETRAN"", ""created_dt"": ""2025-09-04T14:01:45.000Z"", ""deleted_flag"": ""0"", ""owner_branch_code"": ""Autocor Guayaquil"", ""saving_plan_group"": ""SUV"", ""saving_plan_order"": ""AUTOMATICA"", ""integration_reference_code"": ""3D22B3D1-7C9F-415B-B513-AE9E91FECC3D"", ""version"": ""XDRIVE 28I"", ""purchase_price"": 18000}"
359,autocor,2026-03-16T17:52:03Z,PDP3073,PEUGEOT,208,2021,14900,89000,Autocor Cumbaya,Manual,,,4X2,,,,,2026-03-16T17:52:03Z,BLANCO,1.6,03CB708E-B3E4-41F7-823B-C2059F4D7798,https://cdn.pilotsolution.net/crm/stock/autocor/11666/11666_212901_desktop.jpeg,"{""id_record"": 359, ""id"": ""03CB708E-B3E4-41F7-823B-C2059F4D7798"", ""media"": ""https://cdn.pilotsolution.net/crm/stock/autocor/11666/11666_212901_desktop.jpeg"", ""brand"": ""PEUGEOT"", ""model"": ""208"", ""prices"": 14900, ""year"": 2021, ""owner"": 0, ""home"": 0, ""odometer"": 89000, ""type"": ""HATCHBACK"", ""location"": ""Autocor Cumbaya"", ""business_channel"": ""1600"", ""processedAt"": ""2026-03-16T17:00:28.096Z"", ""color"": ""BLANCO "", ""accesories"": ""4X2"", ""license_plate"": ""PDP3073"", ""received_flag"": ""1"", ""days_in_stock"": ""202"", ""published_in_web"": ""1"", ""engine_number"": ""005-001-000004091"", ""reserved_by_user_email"": """", ""reserved_by_user_name"": """", ""reserved_dt"": null, ""expiration_dt"": null, ""opportunity_sale_id"": """", ""factory_invoicing_dt"": ""2025-08-26T00:00:00.000Z"", ""factory_status"": """", ""status_name"": ""DISPONIBLE"", ""fuel_name"": ""Diesel"", ""availability_status_name"": ""Disponible"", ""availability_status_code"": ""1"", ""created_fullname"": ""ASISTENTE COMERCIAL 6 DICIEMBRE"", ""created_dt"": ""2025-08-26T16:57:35.000Z"", ""deleted_flag"": ""0"", ""owner_branch_code"": ""Autocor Cumbaya"", ""saving_plan_group"": ""HATCHBACK"", ""saving_plan_order"": ""MANUAL"", ""integration_reference_code"": ""2B6391BE-6ED8-4F75-B260-C31AD2B87E06"", ""version"": ""16H BM5 AC 1.6 5P 4X2 TM"", ""purchase_price"": 14153}"
36,autocor,2026-03-16T17:51:59Z,PFH9578,FOTON,TUNLAND,2023,22400,38000,Autocor Cumbaya,Manual,,,4X4,,,,,2026-03-16T17:51:59Z,BLANCO,2.0,60F96C71-A877-431D-BE33-05A752CB0CE1,https://cdn.pilotsolution.net/crm/stock/autocor/14360/14360_281961_desktop.jpeg,"{""id_record"": 36, ""id"": ""60F96C71-A877-431D-BE33-05A752CB0CE1"", ""media"": ""https://cdn.pilotsolution.net/crm/stock/autocor/14360/14360_281961_desktop.jpeg"", ""brand"": ""FOTON"", ""model"": ""TUNLAND"", ""prices"": 22400, ""year"": 2023, ""owner"": 0, ""home"": 0, ""odometer"": 38000, ""type"": ""CAMIONETA"", ""location"": ""Autocor Cumbaya"", ""business_channel"": ""2000"", ""processedAt"": ""2026-03-16T17:00:28.096Z"", ""color"": ""BLANCO"", ""accesories"": ""4X4"", ""license_plate"": ""PFH9578"", ""received_flag"": ""1"", ""days_in_stock"": ""5"", ""published_in_web"": ""1"", ""engine_number"": ""101-001-000001046"", ""reserved_by_user_email"": """", ""reserved_by_user_name"": """", ""reserved_dt"": null, ""expiration_dt"": null, ""opportunity_sale_id"": """", ""factory_invoicing_dt"": ""2026-03-11T00:00:00.000Z"", ""factory_status"": """", ""status_name"": ""DISPONIBLE"", ""fuel_name"": ""Diesel"", ""availability_status_name"": ""Disponible"", ""availability_status_code"": ""1"", ""created_fullname"": ""Ventas  Cumbaya "", ""created_dt"": ""2026-03-11T14:36:18.000Z"", ""deleted_flag"": ""0"", ""owner_branch_code"": ""Autocor Cumbaya"", ""saving_plan_group"": ""CAMIONETA"", ""saving_plan_order"": ""MANUAL"", ""integration_reference_code"": ""E29862FF-BF7A-4235-90AB-DAD2961F6BC9"", ""version"": ""AC 2.0 CD 4X4 TM DIESEL"", ""purchase_price"": 20500}"
360,autocor,2026-03-16T17:52:03Z,PFI5688,AUDI,Q8,2024,67900,3600,Autocor Shyris,Automática,,,4X4,,,,,2026-03-16T17:52:03Z,PLOMO,50,8767C70C-5A65-4E8B-82F6-889B6CA03A89,https://cdn.pilotsolution.net/crm/stock/autocor/11650/11650_240279_desktop.jpeg,"{""id_record"": 360, ""id"": ""8767C70C-5A65-4E8B-82F6-889B6CA03A89"", ""media"": ""https://cdn.pilotsolution.net/crm/stock/autocor/11650/11650_240279_desktop.jpeg"", ""brand"": ""AUDI"", ""model"": ""Q8"", ""prices"": 67900, ""year"": 2024, ""owner"": 0, ""home"": 0, ""odometer"": 3600, ""type"": ""SUV"", ""location"": ""Autocor Shyris"", ""business_channel"": ""0"", ""processedAt"": ""2026-03-16T17:00:28.096Z"", ""color"": ""PLOMO"", ""accesories"": ""4X4"", ""license_plate"": ""PFI5688"", ""received_flag"": ""1"", ""days_in_stock"": ""203"", ""published_in_web"": ""1"", ""engine_number"": ""010-001-000000516"", ""reserved_by_user_email"": """", ""reserved_by_user_name"": """", ""reserved_dt"": null, ""expiration_dt"": null, ""opportunity_sale_id"": """", ""factory_invoicing_dt"": ""2025-08-25T00:00:00.000Z"", ""factory_status"": """", ""status_name"": ""DISPONIBLE"", ""fuel_name"": ""Eléctrico"", ""availability_status_name"": ""Disponible"", ""availability_status_code"": ""1"", ""created_fullname"": ""ALEJANDRA  LOOR"", ""created_dt"": ""2025-08-25T23:16:50.000Z"", ""deleted_flag"": ""0"", ""owner_branch_code"": ""Autocor Shyris"", ""saving_plan_group"": ""SUV"", ""saving_plan_order"": ""AUTOMATICA"", ""integration_reference_code"": ""2AE1B3D7-A39B-4B12-8648-FD734A9F1B6B"", ""version"": ""E-TRON 50 GEGBUB AC 5P 4X4 TA"", ""purchase_price"": 58000}"
361,autocor,2026-03-16T17:52:03Z,PCS4368,HYUNDAI,SONATA,2016,14600,102557,Autocor El Recreo,Automática,,,4X2,,,,,2026-03-16T17:52:03Z,AZUL,2,63288624-2476-4BF4-9898-2518093A53E8,https://cdn.pilotsolution.net/crm/stock/autocor/11540/11540_218216_desktop.jpeg,"{""id_record"": 361, ""id"": ""63288624-2476-4BF4-9898-2518093A53E8"", ""media"": ""https://cdn.pilotsolution.net/crm/stock/autocor/11540/11540_218216_desktop.jpeg"", ""brand"": ""HYUNDAI"", ""model"": ""SONATA"", ""prices"": 14600, ""year"": 2016, ""owner"": 0, ""home"": 0, ""odometer"": 102557, ""type"": ""SEDAN"", ""location"": ""Autocor El Recreo"", ""business_channel"": ""2000"", ""processedAt"": ""2026-03-16T17:00:28.096Z"", ""color"": ""AZUL"", ""accesories"": ""4X2"", ""license_plate"": ""PCS4368"", ""received_flag"": ""1"", ""days_in_stock"": ""187"", ""published_in_web"": ""1"", ""engine_number"": ""G4NGFU114976"", ""reserved_by_user_email"": """", ""reserved_by_user_name"": """", ""reserved_dt"": null, ""expiration_dt"": null, ""opportunity_sale_id"": """", ""factory_invoicing_dt"": ""2025-09-10T00:00:00.000Z"", ""factory_status"": """", ""status_name"": ""DISPONIBLE"", ""fuel_name"": ""Hibrido "", ""availability_status_name"": ""Disponible"", ""availability_status_code"": ""1"", ""created_fullname"": ""LUIS JOAQUIN CORONEL BETRAN"", ""created_dt"": ""2025-08-19T17:04:38.000Z"", ""deleted_flag"": ""0"", ""owner_branch_code"": ""Autocor El Recreo"", ""saving_plan_group"": ""SEDAN"", ""saving_plan_order"": ""AUTOMATICA"", ""integration_reference_code"": ""686CE04D-3015-4343-B182-205E387E3FC0"", ""version"": ""2.O TA HYBRID 5P"", ""purchase_price"": 12000}"
362,autocor,2026-03-16T17:52:03Z,PBC4044,HYUNDAI,SANTA FE,2008,11400,189000,Autocor El Recreo,Automática,,,4X2,,,,,2026-03-16T17:52:03Z,PLATEADO,ND,B76D12E7-E298-4F70-B1FF-3840773CDC3B,https://cdn.pilotsolution.net/crm/stock/autocor/11492/11492_213709_desktop.jpeg,"{""id_record"": 362, ""id"": ""B76D12E7-E298-4F70-B1FF-3840773CDC3B"", ""media"": ""https://cdn.pilotsolution.net/crm/stock/autocor/11492/11492_213709_desktop.jpeg"", ""brand"": ""HYUNDAI"", ""model"": ""SANTA FE"", ""prices"": 11400, ""year"": 2008, ""owner"": 0, ""home"": 0, ""odometer"": 189000, ""type"": ""SUV"", ""location"": ""Autocor El Recreo"", ""business_channel"": ""2000"", ""processedAt"": ""2026-03-16T17:00:28.096Z"", ""color"": ""PLATEADO"", ""accesories"": ""4X2"", ""license_plate"": ""PBC4044"", ""received_flag"": ""1"", ""days_in_stock"": ""201"", ""published_in_web"": ""1"", ""engine_number"": """", ""reserved_by_user_email"": """", ""reserved_by_user_name"": """", ""reserved_dt"": null, ""expiration_dt"": null, ""opportunity_sale_id"": """", ""factory_invoicing_dt"": ""2025-08-27T00:00:00.000Z"", ""factory_status"": """", ""status_name"": ""DISPONIBLE"", ""fuel_name"": ""Diesel"", ""availability_status_name"": ""Disponible"", ""availability_status_code"": ""1"", ""created_fullname"": ""PATRICIO LOPEZ PALACIOS"", ""created_dt"": ""2025-08-14T18:09:05.000Z"", ""deleted_flag"": ""0"", ""owner_branch_code"": ""Autocor El Recreo"", ""saving_plan_group"": ""SUV"", ""saving_plan_order"": ""AUTOMATICA"", ""integration_reference_code"": ""DBA39E5C-A8D1-42AD-9C91-9D1224B3B6CB"", ""version"": ""CM GL DAA 4X2 TA DDA991"", ""purchase_price"": 9800}"
363,autocor,2026-03-16T17:52:03Z,PDA6028,BYD,FLYER,2007,4400,130000,Autocor El Recreo,Manual,,,4X2,,,,,2026-03-16T17:52:03Z,PLATEADO,ND,9B5823B2-F1AF-406D-98BC-C3316F35D30E,https://cdn.pilotsolution.net/crm/stock/autocor/11381/11381_227402_desktop.jpeg,"{""id_record"": 363, ""id"": ""9B5823B2-F1AF-406D-98BC-C3316F35D30E"", ""media"": ""https://cdn.pilotsolution.net/crm/stock/autocor/11381/11381_227402_desktop.jpeg"", ""brand"": ""BYD"", ""model"": ""FLYER"", ""prices"": 4400, ""year"": 2007, ""owner"": 0, ""home"": 0, ""odometer"": 130000, ""type"": ""HATCHBACK"", ""location"": ""Autocor El Recreo"", ""business_channel"": ""1100"", ""processedAt"": ""2026-03-16T17:00:28.096Z"", ""color"": ""PLATEADO"", ""accesories"": ""4X2"", ""license_plate"": ""PDA6028"", ""received_flag"": ""1"", ""days_in_stock"": ""164"", ""published_in_web"": ""1"", ""engine_number"": """", ""reserved_by_user_email"": """", ""reserved_by_user_name"": """", ""reserved_dt"": null, ""expiration_dt"": null, ""opportunity_sale_id"": """", ""factory_invoicing_dt"": ""2025-10-03T00:00:00.000Z"", ""factory_status"": """", ""status_name"": ""DISPONIBLE"", ""fuel_name"": ""Gasolina"", ""availability_status_name"": ""Disponible"", ""availability_status_code"": ""1"", ""created_fullname"": ""PATRICIO LOPEZ PALACIOS"", ""created_dt"": ""2025-08-06T15:11:12.000Z"", ""deleted_flag"": ""0"", ""owner_branch_code"": ""Autocor El Recreo"", ""saving_plan_group"": ""HATCHBACK"", ""saving_plan_order"": ""MANUAL"", ""integration_reference_code"": ""6FD4C9B8-48B3-429F-BA4B-EEB1049B5D11"", ""version"": ""QCJ7111A"", ""purchase_price"": 1500}"
364,autocor,2026-03-16T17:52:03Z,GTE4966,JEEP,COMPASS,2019,19900,88889,Autocor Guayaquil,Automática,,,4X2,,,,,2026-03-16T17:52:03Z,ROJO,2.4,A7E0E91E-8B27-49EA-B3E5-0D8AACEAB117,https://cdn.pilotsolution.net/crm/stock/autocor/11299/11299_244946_desktop.jpeg,"{""id_record"": 364, ""id"": ""A7E0E91E-8B27-49EA-B3E5-0D8AACEAB117"", ""media"": ""https://cdn.pilotsolution.net/crm/stock/autocor/11299/11299_244946_desktop.jpeg"", ""brand"": ""JEEP"", ""model"": ""COMPASS"", ""prices"": 19900, ""year"": 2019, ""owner"": 0, ""home"": 1, ""odometer"": 88889, ""type"": ""SUV"", ""location"": ""Autocor Guayaquil"", ""business_channel"": ""2400"", ""processedAt"": ""2026-03-16T17:00:28.096Z"", ""color"": ""ROJO"", ""accesories"": ""4X2\n"", ""license_plate"": ""GTE4966"", ""received_flag"": ""1"", ""days_in_stock"": ""228"", ""published_in_web"": ""1"", ""engine_number"": """", ""reserved_by_user_email"": """", ""reserved_by_user_name"": """", ""reserved_dt"": null, ""expiration_dt"": null, ""opportunity_sale_id"": """", ""factory_invoicing_dt"": ""2025-07-31T00:00:00.000Z"", ""factory_status"": ""NO"", ""status_name"": ""DISPONIBLE"", ""fuel_name"": ""Gasolina"", ""availability_status_name"": ""Disponible"", ""availability_status_code"": ""1"", ""created_fullname"": ""Juan  Triana"", ""created_dt"": ""2025-07-31T18:29:14.000Z"", ""deleted_flag"": ""0"", ""owner_branch_code"": ""Autocor Guayaquil"", ""saving_plan_group"": ""SUV"", ""saving_plan_order"": ""AUTOMATICA"", ""integration_reference_code"": ""33AABE74-6404-4E9A-AEE6-C6509675F5A1"", ""version"": ""LONGITUDE AC 2.4 5P"", ""purchase_price"": 18000}"
365,autocor,2026-03-16T17:52:03Z,PDR8256,NISSAN,QASHQAI,2020,21400,66000,Autocor El Recreo,Automática,,,4X2,,,,,2026-03-16T17:52:03Z,NEGRO,2.0,685675FD-73D4-49D3-A016-E8615A3A7B21,https://cdn.pilotsolution.net/crm/stock/autocor/11271/11271_209613_desktop.jpeg,"{""id_record"": 365, ""id"": ""685675FD-73D4-49D3-A016-E8615A3A7B21"", ""media"": ""https://cdn.pilotsolution.net/crm/stock/autocor/11271/11271_209613_desktop.jpeg"", ""brand"": ""NISSAN"", ""model"": ""QASHQAI"", ""prices"": 21400, ""year"": 2020, ""owner"": 0, ""home"": 0, ""odometer"": 66000, ""type"": ""SUV"", ""location"": ""Autocor El Recreo"", ""business_channel"": ""2000"", ""processedAt"": ""2026-03-16T17:00:28.096Z"", ""color"": ""NEGRO"", ""accesories"": ""4X2"", ""license_plate"": ""PDR8256"", ""received_flag"": ""1"", ""days_in_stock"": ""211"", ""published_in_web"": ""1"", ""engine_number"": ""006-001-000001633"", ""reserved_by_user_email"": """", ""reserved_by_user_name"": """", ""reserved_dt"": null, ""expiration_dt"": null, ""opportunity_sale_id"": """", ""factory_invoicing_dt"": ""2025-08-17T00:00:00.000Z"", ""factory_status"": ""NO"", ""status_name"": ""DISPONIBLE"", ""fuel_name"": ""Gasolina"", ""availability_status_name"": ""Disponible"", ""availability_status_code"": ""1"", ""created_fullname"": ""CARLOS  LOAYZA"", ""created_dt"": ""2025-07-29T17:34:58.000Z"", ""deleted_flag"": ""0"", ""owner_branch_code"": ""Autocor El Recreo"", ""saving_plan_group"": ""SUV"", ""saving_plan_order"": ""AUTOMATICA"", ""integration_reference_code"": ""88D358BC-0A15-454B-94AF-81C643A12145"", ""version"": ""2.0 5P 4X2 TA"", ""purchase_price"": 20500}"
366,autocor,2026-03-16T17:52:03Z,PFG7293,FIAT,FASTBACK,2024,21600,12498,Autocor Cumbaya,Automática,,,4X2,,,,,2026-03-16T17:52:03Z,PLOMO,1.0,4959F0C7-FE07-4149-BC0C-491B018309FC,https://cdn.pilotsolution.net/crm/stock/autocor/11019/11019_265160_desktop.jpeg,"{""id_record"": 366, ""id"": ""4959F0C7-FE07-4149-BC0C-491B018309FC"", ""media"": ""https://cdn.pilotsolution.net/crm/stock/autocor/11019/11019_265160_desktop.jpeg"", ""brand"": ""FIAT"", ""model"": ""FASTBACK"", ""prices"": 21600, ""year"": 2024, ""owner"": 1, ""home"": 0, ""odometer"": 12498, ""type"": ""SUV"", ""location"": ""Autocor Cumbaya"", ""business_channel"": ""1000"", ""processedAt"": ""2026-03-16T17:00:28.096Z"", ""color"": ""PLOMO"", ""accesories"": ""4X2"", ""license_plate"": ""PFG7293"", ""received_flag"": ""1"", ""days_in_stock"": ""247"", ""published_in_web"": ""1"", ""engine_number"": ""010001000000398"", ""reserved_by_user_email"": """", ""reserved_by_user_name"": """", ""reserved_dt"": null, ""expiration_dt"": null, ""opportunity_sale_id"": """", ""factory_invoicing_dt"": ""2025-07-12T00:00:00.000Z"", ""factory_status"": ""SI"", ""status_name"": ""DISPONIBLE"", ""fuel_name"": ""Gasolina"", ""availability_status_name"": ""Disponible"", ""availability_status_code"": ""1"", ""created_fullname"": ""ASISTENTE COMERCIAL 6 DICIEMBRE"", ""created_dt"": ""2025-07-11T23:27:27.000Z"", ""deleted_flag"": ""0"", ""owner_branch_code"": ""Autocor Cumbaya"", ""saving_plan_group"": ""SUV"", ""saving_plan_order"": ""AUTOMATICA"", ""integration_reference_code"": ""64A00B1B-E523-4592-B1BC-FC99D03A54D0"", ""version"": ""AUDACE 1.0 CVT AC 1.0 5P 4X2 TA"", ""purchase_price"": 19040}"
367,autocor,2026-03-16T17:52:03Z,PYP0465,MERCEDES BENZ,SLK,2000,29900,38000,Autocor Shyris,Manual,,,4X2,,,,,2026-03-16T17:52:03Z,BLANCO,ND,2C7AE99E-10CA-46AD-84E5-F7578F4EBA98,https://cdn.pilotsolution.net/crm/stock/autocor/10789/10789_244377_desktop.jpeg,"{""id_record"": 367, ""id"": ""2C7AE99E-10CA-46AD-84E5-F7578F4EBA98"", ""media"": ""https://cdn.pilotsolution.net/crm/stock/autocor/10789/10789_244377_desktop.jpeg"", ""brand"": ""MERCEDES BENZ"", ""model"": ""SLK"", ""prices"": 29900, ""year"": 2000, ""owner"": 0, ""home"": 0, ""odometer"": 38000, ""type"": ""SEDAN"", ""location"": ""Autocor Shyris"", ""business_channel"": ""2000"", ""processedAt"": ""2026-03-16T17:00:28.096Z"", ""color"": ""BLANCO"", ""accesories"": ""4X2"", ""license_plate"": ""PYP0465"", ""received_flag"": ""1"", ""days_in_stock"": ""262"", ""published_in_web"": ""1"", ""engine_number"": ""005-001-000003802"", ""reserved_by_user_email"": """", ""reserved_by_user_name"": """", ""reserved_dt"": null, ""expiration_dt"": null, ""opportunity_sale_id"": """", ""factory_invoicing_dt"": ""2025-06-27T00:00:00.000Z"", ""factory_status"": """", ""status_name"": ""DISPONIBLE"", ""fuel_name"": ""Gasolina"", ""availability_status_name"": ""Disponible"", ""availability_status_code"": ""1"", ""created_fullname"": ""MATEO MONGE"", ""created_dt"": ""2025-06-26T22:08:39.000Z"", ""deleted_flag"": ""0"", ""owner_branch_code"": ""Autocor Shyris"", ""saving_plan_group"": ""SEDAN"", ""saving_plan_order"": ""MANUAL"", ""integration_reference_code"": ""2F5235B0-991C-4EF9-BAE4-D16BA870E25E"", ""version"": ""200"", ""purchase_price"": 24700}"
368,autocor,2026-03-16T17:52:03Z,ABK4914,FORD,F150,2021,62900,60000,Autocor Cumbaya,Automática,,,4X4,,,,,2026-03-16T17:52:03Z,NEGRO,3.5,E0B78D46-47BC-40FA-9798-BFDB60552F62,https://cdn.pilotsolution.net/crm/stock/autocor/10440/10440_180693_desktop.jpeg,"{""id_record"": 368, ""id"": ""E0B78D46-47BC-40FA-9798-BFDB60552F62"", ""media"": ""https://cdn.pilotsolution.net/crm/stock/autocor/10440/10440_180693_desktop.jpeg"", ""brand"": ""FORD"", ""model"": ""F150"", ""prices"": 62900, ""year"": 2021, ""owner"": 0, ""home"": 0, ""odometer"": 60000, ""type"": ""CAMIONETA"", ""location"": ""Autocor Cumbaya"", ""business_channel"": ""3500"", ""processedAt"": ""2026-03-16T17:00:28.096Z"", ""color"": ""NEGRO"", ""accesories"": ""4X4"", ""license_plate"": ""ABK4914"", ""received_flag"": ""1"", ""days_in_stock"": ""284"", ""published_in_web"": ""1"", ""engine_number"": ""005-001-000003664"", ""reserved_by_user_email"": """", ""reserved_by_user_name"": """", ""reserved_dt"": null, ""expiration_dt"": null, ""opportunity_sale_id"": """", ""factory_invoicing_dt"": ""2025-06-05T00:00:00.000Z"", ""factory_status"": """", ""status_name"": ""DISPONIBLE"", ""fuel_name"": ""Gasolina"", ""availability_status_name"": ""Disponible"", ""availability_status_code"": ""1"", ""created_fullname"": ""VENTAS VALLE CHILLOS"", ""created_dt"": ""2025-06-05T14:52:29.000Z"", ""deleted_flag"": ""0"", ""owner_branch_code"": ""Autocor Cumbaya"", ""saving_plan_group"": ""CAMIONETA"", ""saving_plan_order"": ""AUTOMATICA"", ""integration_reference_code"": ""639ED004-AD30-4E95-8086-C34808DD0EF9"", ""version"": "" LARIAT AC 3.5 CD 4X4 TA"", ""purchase_price"": 57040}"
369,autocor,2026-03-16T17:52:03Z,PFH8198,MAZDA,CX9,2024,46900,27000,Autocor Cumbaya,Automática,,,4X4,,,,,2026-03-16T17:52:03Z,ROJO,2.5,742A8EBF-33AB-4536-A3F5-5F35111C74C0,https://cdn.pilotsolution.net/crm/stock/autocor/10224/10224_244314_desktop.jpeg,"{""id_record"": 369, ""id"": ""742A8EBF-33AB-4536-A3F5-5F35111C74C0"", ""media"": ""https://cdn.pilotsolution.net/crm/stock/autocor/10224/10224_244314_desktop.jpeg"", ""brand"": ""MAZDA"", ""model"": ""CX9"", ""prices"": 46900, ""year"": 2024, ""owner"": 0, ""home"": 0, ""odometer"": 27000, ""type"": ""SUV"", ""location"": ""Autocor Cumbaya"", ""business_channel"": ""2500"", ""processedAt"": ""2026-03-16T17:00:28.096Z"", ""color"": ""ROJO"", ""accesories"": ""4X4"", ""license_plate"": ""PFH8198"", ""received_flag"": ""1"", ""days_in_stock"": ""299"", ""published_in_web"": ""1"", ""engine_number"": ""009-001-000000229"", ""reserved_by_user_email"": """", ""reserved_by_user_name"": """", ""reserved_dt"": null, ""expiration_dt"": null, ""opportunity_sale_id"": """", ""factory_invoicing_dt"": ""2025-05-21T00:00:00.000Z"", ""factory_status"": """", ""status_name"": ""DISPONIBLE"", ""fuel_name"": ""Gasolina"", ""availability_status_name"": ""Disponible"", ""availability_status_code"": ""1"", ""created_fullname"": ""BOLIVAR ROMERO"", ""created_dt"": ""2025-05-22T23:29:34.000Z"", ""deleted_flag"": ""0"", ""owner_branch_code"": ""Autocor Cumbaya"", ""saving_plan_group"": ""SUV"", ""saving_plan_order"": ""AUTOMATICA"", ""integration_reference_code"": ""A691F092-0C09-480A-96F5-CC998E1C2466"", ""version"": ""AC 2.5 5P 4X4 TA"", ""purchase_price"": 42000}"
37,autocor,2026-03-16T17:51:59Z,TBI8191,KIA,SPORTAGE,2021,23400,115000,Autocor Valle de los Chillos,Manual,,,4X2,,,,,2026-03-16T17:51:59Z,PLATA,2.0,524CA102-4E1F-49FC-A252-C0E1988E181C,https://cdn.pilotsolution.net/crm/stock/autocor/14359/14359_282061_desktop.jpeg,"{""id_record"": 37, ""id"": ""524CA102-4E1F-49FC-A252-C0E1988E181C"", ""media"": ""https://cdn.pilotsolution.net/crm/stock/autocor/14359/14359_282061_desktop.jpeg"", ""brand"": ""KIA"", ""model"": ""SPORTAGE"", ""prices"": 23400, ""year"": 2021, ""owner"": 0, ""home"": 0, ""odometer"": 115000, ""type"": ""SUV"", ""location"": ""Autocor Valle de los Chillos"", ""business_channel"": ""2000"", ""processedAt"": ""2026-03-16T17:00:28.096Z"", ""color"": ""PLATA"", ""accesories"": ""4X2"", ""license_plate"": ""TBI8191"", ""received_flag"": ""1"", ""days_in_stock"": ""5"", ""published_in_web"": ""1"", ""engine_number"": ""006-001-000002399"", ""reserved_by_user_email"": """", ""reserved_by_user_name"": """", ""reserved_dt"": null, ""expiration_dt"": null, ""opportunity_sale_id"": """", ""factory_invoicing_dt"": ""2026-03-11T00:00:00.000Z"", ""factory_status"": """", ""status_name"": ""DISPONIBLE"", ""fuel_name"": ""Gasolina"", ""availability_status_name"": ""Disponible"", ""availability_status_code"": ""1"", ""created_fullname"": ""VENTAS VALLE CHILLOS"", ""created_dt"": ""2026-03-11T14:33:19.000Z"", ""deleted_flag"": ""0"", ""owner_branch_code"": ""Autocor Valle de los Chillos"", ""saving_plan_group"": ""SUV"", ""saving_plan_order"": ""MANUAL"", ""integration_reference_code"": ""C7176382-9F87-4C41-AA9E-111A1CF61939"", ""version"": ""SL AC 2.0 5P 4X2 TM"", ""purchase_price"": 21000}"
370,autocor,2026-03-16T17:52:03Z,PCX3598,CHEVROLET,CRUZE,2017,13900,66000,Autocor Av. Orellana,Automática,,,4X2,,,,,2026-03-16T17:52:03Z,PLATEADO,1.4,A3F0969D-1651-47F5-8AED-372449C85CCF,https://cdn.pilotsolution.net/crm/stock/autocor/9690/9690_206208_desktop.jpeg,"{""id_record"": 370, ""id"": ""A3F0969D-1651-47F5-8AED-372449C85CCF"", ""media"": ""https://cdn.pilotsolution.net/crm/stock/autocor/9690/9690_206208_desktop.jpeg"", ""brand"": ""CHEVROLET"", ""model"": ""CRUZE"", ""prices"": 13900, ""year"": 2017, ""owner"": 0, ""home"": 0, ""odometer"": 66000, ""type"": ""SEDAN"", ""location"": ""Autocor Av. Orellana"", ""business_channel"": ""1400"", ""processedAt"": ""2026-03-16T17:00:28.096Z"", ""color"": ""PLATEADO"", ""accesories"": ""4X2"", ""license_plate"": ""PCX3598"", ""received_flag"": ""1"", ""days_in_stock"": ""122"", ""published_in_web"": ""1"", ""engine_number"": ""006-001-000002158"", ""reserved_by_user_email"": """", ""reserved_by_user_name"": """", ""reserved_dt"": null, ""expiration_dt"": null, ""opportunity_sale_id"": """", ""factory_invoicing_dt"": ""2025-11-14T00:00:00.000Z"", ""factory_status"": ""NO"", ""status_name"": ""DISPONIBLE"", ""fuel_name"": ""Gasolina"", ""availability_status_name"": ""Disponible"", ""availability_status_code"": ""1"", ""created_fullname"": ""LUIS JOAQUIN CORONEL BETRAN"", ""created_dt"": ""2025-04-15T20:05:25.000Z"", ""deleted_flag"": ""0"", ""owner_branch_code"": ""Autocor Av. Orellana"", ""saving_plan_group"": ""SEDAN"", ""saving_plan_order"": ""AUTOMATICA"", ""integration_reference_code"": ""E8FBC451-9F16-4920-A422-65DE42D22530"", ""version"": ""TURBO LTZ AC 1.4 4P 4X2 TA"", ""purchase_price"": 12040}"
371,autocor,2026-03-16T17:52:03Z,PDU5632,NISSAN,LEAF,2022,17900,42000,Autocor Eloy Alfaro,Automática,,,4X2,,,,,2026-03-16T17:52:03Z,BLANCO,ND,AD895314-E128-400D-BA39-1FE0B2047093,https://cdn.pilotsolution.net/crm/stock/autocor/8912/8912_282294_desktop.jpeg,"{""id_record"": 371, ""id"": ""AD895314-E128-400D-BA39-1FE0B2047093"", ""media"": ""https://cdn.pilotsolution.net/crm/stock/autocor/8912/8912_282294_desktop.jpeg"", ""brand"": ""NISSAN"", ""model"": ""LEAF"", ""prices"": 17900, ""year"": 2022, ""owner"": 0, ""home"": 0, ""odometer"": 42000, ""type"": ""HATCHBACK"", ""location"": ""Autocor Eloy Alfaro"", ""business_channel"": ""EV0000"", ""processedAt"": ""2026-03-16T17:00:28.096Z"", ""color"": ""BLANCO"", ""accesories"": ""4X2"", ""license_plate"": ""PDU5632"", ""received_flag"": ""1"", ""days_in_stock"": ""395"", ""published_in_web"": ""1"", ""engine_number"": ""010-001-00000042"", ""reserved_by_user_email"": """", ""reserved_by_user_name"": """", ""reserved_dt"": null, ""expiration_dt"": null, ""opportunity_sale_id"": """", ""factory_invoicing_dt"": ""2025-02-14T00:00:00.000Z"", ""factory_status"": """", ""status_name"": ""DISPONIBLE"", ""fuel_name"": ""Eléctrico"", ""availability_status_name"": ""Disponible"", ""availability_status_code"": ""1"", ""created_fullname"": ""CAMILO ZAMBRANO"", ""created_dt"": ""2025-02-14T22:00:15.000Z"", ""deleted_flag"": ""0"", ""owner_branch_code"": ""Autocor Eloy Alfaro"", ""saving_plan_group"": ""HATCHBACK"", ""saving_plan_order"": ""ELECTRICO"", ""integration_reference_code"": ""64C84D88-7114-48B3-AD5E-4C157DCF784C"", ""version"": ""AC 5P 4X2 TA EV"", ""purchase_price"": 18000}"
372,autocor,2026-03-16T17:52:03Z,PDP5062,MITSUBISHI,ECLIPSE,2020,20900,86000,Autocor Cumbaya,Automática,,,4X2,,,,,2026-03-16T17:52:03Z,NEGRO,2.0,E7C8A6BF-5B89-4E27-A494-4F96FA769BBA,https://cdn.pilotsolution.net/crm/stock/autocor/5769/5769_84258_desktop.jpeg,"{""id_record"": 372, ""id"": ""E7C8A6BF-5B89-4E27-A494-4F96FA769BBA"", ""media"": ""https://cdn.pilotsolution.net/crm/stock/autocor/5769/5769_84258_desktop.jpeg"", ""brand"": ""MITSUBISHI"", ""model"": ""ECLIPSE"", ""prices"": 20900, ""year"": 2020, ""owner"": 0, ""home"": 0, ""odometer"": 86000, ""type"": ""SUV"", ""location"": ""Autocor Cumbaya"", ""business_channel"": ""2000"", ""processedAt"": ""2026-03-16T17:00:28.096Z"", ""color"": ""NEGRO"", ""accesories"": ""4X2"", ""license_plate"": ""PDP5062"", ""received_flag"": ""1"", ""days_in_stock"": ""310"", ""published_in_web"": ""1"", ""engine_number"": ""002-001-000004922"", ""reserved_by_user_email"": """", ""reserved_by_user_name"": """", ""reserved_dt"": null, ""expiration_dt"": null, ""opportunity_sale_id"": """", ""factory_invoicing_dt"": ""2025-05-10T00:00:00.000Z"", ""factory_status"": """", ""status_name"": ""DISPONIBLE"", ""fuel_name"": ""Gasolina"", ""availability_status_name"": ""Disponible"", ""availability_status_code"": ""1"", ""created_fullname"": ""MARTIN  BORJA"", ""created_dt"": ""2024-05-10T21:57:38.000Z"", ""deleted_flag"": ""0"", ""owner_branch_code"": ""Autocor Cumbaya"", ""saving_plan_group"": ""SUV"", ""saving_plan_order"": ""AUTOMATICA"", ""integration_reference_code"": ""8A2C7FA7-64E7-4E78-8806-B863A6A1ADDF"", ""version"": ""GL AC 2.0 5P 4X2 TA"", ""purchase_price"": 18000}"
38,autocor,2026-03-16T17:51:59Z,PFN5774,NETA,V,2024,11900,53000,Autocor La Prensa,Automática,,,4X2,,,,,2026-03-16T17:51:59Z,BLANCO,ND,C6AEB820-6B28-4FC2-9D37-E61CC7785541,https://cdn.pilotsolution.net/crm/stock/autocor/14358/14358_283195_desktop.jpeg,"{""id_record"": 38, ""id"": ""C6AEB820-6B28-4FC2-9D37-E61CC7785541"", ""media"": ""https://cdn.pilotsolution.net/crm/stock/autocor/14358/14358_283195_desktop.jpeg"", ""brand"": ""NETA"", ""model"": ""V"", ""prices"": 11900, ""year"": 2024, ""owner"": 0, ""home"": 0, ""odometer"": 53000, ""type"": ""SUV"", ""location"": ""Autocor La Prensa"", ""business_channel"": ""0"", ""processedAt"": ""2026-03-16T17:00:28.096Z"", ""color"": ""BLANCO"", ""accesories"": ""4X2"", ""license_plate"": ""PFN5774"", ""received_flag"": ""1"", ""days_in_stock"": ""2"", ""published_in_web"": ""1"", ""engine_number"": ""009-001-000000923"", ""reserved_by_user_email"": """", ""reserved_by_user_name"": """", ""reserved_dt"": null, ""expiration_dt"": null, ""opportunity_sale_id"": """", ""factory_invoicing_dt"": ""2026-03-14T00:00:00.000Z"", ""factory_status"": """", ""status_name"": ""DISPONIBLE"", ""fuel_name"": ""Eléctrico"", ""availability_status_name"": ""Disponible"", ""availability_status_code"": ""1"", ""created_fullname"": ""BOLIVAR ROMERO"", ""created_dt"": ""2026-03-11T13:01:39.000Z"", ""deleted_flag"": ""0"", ""owner_branch_code"": ""Autocor La Prensa"", ""saving_plan_group"": ""SUV"", ""saving_plan_order"": ""AUTOMATICA"", ""integration_reference_code"": ""56ADD1DA-BE95-41AF-933A-88DFA8D228DE"", ""version"": ""V AC 5P 4X2 TA EV"", ""purchase_price"": 7500}"
39,autocor,2026-03-16T17:51:59Z,PDU6736,CHERY,TIGGO 7,2022,16400,98500,Autocor Eloy Alfaro,Automática,,,4X2,,,,,2026-03-16T17:51:59Z,PLATA,1.5,39497745-27A6-4338-84C0-8D7AE629D7A1,https://cdn.pilotsolution.net/crm/stock/autocor/14356/14356_282640_desktop.png,"{""id_record"": 39, ""id"": ""39497745-27A6-4338-84C0-8D7AE629D7A1"", ""media"": ""https://cdn.pilotsolution.net/crm/stock/autocor/14356/14356_282640_desktop.png"", ""brand"": ""CHERY"", ""model"": ""TIGGO 7"", ""prices"": 16400, ""year"": 2022, ""owner"": 1, ""home"": 0, ""odometer"": 98500, ""type"": ""SUV"", ""location"": ""Autocor Eloy Alfaro"", ""business_channel"": ""1500"", ""processedAt"": ""2026-03-16T17:00:28.096Z"", ""color"": ""PLATA"", ""accesories"": ""4X2"", ""license_plate"": ""PDU6736"", ""received_flag"": ""0"", ""days_in_stock"": ""0"", ""published_in_web"": ""1"", ""engine_number"": """", ""reserved_by_user_email"": """", ""reserved_by_user_name"": """", ""reserved_dt"": null, ""expiration_dt"": null, ""opportunity_sale_id"": """", ""factory_invoicing_dt"": null, ""factory_status"": ""SI"", ""status_name"": ""DISPONIBLE"", ""fuel_name"": ""Gasolina"", ""availability_status_name"": ""Disponible"", ""availability_status_code"": ""1"", ""created_fullname"": ""Ventas  Cumbaya "", ""created_dt"": ""2026-03-11T02:23:05.000Z"", ""deleted_flag"": ""0"", ""owner_branch_code"": ""Autocor Eloy Alfaro"", ""saving_plan_group"": ""SUV"", ""saving_plan_order"": ""AUTOMATICA"", ""integration_reference_code"": ""A96A9AF5-44A6-4946-A83C-E8B3DB92E126"", ""version"": ""PTURBO PLUS AC 1.5MH 5P 4X2 TA"", ""purchase_price"": 14240}"
4,autocor,2026-03-16T17:51:58Z,PDX3677,KIA,SPORTAGE GTL,2023,0,75000,No disponible,Automática,,,ND,,,,,2026-03-16T17:51:58Z,BLANCO,2.0,0A5EB7DA-D144-4E63-8BCB-AC40D8B677A1,,"{""id_record"": 4, ""id"": ""0A5EB7DA-D144-4E63-8BCB-AC40D8B677A1"", ""media"": null, ""brand"": ""KIA"", ""model"": ""SPORTAGE GTL"", ""prices"": 0, ""year"": 2023, ""owner"": 0, ""home"": 0, ""odometer"": 75000, ""type"": """", ""location"": ""No disponible"", ""business_channel"": ""Usados"", ""processedAt"": ""2026-03-16T17:00:28.096Z"", ""color"": ""BLANCO "", ""accesories"": """", ""license_plate"": ""PDX3677"", ""received_flag"": ""0"", ""days_in_stock"": ""0"", ""published_in_web"": ""0"", ""engine_number"": """", ""reserved_by_user_email"": """", ""reserved_by_user_name"": """", ""reserved_dt"": null, ""expiration_dt"": null, ""opportunity_sale_id"": """", ""factory_invoicing_dt"": null, ""factory_status"": """", ""status_name"": """", ""fuel_name"": """", ""availability_status_name"": ""Disponible"", ""availability_status_code"": ""1"", ""created_fullname"": ""STEVE  PACHECO"", ""created_dt"": ""2026-03-16T15:00:28.000Z"", ""deleted_flag"": ""0"", ""owner_branch_code"": """", ""saving_plan_group"": """", ""saving_plan_order"": """", ""integration_reference_code"": ""CB548B4C-2E61-4125-BC6B-B977FEDBBD2F"", ""version"": ""AC 2.0 5P 4X2 TA"", ""purchase_price"": 31500}"
40,autocor,2026-03-16T17:51:59Z,PFE1145,CHEVROLET,D-MAX,2023,33600,90190,Autocor Valle de los Chillos,Manual,,,4X4,,,,,2026-03-16T17:51:59Z,BLANCO,2.5,816461B1-952A-41B2-9BF3-45326A8AD28E,https://cdn.pilotsolution.net/crm/stock/autocor/14351/14351_283607_desktop.jpeg,"{""id_record"": 40, ""id"": ""816461B1-952A-41B2-9BF3-45326A8AD28E"", ""media"": ""https://cdn.pilotsolution.net/crm/stock/autocor/14351/14351_283607_desktop.jpeg"", ""brand"": ""CHEVROLET"", ""model"": ""D-MAX"", ""prices"": 33600, ""year"": 2023, ""owner"": 1, ""home"": 0, ""odometer"": 90190, ""type"": ""CAMIONETA"", ""location"": ""Autocor Valle de los Chillos"", ""business_channel"": ""2500"", ""processedAt"": ""2026-03-16T17:00:28.096Z"", ""color"": ""BLANCO"", ""accesories"": ""4X4"", ""license_plate"": ""PFE1145"", ""received_flag"": ""1"", ""days_in_stock"": ""2"", ""published_in_web"": ""1"", ""engine_number"": ""006-001-000002410"", ""reserved_by_user_email"": """", ""reserved_by_user_name"": """", ""reserved_dt"": null, ""expiration_dt"": null, ""opportunity_sale_id"": """", ""factory_invoicing_dt"": ""2026-03-14T00:00:00.000Z"", ""factory_status"": ""SI"", ""status_name"": ""DISPONIBLE"", ""fuel_name"": ""Gasolina"", ""availability_status_name"": ""Disponible"", ""availability_status_code"": ""1"", ""created_fullname"": ""Ventas  Cumbaya "", ""created_dt"": ""2026-03-11T02:18:41.000Z"", ""deleted_flag"": ""0"", ""owner_branch_code"": ""Autocor Valle de los Chillos"", ""saving_plan_group"": ""CAMIONETA"", ""saving_plan_order"": ""MANUAL"", ""integration_reference_code"": ""325C388F-7B24-4AA9-821A-A29734F30579"", ""version"": ""CRDI FULL  AC 2.5 CD 4X4  TM DIESEL"", ""purchase_price"": 30166}"
41,autocor,2026-03-16T17:52:00Z,PDU6719,CHERY,TIGGO 7,2022,16900,78700,Autocor Eloy Alfaro,Automática,,,4X2,,,,,2026-03-16T17:52:00Z,PLATA,1.5,B4932D18-F7F6-4CC6-858A-370455DFC619,https://cdn.pilotsolution.net/crm/stock/autocor/14350/14350_282231_desktop.jpeg,"{""id_record"": 41, ""id"": ""B4932D18-F7F6-4CC6-858A-370455DFC619"", ""media"": ""https://cdn.pilotsolution.net/crm/stock/autocor/14350/14350_282231_desktop.jpeg"", ""brand"": ""CHERY"", ""model"": ""TIGGO 7"", ""prices"": 16900, ""year"": 2022, ""owner"": 1, ""home"": 0, ""odometer"": 78700, ""type"": ""SUV"", ""location"": ""Autocor Eloy Alfaro"", ""business_channel"": ""1500"", ""processedAt"": ""2026-03-16T17:00:28.096Z"", ""color"": ""PLATA"", ""accesories"": ""4X2"", ""license_plate"": ""PDU6719"", ""received_flag"": ""0"", ""days_in_stock"": ""0"", ""published_in_web"": ""1"", ""engine_number"": """", ""reserved_by_user_email"": """", ""reserved_by_user_name"": """", ""reserved_dt"": null, ""expiration_dt"": null, ""opportunity_sale_id"": """", ""factory_invoicing_dt"": ""2026-03-11T00:00:00.000Z"", ""factory_status"": ""SI"", ""status_name"": ""DISPONIBLE"", ""fuel_name"": ""Gasolina"", ""availability_status_name"": ""Disponible"", ""availability_status_code"": ""1"", ""created_fullname"": ""Ventas  Cumbaya "", ""created_dt"": ""2026-03-11T02:17:44.000Z"", ""deleted_flag"": ""0"", ""owner_branch_code"": ""Autocor Eloy Alfaro"", ""saving_plan_group"": ""SUV"", ""saving_plan_order"": ""AUTOMATICA"", ""integration_reference_code"": ""AFC72B0B-26A5-4C93-BC63-5BD47F4DFCDC"", ""version"": ""PTURBO PLUS AC 1.5MH 5P 4X2 TA"", ""purchase_price"": 14240}"
42,autocor,2026-03-16T17:52:00Z,PFD8906,CHEVROLET,D-MAX,2023,0,96212,Autocor Av. Orellana,Manual,,,4X4,,,,,2026-03-16T17:52:00Z,BLANCO,3.0,61AAECAE-8563-4943-AFA0-FE55F6099D03,,"{""id_record"": 42, ""id"": ""61AAECAE-8563-4943-AFA0-FE55F6099D03"", ""media"": null, ""brand"": ""CHEVROLET"", ""model"": ""D-MAX"", ""prices"": 0, ""year"": 2023, ""owner"": 1, ""home"": 0, ""odometer"": 96212, ""type"": ""CAMIONETA"", ""location"": ""Autocor Av. Orellana"", ""business_channel"": ""Usados"", ""processedAt"": ""2026-03-16T17:00:28.096Z"", ""color"": ""BLANCO"", ""accesories"": ""4X4"", ""license_plate"": ""PFD8906"", ""received_flag"": ""1"", ""days_in_stock"": ""4"", ""published_in_web"": ""0"", ""engine_number"": """", ""reserved_by_user_email"": """", ""reserved_by_user_name"": """", ""reserved_dt"": null, ""expiration_dt"": null, ""opportunity_sale_id"": """", ""factory_invoicing_dt"": ""2026-03-12T00:00:00.000Z"", ""factory_status"": ""SI"", ""status_name"": ""DISPONIBLE"", ""fuel_name"": ""Diesel"", ""availability_status_name"": ""Disponible"", ""availability_status_code"": ""1"", ""created_fullname"": ""Ventas  Cumbaya "", ""created_dt"": ""2026-03-11T02:15:41.000Z"", ""deleted_flag"": ""0"", ""owner_branch_code"": ""Autocor Av. Orellana"", ""saving_plan_group"": ""CAMIONETA"", ""saving_plan_order"": ""MANUAL"", ""integration_reference_code"": ""16D193A1-7A9E-4BB0-A196-15D55C0A4783"", ""version"": ""D-MAX CRDI FULL  AC 3.0 CD 4X4  TM DIESEL"", ""purchase_price"": 30414}"
43,autocor,2026-03-16T17:52:00Z,GCT2091,VOLKSWAGEN,POLO,2021,16600,29340,Autocor Guayaquil,Manual,,,4X2,,,,,2026-03-16T17:52:00Z,DORADO,1.6,EE5CF8E4-5F52-43F8-95E4-F46B7EF2F070,https://cdn.pilotsolution.net/crm/stock/autocor/14343/14343_281936_desktop.jpeg,"{""id_record"": 43, ""id"": ""EE5CF8E4-5F52-43F8-95E4-F46B7EF2F070"", ""media"": ""https://cdn.pilotsolution.net/crm/stock/autocor/14343/14343_281936_desktop.jpeg"", ""brand"": ""VOLKSWAGEN"", ""model"": ""POLO"", ""prices"": 16600, ""year"": 2021, ""owner"": 0, ""home"": 0, ""odometer"": 29340, ""type"": ""HATCHBACK"", ""location"": ""Autocor Guayaquil"", ""business_channel"": ""1600"", ""processedAt"": ""2026-03-16T17:00:28.096Z"", ""color"": ""DORADO"", ""accesories"": ""4X2"", ""license_plate"": ""GCT2091"", ""received_flag"": ""1"", ""days_in_stock"": ""19"", ""published_in_web"": ""1"", ""engine_number"": """", ""reserved_by_user_email"": """", ""reserved_by_user_name"": """", ""reserved_dt"": null, ""expiration_dt"": null, ""opportunity_sale_id"": """", ""factory_invoicing_dt"": ""2026-02-25T00:00:00.000Z"", ""factory_status"": ""NO"", ""status_name"": ""DISPONIBLE"", ""fuel_name"": ""Gasolina"", ""availability_status_name"": ""Disponible"", ""availability_status_code"": ""1"", ""created_fullname"": ""Juan  Triana"", ""created_dt"": ""2026-03-10T23:08:28.000Z"", ""deleted_flag"": ""0"", ""owner_branch_code"": ""Autocor Guayaquil"", ""saving_plan_group"": ""HATCHBACK"", ""saving_plan_order"": ""MANUAL"", ""integration_reference_code"": ""26AE42E2-8E96-4ECA-B74E-425C430AD2C0"", ""version"": ""TRENDLINE AC 1.6 5P 4X2 TM"", ""purchase_price"": 13240}"
44,autocor,2026-03-16T17:52:00Z,PFK6520,MAZDA,CX30,2025,29400,8800,Autocor Shyris,Automática,,,4X2,,,,,2026-03-16T17:52:00Z,BLANCO,2.0,E1E3E313-7088-4810-93F4-667ACFDE2D7E,https://cdn.pilotsolution.net/crm/stock/autocor/14340/14340_281872_desktop.jpeg,"{""id_record"": 44, ""id"": ""E1E3E313-7088-4810-93F4-667ACFDE2D7E"", ""media"": ""https://cdn.pilotsolution.net/crm/stock/autocor/14340/14340_281872_desktop.jpeg"", ""brand"": ""MAZDA"", ""model"": ""CX30"", ""prices"": 29400, ""year"": 2025, ""owner"": 0, ""home"": 0, ""odometer"": 8800, ""type"": ""SUV"", ""location"": ""Autocor Shyris"", ""business_channel"": ""2000"", ""processedAt"": ""2026-03-16T17:00:28.096Z"", ""color"": ""BLANCO"", ""accesories"": ""4X2"", ""license_plate"": ""PFK6520"", ""received_flag"": ""1"", ""days_in_stock"": ""6"", ""published_in_web"": ""1"", ""engine_number"": """", ""reserved_by_user_email"": """", ""reserved_by_user_name"": """", ""reserved_dt"": null, ""expiration_dt"": null, ""opportunity_sale_id"": """", ""factory_invoicing_dt"": ""2026-03-10T00:00:00.000Z"", ""factory_status"": """", ""status_name"": ""DISPONIBLE"", ""fuel_name"": ""Hibrido "", ""availability_status_name"": ""Disponible"", ""availability_status_code"": ""1"", ""created_fullname"": ""ASISTENTE COMERCIAL SHYRIS"", ""created_dt"": ""2026-03-10T22:49:50.000Z"", ""deleted_flag"": ""0"", ""owner_branch_code"": ""Autocor Shyris"", ""saving_plan_group"": ""SUV"", ""saving_plan_order"": ""AUTOMATICA"", ""integration_reference_code"": ""5499B056-3B6B-4668-942B-D973BF962EFB"", ""version"": "" CORE AC 2.0 5P 4X2 TA HYBRID"", ""purchase_price"": 27040}"
45,autocor,2026-03-16T17:52:00Z,PDJ3833,GREAT WALL,HAVAL,2019,16400,126175,Autocor Valle de los Chillos,Automática,,,4X2,,,,,2026-03-16T17:52:00Z,AZUL,2.0,477D5048-0F33-4006-992A-1D4EF6195AB5,https://cdn.pilotsolution.net/crm/stock/autocor/14339/14339_283399_desktop.jpeg,"{""id_record"": 45, ""id"": ""477D5048-0F33-4006-992A-1D4EF6195AB5"", ""media"": ""https://cdn.pilotsolution.net/crm/stock/autocor/14339/14339_283399_desktop.jpeg"", ""brand"": ""GREAT WALL"", ""model"": ""HAVAL"", ""prices"": 16400, ""year"": 2019, ""owner"": 0, ""home"": 0, ""odometer"": 126175, ""type"": ""SUV"", ""location"": ""Autocor Valle de los Chillos"", ""business_channel"": ""Usados"", ""processedAt"": ""2026-03-16T17:00:28.096Z"", ""color"": ""AZUL"", ""accesories"": ""4X2"", ""license_plate"": ""PDJ3833"", ""received_flag"": ""1"", ""days_in_stock"": ""6"", ""published_in_web"": ""1"", ""engine_number"": ""006-001-000002398"", ""reserved_by_user_email"": """", ""reserved_by_user_name"": """", ""reserved_dt"": null, ""expiration_dt"": null, ""opportunity_sale_id"": """", ""factory_invoicing_dt"": ""2026-03-10T00:00:00.000Z"", ""factory_status"": ""NO"", ""status_name"": ""DISPONIBLE"", ""fuel_name"": ""Gasolina"", ""availability_status_name"": ""Disponible"", ""availability_status_code"": ""1"", ""created_fullname"": ""VENTAS VALLE CHILLOS"", ""created_dt"": ""2026-03-10T22:47:28.000Z"", ""deleted_flag"": ""0"", ""owner_branch_code"": ""Autocor Valle de los Chillos"", ""saving_plan_group"": ""SUV"", ""saving_plan_order"": ""AUTOMÁTICA"", ""integration_reference_code"": ""FB264F32-9A3D-44C4-9F1F-406DCDA74BEF"", ""version"": ""H6 7DCT AC 2.0 5P 4X2 TA"", ""purchase_price"": 14000}"
46,autocor,2026-03-16T17:52:00Z,GSK9811,CHERY,TIGGO 2,2025,15400,18981,Autocor Guayaquil,Manual,,,4X2,,,,,2026-03-16T17:52:00Z,PLOMO,1.5,8E34EDEA-255C-47A1-B154-4BE439AAEF8C,https://cdn.pilotsolution.net/crm/stock/autocor/14338/14338_281822_desktop.jpeg,"{""id_record"": 46, ""id"": ""8E34EDEA-255C-47A1-B154-4BE439AAEF8C"", ""media"": ""https://cdn.pilotsolution.net/crm/stock/autocor/14338/14338_281822_desktop.jpeg"", ""brand"": ""CHERY"", ""model"": ""TIGGO 2"", ""prices"": 15400, ""year"": 2025, ""owner"": 0, ""home"": 1, ""odometer"": 18981, ""type"": ""SUV"", ""location"": ""Autocor Guayaquil"", ""business_channel"": ""1500"", ""processedAt"": ""2026-03-16T17:00:28.096Z"", ""color"": ""PLOMO "", ""accesories"": ""4X2"", ""license_plate"": ""GSK9811"", ""received_flag"": ""1"", ""days_in_stock"": ""10"", ""published_in_web"": ""1"", ""engine_number"": """", ""reserved_by_user_email"": """", ""reserved_by_user_name"": """", ""reserved_dt"": null, ""expiration_dt"": null, ""opportunity_sale_id"": """", ""factory_invoicing_dt"": ""2026-03-06T00:00:00.000Z"", ""factory_status"": ""NO"", ""status_name"": ""DISPONIBLE"", ""fuel_name"": ""Gasolina"", ""availability_status_name"": ""Disponible"", ""availability_status_code"": ""1"", ""created_fullname"": ""Juan  Triana"", ""created_dt"": ""2026-03-10T21:46:50.000Z"", ""deleted_flag"": ""0"", ""owner_branch_code"": ""Autocor Guayaquil"", ""saving_plan_group"": ""SUV"", ""saving_plan_order"": ""MANUAL "", ""integration_reference_code"": ""A2DC71E0-0746-4775-AF3D-F282DB502C5F"", ""version"": ""PRO A1X AC 1.5 5P 4X2 TM"", ""purchase_price"": 13040}"
47,autocor,2026-03-16T17:52:00Z,PDR2951,TOYOTA,FORTUNER,2021,43600,64700,Autocor Cumbaya,Automática,,,4X4,,,,,2026-03-16T17:52:00Z,CAFE,2.7,74AC57B9-4A9F-46F9-989A-94C54EAA382F,https://cdn.pilotsolution.net/crm/stock/autocor/14335/14335_281981_desktop.jpeg,"{""id_record"": 47, ""id"": ""74AC57B9-4A9F-46F9-989A-94C54EAA382F"", ""media"": ""https://cdn.pilotsolution.net/crm/stock/autocor/14335/14335_281981_desktop.jpeg"", ""brand"": ""TOYOTA"", ""model"": ""FORTUNER"", ""prices"": 43600, ""year"": 2021, ""owner"": 0, ""home"": 0, ""odometer"": 64700, ""type"": ""SUV"", ""location"": ""Autocor Cumbaya"", ""business_channel"": ""2700"", ""processedAt"": ""2026-03-16T17:00:28.096Z"", ""color"": ""CAFE"", ""accesories"": ""4X4"", ""license_plate"": ""PDR2951"", ""received_flag"": ""1"", ""days_in_stock"": ""6"", ""published_in_web"": ""1"", ""engine_number"": ""010-001-000001054"", ""reserved_by_user_email"": """", ""reserved_by_user_name"": """", ""reserved_dt"": null, ""expiration_dt"": null, ""opportunity_sale_id"": """", ""factory_invoicing_dt"": ""2026-03-10T00:00:00.000Z"", ""factory_status"": """", ""status_name"": ""DISPONIBLE"", ""fuel_name"": ""Gasolina"", ""availability_status_name"": ""Disponible"", ""availability_status_code"": ""1"", ""created_fullname"": ""MATEO MONGE"", ""created_dt"": ""2026-03-10T16:58:19.000Z"", ""deleted_flag"": ""0"", ""owner_branch_code"": ""Autocor Cumbaya"", ""saving_plan_group"": ""SUV"", ""saving_plan_order"": ""AUTOMATICA"", ""integration_reference_code"": ""FD26B4C0-42C9-4DAE-AD5B-16FF1C670D5D"", ""version"": ""AC 2.7 5P 4X4 TA"", ""purchase_price"": 37000}"
48,autocor,2026-03-16T17:52:00Z,PDO9872,RENAULT,DUSTER,2023,16900,104488,Autocor El Recreo,Manual,,,4X2,,,,,2026-03-16T17:52:00Z,BLANCO,1.6,C5CB4310-BF4B-40C9-A944-40871F97FEEE,https://cdn.pilotsolution.net/crm/stock/autocor/14333/14333_281782_desktop.jpeg,"{""id_record"": 48, ""id"": ""C5CB4310-BF4B-40C9-A944-40871F97FEEE"", ""media"": ""https://cdn.pilotsolution.net/crm/stock/autocor/14333/14333_281782_desktop.jpeg"", ""brand"": ""RENAULT"", ""model"": ""DUSTER"", ""prices"": 16900, ""year"": 2023, ""owner"": 1, ""home"": 0, ""odometer"": 104488, ""type"": ""SUV"", ""location"": ""Autocor El Recreo"", ""business_channel"": ""1600"", ""processedAt"": ""2026-03-16T17:00:28.096Z"", ""color"": ""BLANCO"", ""accesories"": ""4X2"", ""license_plate"": ""PDO9872"", ""received_flag"": ""1"", ""days_in_stock"": ""18"", ""published_in_web"": ""1"", ""engine_number"": """", ""reserved_by_user_email"": """", ""reserved_by_user_name"": """", ""reserved_dt"": null, ""expiration_dt"": null, ""opportunity_sale_id"": """", ""factory_invoicing_dt"": ""2026-02-26T00:00:00.000Z"", ""factory_status"": ""SI"", ""status_name"": ""DISPONIBLE"", ""fuel_name"": ""Gasolina"", ""availability_status_name"": ""Disponible"", ""availability_status_code"": ""1"", ""created_fullname"": ""ASISTENTE COMERCIAL SHYRIS"", ""created_dt"": ""2026-03-10T15:40:40.000Z"", ""deleted_flag"": ""0"", ""owner_branch_code"": ""Autocor El Recreo"", ""saving_plan_group"": ""SUV"", ""saving_plan_order"": ""MANUAL"", ""integration_reference_code"": ""DA52CD17-5AB8-4DFD-ADA8-CFFD55597478"", ""version"": ""AC 1.6 5P 4X2 TM"", ""purchase_price"": 13040}"
49,autocor,2026-03-16T17:52:00Z,TBL5026,CHEVROLET,COLORADO,2024,43900,63650,Autocor Shyris,Automática,,,4X4,,,,,2026-03-16T17:52:00Z,PLOMO,2.8,EC1EA31D-4DB3-436C-AEE4-A2188C308A36,https://cdn.pilotsolution.net/crm/stock/autocor/14332/14332_281587_desktop.jpeg,"{""id_record"": 49, ""id"": ""EC1EA31D-4DB3-436C-AEE4-A2188C308A36"", ""media"": ""https://cdn.pilotsolution.net/crm/stock/autocor/14332/14332_281587_desktop.jpeg"", ""brand"": ""CHEVROLET"", ""model"": ""COLORADO"", ""prices"": 43900, ""year"": 2024, ""owner"": 0, ""home"": 0, ""odometer"": 63650, ""type"": ""SUV"", ""location"": ""Autocor Shyris"", ""business_channel"": ""2800"", ""processedAt"": ""2026-03-16T17:00:28.096Z"", ""color"": ""PLOMO"", ""accesories"": ""4X4"", ""license_plate"": ""TBL5026"", ""received_flag"": ""1"", ""days_in_stock"": ""6"", ""published_in_web"": ""1"", ""engine_number"": """", ""reserved_by_user_email"": """", ""reserved_by_user_name"": """", ""reserved_dt"": null, ""expiration_dt"": null, ""opportunity_sale_id"": """", ""factory_invoicing_dt"": ""2026-03-10T00:00:00.000Z"", ""factory_status"": """", ""status_name"": ""DISPONIBLE"", ""fuel_name"": ""Gasolina"", ""availability_status_name"": ""Disponible"", ""availability_status_code"": ""1"", ""created_fullname"": ""Fernando Colimba"", ""created_dt"": ""2026-03-10T15:07:45.000Z"", ""deleted_flag"": ""0"", ""owner_branch_code"": ""Autocor Shyris"", ""saving_plan_group"": ""SUV"", ""saving_plan_order"": ""AUTOMATICA"", ""integration_reference_code"": ""087A7215-624E-4D8F-81F4-16E06B41657A"", ""version"": ""AC 2.8 CD 4X4 TA  Z71"", ""purchase_price"": 37500}"
5,autocor,2026-03-16T17:51:58Z,PDM4727,PEUGEOT,3008 AC 1.6 5P 4X2 TA,2011,11900,120193,Autocor Eloy Alfaro,Automática,,,4X2,,,,,2026-03-16T17:51:58Z,CAFE,1.6,2BE494F9-308D-4762-806D-2D1CFD0EB6BC,https://cdn.pilotsolution.net/crm/stock/autocor/14426/14426_283579_desktop.jpeg,"{""id_record"": 5, ""id"": ""2BE494F9-308D-4762-806D-2D1CFD0EB6BC"", ""media"": ""https://cdn.pilotsolution.net/crm/stock/autocor/14426/14426_283579_desktop.jpeg"", ""brand"": ""PEUGEOT"", ""model"": ""3008 AC 1.6 5P 4X2 TA"", ""prices"": 11900, ""year"": 2011, ""owner"": 0, ""home"": 0, ""odometer"": 120193, ""type"": ""SUV"", ""location"": ""Autocor Eloy Alfaro"", ""business_channel"": ""1600"", ""processedAt"": ""2026-03-16T17:00:28.096Z"", ""color"": ""CAFE"", ""accesories"": ""4X2"", ""license_plate"": ""PDM4727"", ""received_flag"": ""1"", ""days_in_stock"": ""false"", ""published_in_web"": ""1"", ""engine_number"": ""003-001-000005733"", ""reserved_by_user_email"": """", ""reserved_by_user_name"": """", ""reserved_dt"": null, ""expiration_dt"": null, ""opportunity_sale_id"": """", ""factory_invoicing_dt"": null, ""factory_status"": """", ""status_name"": ""DISPONIBLE"", ""fuel_name"": ""Gasolina"", ""availability_status_name"": ""Disponible"", ""availability_status_code"": ""1"", ""created_fullname"": ""ANDRES  FONSECA"", ""created_dt"": ""2026-03-16T14:41:52.000Z"", ""deleted_flag"": ""0"", ""owner_branch_code"": ""Autocor Eloy Alfaro"", ""saving_plan_group"": ""SUV"", ""saving_plan_order"": ""AUTOMATICA"", ""integration_reference_code"": ""A1382486-B0C0-4E74-9D28-7D3E4CDFED68"", ""version"": ""3008 AC 1.6 5P 4X2 TA"", ""purchase_price"": 9500}"
50,autocor,2026-03-16T17:52:00Z,PDO1224,VOLVO,XC40,2020,29900,69900,Autocor Shyris,Automática,,,4X2,,,,,2026-03-16T17:52:00Z,BLANCO,2.0,6A2B87AE-DF00-4AD8-92D3-CB5BBB997191,https://cdn.pilotsolution.net/crm/stock/autocor/14330/14330_281555_desktop.jpeg,"{""id_record"": 50, ""id"": ""6A2B87AE-DF00-4AD8-92D3-CB5BBB997191"", ""media"": ""https://cdn.pilotsolution.net/crm/stock/autocor/14330/14330_281555_desktop.jpeg"", ""brand"": ""VOLVO"", ""model"": ""XC40"", ""prices"": 29900, ""year"": 2020, ""owner"": 0, ""home"": 0, ""odometer"": 69900, ""type"": ""SUV"", ""location"": ""Autocor Shyris"", ""business_channel"": ""2000"", ""processedAt"": ""2026-03-16T17:00:28.096Z"", ""color"": ""BLANCO"", ""accesories"": ""4X2"", ""license_plate"": ""PDO1224"", ""received_flag"": ""1"", ""days_in_stock"": ""6"", ""published_in_web"": ""1"", ""engine_number"": """", ""reserved_by_user_email"": """", ""reserved_by_user_name"": """", ""reserved_dt"": null, ""expiration_dt"": null, ""opportunity_sale_id"": """", ""factory_invoicing_dt"": ""2026-03-10T00:00:00.000Z"", ""factory_status"": """", ""status_name"": ""DISPONIBLE"", ""fuel_name"": ""Gasolina"", ""availability_status_name"": ""Disponible"", ""availability_status_code"": ""1"", ""created_fullname"": ""DANIEL BRITO"", ""created_dt"": ""2026-03-10T13:21:00.000Z"", ""deleted_flag"": ""0"", ""owner_branch_code"": ""Autocor Shyris"", ""saving_plan_group"": ""SUV"", ""saving_plan_order"": ""AUTOMATICA"", ""integration_reference_code"": ""22B7746C-B58D-4D8A-9D08-5E1BBF9263A7"", ""version"": ""AC 2.0 5P 4X2  TA  T4"", ""purchase_price"": 25540}"
51,autocor,2026-03-16T17:52:00Z,PDU6746,CHERY,TIGGO 7,2022,16900,79000,Autocor El Recreo,Automática,,,4X2,,,,,2026-03-16T17:52:00Z,PLATA,1.5,74F1887C-9D18-4701-9334-924A05A3DE11,https://cdn.pilotsolution.net/crm/stock/autocor/14329/14329_281504_desktop.jpeg,"{""id_record"": 51, ""id"": ""74F1887C-9D18-4701-9334-924A05A3DE11"", ""media"": ""https://cdn.pilotsolution.net/crm/stock/autocor/14329/14329_281504_desktop.jpeg"", ""brand"": ""CHERY"", ""model"": ""TIGGO 7"", ""prices"": 16900, ""year"": 2022, ""owner"": 1, ""home"": 0, ""odometer"": 79000, ""type"": ""SUV"", ""location"": ""Autocor El Recreo"", ""business_channel"": ""1500"", ""processedAt"": ""2026-03-16T17:00:28.096Z"", ""color"": ""PLATA"", ""accesories"": ""4X2"", ""license_plate"": ""PDU6746"", ""received_flag"": ""1"", ""days_in_stock"": ""18"", ""published_in_web"": ""1"", ""engine_number"": ""008-001-000001355"", ""reserved_by_user_email"": """", ""reserved_by_user_name"": """", ""reserved_dt"": null, ""expiration_dt"": null, ""opportunity_sale_id"": """", ""factory_invoicing_dt"": ""2026-02-26T00:00:00.000Z"", ""factory_status"": ""SI"", ""status_name"": ""DISPONIBLE"", ""fuel_name"": ""Gasolina"", ""availability_status_name"": ""Disponible"", ""availability_status_code"": ""1"", ""created_fullname"": ""ASISTENTE COMERCIAL SHYRIS"", ""created_dt"": ""2026-03-09T22:55:06.000Z"", ""deleted_flag"": ""0"", ""owner_branch_code"": ""Autocor El Recreo"", ""saving_plan_group"": ""SUV"", ""saving_plan_order"": ""AUTOMATICA"", ""integration_reference_code"": ""15BF5862-237F-4A91-8BA9-3BC59A48E469"", ""version"": ""PTURBO PLUS AC 1.5MH 5P 4X2 TA"", ""purchase_price"": 14240}"
52,autocor,2026-03-16T17:52:00Z,GSZ8079,SUZUKI,GRAND VITARA,2019,15900,127070,Autocor Guayaquil,Automática,,,4X2,,,,,2026-03-16T17:52:00Z,PLATEADO,ND,8EE6C3DB-E47D-4D8B-8A41-191D83E95DC5,https://cdn.pilotsolution.net/crm/stock/autocor/14328/14328_282636_desktop.jpeg,"{""id_record"": 52, ""id"": ""8EE6C3DB-E47D-4D8B-8A41-191D83E95DC5"", ""media"": ""https://cdn.pilotsolution.net/crm/stock/autocor/14328/14328_282636_desktop.jpeg"", ""brand"": ""SUZUKI"", ""model"": ""GRAND VITARA"", ""prices"": 15900, ""year"": 2019, ""owner"": 0, ""home"": 0, ""odometer"": 127070, ""type"": ""SUV"", ""location"": ""Autocor Guayaquil"", ""business_channel"": ""2400"", ""processedAt"": ""2026-03-16T17:00:28.096Z"", ""color"": ""PLATEADO"", ""accesories"": ""4X2"", ""license_plate"": ""GSZ8079"", ""received_flag"": ""1"", ""days_in_stock"": ""16"", ""published_in_web"": ""1"", ""engine_number"": """", ""reserved_by_user_email"": """", ""reserved_by_user_name"": """", ""reserved_dt"": null, ""expiration_dt"": null, ""opportunity_sale_id"": """", ""factory_invoicing_dt"": ""2026-02-28T00:00:00.000Z"", ""factory_status"": ""NO"", ""status_name"": ""DISPONIBLE"", ""fuel_name"": ""Gasolina"", ""availability_status_name"": ""Disponible"", ""availability_status_code"": ""1"", ""created_fullname"": ""VENTAS  GUAYAQUIL"", ""created_dt"": ""2026-03-09T22:21:42.000Z"", ""deleted_flag"": ""0"", ""owner_branch_code"": ""Autocor Guayaquil"", ""saving_plan_group"": ""SUV"", ""saving_plan_order"": ""AUTOMATICA"", ""integration_reference_code"": ""F2C60D27-A708-4ED9-8EF1-AF55DA6083F5"", ""version"": ""SZ NEXT SPORT AC"", ""purchase_price"": 11500}"
53,autocor,2026-03-16T17:52:00Z,PDX8115,TOYOTA,COROLLA,2023,28900,47000,Autocor Cumbaya,Automática,,,4X2,,,,,2026-03-16T17:52:00Z,NEGRO,1.8,9C5E0804-C9F6-43AB-9495-CEB26010F4F3,https://cdn.pilotsolution.net/crm/stock/autocor/14327/14327_281517_desktop.jpeg,"{""id_record"": 53, ""id"": ""9C5E0804-C9F6-43AB-9495-CEB26010F4F3"", ""media"": ""https://cdn.pilotsolution.net/crm/stock/autocor/14327/14327_281517_desktop.jpeg"", ""brand"": ""TOYOTA"", ""model"": ""COROLLA"", ""prices"": 28900, ""year"": 2023, ""owner"": 0, ""home"": 0, ""odometer"": 47000, ""type"": ""SUV"", ""location"": ""Autocor Cumbaya"", ""business_channel"": ""1800"", ""processedAt"": ""2026-03-16T17:00:28.096Z"", ""color"": ""NEGRO"", ""accesories"": ""4X2"", ""license_plate"": ""PDX8115"", ""received_flag"": ""1"", ""days_in_stock"": ""6"", ""published_in_web"": ""1"", ""engine_number"": """", ""reserved_by_user_email"": """", ""reserved_by_user_name"": """", ""reserved_dt"": null, ""expiration_dt"": null, ""opportunity_sale_id"": """", ""factory_invoicing_dt"": ""2026-03-10T00:00:00.000Z"", ""factory_status"": """", ""status_name"": ""DISPONIBLE"", ""fuel_name"": ""Hibrido "", ""availability_status_name"": ""Disponible"", ""availability_status_code"": ""1"", ""created_fullname"": ""Ventas  Cumbaya "", ""created_dt"": ""2026-03-09T22:09:37.000Z"", ""deleted_flag"": ""0"", ""owner_branch_code"": ""Autocor Cumbaya"", ""saving_plan_group"": ""SUV"", ""saving_plan_order"": ""AUTOMATICA"", ""integration_reference_code"": ""D3C5831B-BB1E-48C8-8C37-35E5A34BF848"", ""version"": ""AC 1.8 5P 4X2  CROSS MID"", ""purchase_price"": 24000}"
54,autocor,2026-03-16T17:52:00Z,GSR8518,NISSAN,ROGUE,2016,13600,195000,Autocor Guayaquil,Automática,,,4X2,,,,,2026-03-16T17:52:00Z,PLOMO,2.5,6ACA2A90-22BC-42F8-99D8-190B4461E49A,https://cdn.pilotsolution.net/crm/stock/autocor/14326/14326_281637_desktop.jpeg,"{""id_record"": 54, ""id"": ""6ACA2A90-22BC-42F8-99D8-190B4461E49A"", ""media"": ""https://cdn.pilotsolution.net/crm/stock/autocor/14326/14326_281637_desktop.jpeg"", ""brand"": ""NISSAN"", ""model"": ""ROGUE"", ""prices"": 13600, ""year"": 2016, ""owner"": 0, ""home"": 0, ""odometer"": 195000, ""type"": ""SUV"", ""location"": ""Autocor Guayaquil"", ""business_channel"": ""2500"", ""processedAt"": ""2026-03-16T17:00:28.096Z"", ""color"": ""PLOMO"", ""accesories"": ""4X2"", ""license_plate"": ""GSR8518"", ""received_flag"": ""1"", ""days_in_stock"": ""10"", ""published_in_web"": ""1"", ""engine_number"": """", ""reserved_by_user_email"": """", ""reserved_by_user_name"": """", ""reserved_dt"": null, ""expiration_dt"": null, ""opportunity_sale_id"": """", ""factory_invoicing_dt"": ""2026-03-06T00:00:00.000Z"", ""factory_status"": """", ""status_name"": ""DISPONIBLE"", ""fuel_name"": ""Gasolina"", ""availability_status_name"": ""Disponible"", ""availability_status_code"": ""1"", ""created_fullname"": ""VENTAS  GUAYAQUIL"", ""created_dt"": ""2026-03-09T21:29:59.000Z"", ""deleted_flag"": ""0"", ""owner_branch_code"": ""Autocor Guayaquil"", ""saving_plan_group"": ""SUV"", ""saving_plan_order"": ""AUTOMATICA"", ""integration_reference_code"": ""5F1F5A54-E0B5-485A-9319-DA1C673A1580"", ""version"": ""AC 2.5 5P 4X2 TA"", ""purchase_price"": 10000}"
55,autocor,2026-03-16T17:52:00Z,GSC9746,MAZDA,BT-50,2012,16600,269852,Autocor Guayaquil,Manual,,,4X4,,,,,2026-03-16T17:52:00Z,PLOMO,2.5,C30BB3D6-BF04-4B93-87D8-49318E250EB0,https://cdn.pilotsolution.net/crm/stock/autocor/14325/14325_281665_desktop.jpeg,"{""id_record"": 55, ""id"": ""C30BB3D6-BF04-4B93-87D8-49318E250EB0"", ""media"": ""https://cdn.pilotsolution.net/crm/stock/autocor/14325/14325_281665_desktop.jpeg"", ""brand"": ""MAZDA"", ""model"": ""BT-50"", ""prices"": 16600, ""year"": 2012, ""owner"": 0, ""home"": 0, ""odometer"": 269852, ""type"": ""CAMIONETA"", ""location"": ""Autocor Guayaquil"", ""business_channel"": ""2500"", ""processedAt"": ""2026-03-16T17:00:28.096Z"", ""color"": ""PLOMO"", ""accesories"": ""4X4"", ""license_plate"": ""GSC9746"", ""received_flag"": ""1"", ""days_in_stock"": ""7"", ""published_in_web"": ""1"", ""engine_number"": """", ""reserved_by_user_email"": """", ""reserved_by_user_name"": """", ""reserved_dt"": null, ""expiration_dt"": null, ""opportunity_sale_id"": """", ""factory_invoicing_dt"": ""2026-03-09T00:00:00.000Z"", ""factory_status"": """", ""status_name"": ""DISPONIBLE"", ""fuel_name"": ""Diesel"", ""availability_status_name"": ""Disponible"", ""availability_status_code"": ""1"", ""created_fullname"": ""VENTAS  GUAYAQUIL"", ""created_dt"": ""2026-03-09T21:11:06.000Z"", ""deleted_flag"": ""0"", ""owner_branch_code"": ""Autocor Guayaquil"", ""saving_plan_group"": ""CAMIONETA"", ""saving_plan_order"": ""MANUAL"", ""integration_reference_code"": ""C3A74BB2-79C8-4794-9601-B517E9AA3899"", ""version"": ""CD 4X4 STD CRD 2.5 FL"", ""purchase_price"": 13040}"
56,autocor,2026-03-16T17:52:00Z,GTK2813,TOYOTA,COROLLA,2023,26400,58000,Autocor Guayaquil,Automática,,,4X2,,,,,2026-03-16T17:52:00Z,ROJO,1.8,AAC38847-6ED8-4D7D-AFA2-31ED8F97254B,https://cdn.pilotsolution.net/crm/stock/autocor/14323/14323_281311_desktop.jpeg,"{""id_record"": 56, ""id"": ""AAC38847-6ED8-4D7D-AFA2-31ED8F97254B"", ""media"": ""https://cdn.pilotsolution.net/crm/stock/autocor/14323/14323_281311_desktop.jpeg"", ""brand"": ""TOYOTA"", ""model"": ""COROLLA"", ""prices"": 26400, ""year"": 2023, ""owner"": 0, ""home"": 1, ""odometer"": 58000, ""type"": ""SUV"", ""location"": ""Autocor Guayaquil"", ""business_channel"": ""1800"", ""processedAt"": ""2026-03-16T17:00:28.096Z"", ""color"": ""ROJO "", ""accesories"": ""4X2\n"", ""license_plate"": ""GTK2813"", ""received_flag"": ""1"", ""days_in_stock"": ""17"", ""published_in_web"": ""1"", ""engine_number"": """", ""reserved_by_user_email"": """", ""reserved_by_user_name"": """", ""reserved_dt"": null, ""expiration_dt"": null, ""opportunity_sale_id"": """", ""factory_invoicing_dt"": ""2026-02-27T00:00:00.000Z"", ""factory_status"": ""NO"", ""status_name"": ""DISPONIBLE"", ""fuel_name"": ""Hibrido "", ""availability_status_name"": ""Disponible"", ""availability_status_code"": ""1"", ""created_fullname"": ""Juan  Triana"", ""created_dt"": ""2026-03-09T19:13:02.000Z"", ""deleted_flag"": ""0"", ""owner_branch_code"": ""Autocor Guayaquil"", ""saving_plan_group"": ""SUV"", ""saving_plan_order"": ""AUTOMATICA"", ""integration_reference_code"": ""B579019C-D8D1-408E-BBF3-E79590FD79D0"", ""version"": ""CROSS HIGH AC 1.8 5P 4X2"", ""purchase_price"": 23740}"
57,autocor,2026-03-16T17:52:00Z,PDX1293,SHINERAY,G01,2023,15400,80000,Autocor El Recreo,Manual,,,4X2,,,,,2026-03-16T17:52:00Z,PLOMO,1.5,E65EE29C-1699-4B0D-AF7C-3CA86813BD67,https://cdn.pilotsolution.net/crm/stock/autocor/14322/14322_281340_desktop.jpeg,"{""id_record"": 57, ""id"": ""E65EE29C-1699-4B0D-AF7C-3CA86813BD67"", ""media"": ""https://cdn.pilotsolution.net/crm/stock/autocor/14322/14322_281340_desktop.jpeg"", ""brand"": ""SHINERAY"", ""model"": ""G01"", ""prices"": 15400, ""year"": 2023, ""owner"": 0, ""home"": 0, ""odometer"": 80000, ""type"": ""SUV"", ""location"": ""Autocor El Recreo"", ""business_channel"": ""1500"", ""processedAt"": ""2026-03-16T17:00:28.096Z"", ""color"": ""PLOMO"", ""accesories"": ""4X2"", ""license_plate"": ""PDX1293"", ""received_flag"": ""1"", ""days_in_stock"": ""false"", ""published_in_web"": ""1"", ""engine_number"": """", ""reserved_by_user_email"": """", ""reserved_by_user_name"": """", ""reserved_dt"": null, ""expiration_dt"": null, ""opportunity_sale_id"": """", ""factory_invoicing_dt"": null, ""factory_status"": """", ""status_name"": ""DISPONIBLE"", ""fuel_name"": ""Gasolina"", ""availability_status_name"": ""Disponible"", ""availability_status_code"": ""1"", ""created_fullname"": ""VENTAS RECREO"", ""created_dt"": ""2026-03-09T18:30:09.000Z"", ""deleted_flag"": ""0"", ""owner_branch_code"": ""Autocor El Recreo"", ""saving_plan_group"": ""SUV"", ""saving_plan_order"": ""MANUAL"", ""integration_reference_code"": ""1F5E5838-BBB1-46AB-85CB-819A57F45EEE"", ""version"": ""AC 1.5 5P 4X2 TM"", ""purchase_price"": 13000}"
58,autocor,2026-03-16T17:52:00Z,GTF4013,CHEVROLET,BEAT,2020,11900,104418,Autocor Guayaquil,Manual,,,4X2,,,,,2026-03-16T17:52:00Z,PLATEADO,1.2,40857261-7E0C-4AB4-A416-1FDCAC8F591C,https://cdn.pilotsolution.net/crm/stock/autocor/14320/14320_281616_desktop.jpeg,"{""id_record"": 58, ""id"": ""40857261-7E0C-4AB4-A416-1FDCAC8F591C"", ""media"": ""https://cdn.pilotsolution.net/crm/stock/autocor/14320/14320_281616_desktop.jpeg"", ""brand"": ""CHEVROLET"", ""model"": ""BEAT"", ""prices"": 11900, ""year"": 2020, ""owner"": 0, ""home"": 0, ""odometer"": 104418, ""type"": ""HATCHBACK"", ""location"": ""Autocor Guayaquil"", ""business_channel"": ""1200"", ""processedAt"": ""2026-03-16T17:00:28.096Z"", ""color"": ""PLATEADO"", ""accesories"": ""4X2"", ""license_plate"": ""GTF4013"", ""received_flag"": ""1"", ""days_in_stock"": ""16"", ""published_in_web"": ""1"", ""engine_number"": """", ""reserved_by_user_email"": """", ""reserved_by_user_name"": """", ""reserved_dt"": null, ""expiration_dt"": null, ""opportunity_sale_id"": """", ""factory_invoicing_dt"": ""2026-02-28T00:00:00.000Z"", ""factory_status"": """", ""status_name"": ""DISPONIBLE"", ""fuel_name"": ""Gasolina"", ""availability_status_name"": ""Disponible"", ""availability_status_code"": ""1"", ""created_fullname"": ""ERNESTO ORTEGA"", ""created_dt"": ""2026-03-09T17:36:30.000Z"", ""deleted_flag"": ""0"", ""owner_branch_code"": ""Autocor Guayaquil"", ""saving_plan_group"": ""HATCHBACK"", ""saving_plan_order"": ""MANUAL"", ""integration_reference_code"": ""622C15A5-D240-4069-93CD-85DD1EDF5C3A"", ""version"": ""AC 1.2 4P 4X2 TM PREMIER"", ""purchase_price"": 9700}"
59,autocor,2026-03-16T17:52:00Z,GCA5186,KIA,RIO,2019,15900,139000,Autocor Guayaquil,Manual,,,4X2,,,,,2026-03-16T17:52:00Z,PLOMO,1.4,28FA73B1-5C3B-42DD-9AB2-0870E5DB59A7,https://cdn.pilotsolution.net/crm/stock/autocor/14316/14316_281254_desktop.jpeg,"{""id_record"": 59, ""id"": ""28FA73B1-5C3B-42DD-9AB2-0870E5DB59A7"", ""media"": ""https://cdn.pilotsolution.net/crm/stock/autocor/14316/14316_281254_desktop.jpeg"", ""brand"": ""KIA"", ""model"": ""RIO"", ""prices"": 15900, ""year"": 2019, ""owner"": 0, ""home"": 0, ""odometer"": 139000, ""type"": ""HATCHBACK"", ""location"": ""Autocor Guayaquil"", ""business_channel"": ""1400"", ""processedAt"": ""2026-03-16T17:00:28.096Z"", ""color"": ""PLOMO"", ""accesories"": ""4X2"", ""license_plate"": ""GCA5186"", ""received_flag"": ""1"", ""days_in_stock"": ""10"", ""published_in_web"": ""1"", ""engine_number"": """", ""reserved_by_user_email"": """", ""reserved_by_user_name"": """", ""reserved_dt"": null, ""expiration_dt"": null, ""opportunity_sale_id"": """", ""factory_invoicing_dt"": ""2026-03-06T00:00:00.000Z"", ""factory_status"": """", ""status_name"": ""DISPONIBLE"", ""fuel_name"": ""Gasolina"", ""availability_status_name"": ""Disponible"", ""availability_status_code"": ""1"", ""created_fullname"": ""VENTAS  GUAYAQUIL"", ""created_dt"": ""2026-03-09T16:50:33.000Z"", ""deleted_flag"": ""0"", ""owner_branch_code"": ""Autocor Guayaquil"", ""saving_plan_group"": ""HATCHBACK"", ""saving_plan_order"": ""MANUAL"", ""integration_reference_code"": ""6B2B03E9-ECAA-4A96-AE5E-D4A4441A3AA6"", ""version"": ""LX AC 1.4 5P 4X2 TM"", ""purchase_price"": 13500}"
6,autocor,2026-03-16T17:51:58Z,PFH2365,FORD,TERRITORY,2023,0,25000,No disponible,Automática,,,ND,,,,,2026-03-16T17:51:58Z,AZUL,1.5,1FDE9206-64AD-4977-9BCF-F0411F3E4C60,,"{""id_record"": 6, ""id"": ""1FDE9206-64AD-4977-9BCF-F0411F3E4C60"", ""media"": null, ""brand"": ""FORD"", ""model"": ""TERRITORY"", ""prices"": 0, ""year"": 2023, ""owner"": 0, ""home"": 0, ""odometer"": 25000, ""type"": """", ""location"": ""No disponible"", ""business_channel"": ""Usados"", ""processedAt"": ""2026-03-16T17:00:28.096Z"", ""color"": ""AZUL"", ""accesories"": """", ""license_plate"": ""PFH2365"", ""received_flag"": ""0"", ""days_in_stock"": ""0"", ""published_in_web"": ""0"", ""engine_number"": """", ""reserved_by_user_email"": """", ""reserved_by_user_name"": """", ""reserved_dt"": null, ""expiration_dt"": null, ""opportunity_sale_id"": """", ""factory_invoicing_dt"": null, ""factory_status"": """", ""status_name"": """", ""fuel_name"": """", ""availability_status_name"": ""Disponible"", ""availability_status_code"": ""1"", ""created_fullname"": ""Fernando Colimba"", ""created_dt"": ""2026-03-16T14:37:20.000Z"", ""deleted_flag"": ""0"", ""owner_branch_code"": """", ""saving_plan_group"": """", ""saving_plan_order"": """", ""integration_reference_code"": ""9850150A-85FE-4CF7-9EB7-1409126773E6"", ""version"": ""TREND AC 1.5 5P 4X2 TA"", ""purchase_price"": 21000}"
60,autocor,2026-03-16T17:52:00Z,PDF7446,GREAT WALL,WINGLE,2019,15900,91000,Autocor La Prensa,Manual,,,4X2,,,,,2026-03-16T17:52:00Z,ROJO,2.2,25959EDA-05B8-48D4-A9AE-72EDCA2020AB,https://cdn.pilotsolution.net/crm/stock/autocor/14314/14314_281063_desktop.jpeg,"{""id_record"": 60, ""id"": ""25959EDA-05B8-48D4-A9AE-72EDCA2020AB"", ""media"": ""https://cdn.pilotsolution.net/crm/stock/autocor/14314/14314_281063_desktop.jpeg"", ""brand"": ""GREAT WALL"", ""model"": ""WINGLE"", ""prices"": 15900, ""year"": 2019, ""owner"": 0, ""home"": 0, ""odometer"": 91000, ""type"": ""CAMIONETA"", ""location"": ""Autocor La Prensa"", ""business_channel"": ""2200"", ""processedAt"": ""2026-03-16T17:00:28.096Z"", ""color"": ""ROJO"", ""accesories"": ""4X2"", ""license_plate"": ""PDF7446"", ""received_flag"": ""1"", ""days_in_stock"": ""9"", ""published_in_web"": ""1"", ""engine_number"": """", ""reserved_by_user_email"": """", ""reserved_by_user_name"": """", ""reserved_dt"": null, ""expiration_dt"": null, ""opportunity_sale_id"": """", ""factory_invoicing_dt"": ""2026-03-07T00:00:00.000Z"", ""factory_status"": """", ""status_name"": ""DISPONIBLE"", ""fuel_name"": ""Gasolina"", ""availability_status_name"": ""Disponible"", ""availability_status_code"": ""1"", ""created_fullname"": ""VENTAS LA PRENSA"", ""created_dt"": ""2026-03-09T16:11:25.000Z"", ""deleted_flag"": ""0"", ""owner_branch_code"": ""Autocor La Prensa"", ""saving_plan_group"": ""CAMIONETA"", ""saving_plan_order"": ""MANUAL"", ""integration_reference_code"": ""7A0E6CFE-A752-4EF3-8C8D-3B7C84CF387F"", ""version"": ""5 AC 2.2 CD 4X2 TM"", ""purchase_price"": 13200}"
61,autocor,2026-03-16T17:52:00Z,PFI6150,CHEVROLET,TRAILBLAZER,2024,49900,22000,Autocor Cumbaya,Automática,,,4X4,,,,,2026-03-16T17:52:00Z,BLANCO,2.8,DC8F2513-6FED-4225-AE18-E2699C59BDC2,https://cdn.pilotsolution.net/crm/stock/autocor/14313/14313_281004_desktop.jpeg,"{""id_record"": 61, ""id"": ""DC8F2513-6FED-4225-AE18-E2699C59BDC2"", ""media"": ""https://cdn.pilotsolution.net/crm/stock/autocor/14313/14313_281004_desktop.jpeg"", ""brand"": ""CHEVROLET"", ""model"": ""TRAILBLAZER"", ""prices"": 49900, ""year"": 2024, ""owner"": 0, ""home"": 0, ""odometer"": 22000, ""type"": ""SUV"", ""location"": ""Autocor Cumbaya"", ""business_channel"": ""2800"", ""processedAt"": ""2026-03-16T17:00:28.096Z"", ""color"": ""BLANCO"", ""accesories"": ""4X4"", ""license_plate"": ""PFI6150"", ""received_flag"": ""1"", ""days_in_stock"": ""7"", ""published_in_web"": ""1"", ""engine_number"": ""010-001-000001044"", ""reserved_by_user_email"": """", ""reserved_by_user_name"": """", ""reserved_dt"": null, ""expiration_dt"": null, ""opportunity_sale_id"": """", ""factory_invoicing_dt"": ""2026-03-09T00:00:00.000Z"", ""factory_status"": """", ""status_name"": ""DISPONIBLE"", ""fuel_name"": ""Diesel"", ""availability_status_name"": ""Disponible"", ""availability_status_code"": ""1"", ""created_fullname"": ""Ventas  Cumbaya "", ""created_dt"": ""2026-03-09T16:05:57.000Z"", ""deleted_flag"": ""0"", ""owner_branch_code"": ""Autocor Cumbaya"", ""saving_plan_group"": ""SUV"", ""saving_plan_order"": ""AUTOMATICA"", ""integration_reference_code"": ""A5AED5F8-8FA2-4C1F-94D8-A28B0172450F"", ""version"": ""AC 2.8 5P 4X4 PREMIER"", ""purchase_price"": 42000}"
62,autocor,2026-03-16T17:52:00Z,PDS1391,CHEVROLET,CAPTIVA,2021,16900,62500,Autocor Av. Orellana,Manual,,,4X2,,,,,2026-03-16T17:52:00Z,BLANCO,1.5,8425C60A-5AB6-48D7-8F45-E0B3E520CE87,https://cdn.pilotsolution.net/crm/stock/autocor/14312/14312_281036_desktop.jpeg,"{""id_record"": 62, ""id"": ""8425C60A-5AB6-48D7-8F45-E0B3E520CE87"", ""media"": ""https://cdn.pilotsolution.net/crm/stock/autocor/14312/14312_281036_desktop.jpeg"", ""brand"": ""CHEVROLET"", ""model"": ""CAPTIVA"", ""prices"": 16900, ""year"": 2021, ""owner"": 0, ""home"": 0, ""odometer"": 62500, ""type"": ""SUV"", ""location"": ""Autocor Av. Orellana"", ""business_channel"": ""1500"", ""processedAt"": ""2026-03-16T17:00:28.096Z"", ""color"": ""BLANCO"", ""accesories"": ""4X2"", ""license_plate"": ""PDS1391"", ""received_flag"": ""1"", ""days_in_stock"": ""12"", ""published_in_web"": ""1"", ""engine_number"": """", ""reserved_by_user_email"": """", ""reserved_by_user_name"": """", ""reserved_dt"": null, ""expiration_dt"": null, ""opportunity_sale_id"": """", ""factory_invoicing_dt"": ""2026-03-04T00:00:00.000Z"", ""factory_status"": """", ""status_name"": ""DISPONIBLE"", ""fuel_name"": ""Gasolina"", ""availability_status_name"": ""Disponible"", ""availability_status_code"": ""1"", ""created_fullname"": ""ASISTENTE COMERCIAL ORELLANA"", ""created_dt"": ""2026-03-09T16:02:41.000Z"", ""deleted_flag"": ""0"", ""owner_branch_code"": ""Autocor Av. Orellana"", ""saving_plan_group"": ""SUV"", ""saving_plan_order"": ""MANUAL"", ""integration_reference_code"": ""5A0C8475-331D-42EC-9DF3-332FB4D95C21"", ""version"": ""LT TURBO 5PAS AC 1.5 5P"", ""purchase_price"": 14000}"
63,autocor,2026-03-16T17:52:00Z,PCM2619,VOLKSWAGEN,PASSAT,2014,14400,167000,Autocor La Prensa,Automática,,,4X2,,,,,2026-03-16T17:52:00Z,PLOMO,1.8,E61B81F6-349F-4399-A3D8-BC56BC6BB780,https://cdn.pilotsolution.net/crm/stock/autocor/14311/14311_280928_desktop.jpeg,"{""id_record"": 63, ""id"": ""E61B81F6-349F-4399-A3D8-BC56BC6BB780"", ""media"": ""https://cdn.pilotsolution.net/crm/stock/autocor/14311/14311_280928_desktop.jpeg"", ""brand"": ""VOLKSWAGEN"", ""model"": ""PASSAT"", ""prices"": 14400, ""year"": 2014, ""owner"": 0, ""home"": 0, ""odometer"": 167000, ""type"": ""SEDAN"", ""location"": ""Autocor La Prensa"", ""business_channel"": ""1800"", ""processedAt"": ""2026-03-16T17:00:28.096Z"", ""color"": ""PLOMO"", ""accesories"": ""4X2"", ""license_plate"": ""PCM2619"", ""received_flag"": ""1"", ""days_in_stock"": ""9"", ""published_in_web"": ""1"", ""engine_number"": """", ""reserved_by_user_email"": """", ""reserved_by_user_name"": """", ""reserved_dt"": null, ""expiration_dt"": null, ""opportunity_sale_id"": """", ""factory_invoicing_dt"": ""2026-03-07T00:00:00.000Z"", ""factory_status"": """", ""status_name"": ""DISPONIBLE"", ""fuel_name"": ""Gasolina"", ""availability_status_name"": ""Disponible"", ""availability_status_code"": ""1"", ""created_fullname"": ""VENTAS LA PRENSA"", ""created_dt"": ""2026-03-09T15:45:57.000Z"", ""deleted_flag"": ""0"", ""owner_branch_code"": ""Autocor La Prensa"", ""saving_plan_group"": ""SEDAN"", ""saving_plan_order"": ""AUTOMATICA"", ""integration_reference_code"": ""505DE3BD-7698-407F-A415-BD7CFD52A42E"", ""version"": ""AC 1.8 5P 4X2 TA"", ""purchase_price"": 10000}"
64,autocor,2026-03-16T17:52:00Z,PPO0407,HYUNDAI,TERRACAN,2006,16900,51000,Autocor Av. Orellana,Manual,,,4X2,,,,,2026-03-16T17:52:00Z,PLATEADO,66.3,7467B534-3E92-4156-9E38-4811EE9569D4,https://cdn.pilotsolution.net/crm/stock/autocor/14309/14309_280731_desktop.jpeg,"{""id_record"": 64, ""id"": ""7467B534-3E92-4156-9E38-4811EE9569D4"", ""media"": ""https://cdn.pilotsolution.net/crm/stock/autocor/14309/14309_280731_desktop.jpeg"", ""brand"": ""HYUNDAI"", ""model"": ""TERRACAN"", ""prices"": 16900, ""year"": 2006, ""owner"": 0, ""home"": 0, ""odometer"": 51000, ""type"": ""SUV"", ""location"": ""Autocor Av. Orellana"", ""business_channel"": ""2500"", ""processedAt"": ""2026-03-16T17:00:28.096Z"", ""color"": ""PLATEADO"", ""accesories"": ""4X2"", ""license_plate"": ""PPO0407"", ""received_flag"": ""1"", ""days_in_stock"": ""8"", ""published_in_web"": ""1"", ""engine_number"": """", ""reserved_by_user_email"": """", ""reserved_by_user_name"": """", ""reserved_dt"": null, ""expiration_dt"": null, ""opportunity_sale_id"": """", ""factory_invoicing_dt"": ""2026-03-08T00:00:00.000Z"", ""factory_status"": """", ""status_name"": ""DISPONIBLE"", ""fuel_name"": ""Gasolina"", ""availability_status_name"": ""Disponible"", ""availability_status_code"": ""1"", ""created_fullname"": ""ASISTENTE COMERCIAL ORELLANA"", ""created_dt"": ""2026-03-09T14:55:09.000Z"", ""deleted_flag"": ""0"", ""owner_branch_code"": ""Autocor Av. Orellana"", ""saving_plan_group"": ""SUV"", ""saving_plan_order"": ""MANUAL"", ""integration_reference_code"": ""58EBF127-BD59-4A23-80D9-5D1DFB69ECB1"", ""version"": ""GAA T/M EFZDW66.3269"", ""purchase_price"": 13140}"
65,autocor,2026-03-16T17:52:00Z,PFB2444,FORD,F150,2022,58900,21500,Autocor Shyris,Automática,,,4X4,,,,,2026-03-16T17:52:00Z,NEGRO,3.5,538FEEFF-531D-4E0B-AE36-AC2E2BF244F3,https://cdn.pilotsolution.net/crm/stock/autocor/14308/14308_280770_desktop.jpeg,"{""id_record"": 65, ""id"": ""538FEEFF-531D-4E0B-AE36-AC2E2BF244F3"", ""media"": ""https://cdn.pilotsolution.net/crm/stock/autocor/14308/14308_280770_desktop.jpeg"", ""brand"": ""FORD"", ""model"": ""F150"", ""prices"": 58900, ""year"": 2022, ""owner"": 0, ""home"": 0, ""odometer"": 21500, ""type"": ""CAMIONETA"", ""location"": ""Autocor Shyris"", ""business_channel"": ""3500"", ""processedAt"": ""2026-03-16T17:00:28.096Z"", ""color"": ""NEGRO"", ""accesories"": ""4X4"", ""license_plate"": ""PFB2444"", ""received_flag"": ""1"", ""days_in_stock"": ""10"", ""published_in_web"": ""1"", ""engine_number"": ""005-001-000004883"", ""reserved_by_user_email"": """", ""reserved_by_user_name"": """", ""reserved_dt"": null, ""expiration_dt"": null, ""opportunity_sale_id"": """", ""factory_invoicing_dt"": ""2026-03-06T00:00:00.000Z"", ""factory_status"": """", ""status_name"": ""DISPONIBLE"", ""fuel_name"": ""Gasolina"", ""availability_status_name"": ""Disponible"", ""availability_status_code"": ""1"", ""created_fullname"": ""Byron Jaramillo"", ""created_dt"": ""2026-03-09T14:53:21.000Z"", ""deleted_flag"": ""0"", ""owner_branch_code"": ""Autocor Shyris"", ""saving_plan_group"": ""CAMIONETA"", ""saving_plan_order"": ""AUTOMATICA"", ""integration_reference_code"": ""D060672A-8A84-4C19-A242-EF9A8E15CB60"", ""version"": ""F150 CC XLT AC 3.5 CD 4X4 TA"", ""purchase_price"": 58900}"
66,autocor,2026-03-16T17:52:00Z,PDN8518,KIA,PICANTO,2020,13900,82000,Autocor Eloy Alfaro,Manual,,,4X2,,,,,2026-03-16T17:52:00Z,ROJO,1.2,4BC8DA4C-A08D-4F25-8BD4-F33143F10B10,https://cdn.pilotsolution.net/crm/stock/autocor/14304/14304_280686_desktop.jpeg,"{""id_record"": 66, ""id"": ""4BC8DA4C-A08D-4F25-8BD4-F33143F10B10"", ""media"": ""https://cdn.pilotsolution.net/crm/stock/autocor/14304/14304_280686_desktop.jpeg"", ""brand"": ""KIA"", ""model"": ""PICANTO"", ""prices"": 13900, ""year"": 2020, ""owner"": 0, ""home"": 0, ""odometer"": 82000, ""type"": ""HATCHBACK"", ""location"": ""Autocor Eloy Alfaro"", ""business_channel"": ""1200"", ""processedAt"": ""2026-03-16T17:00:28.096Z"", ""color"": ""ROJO"", ""accesories"": ""4X2"", ""license_plate"": ""PDN8518"", ""received_flag"": ""1"", ""days_in_stock"": ""8"", ""published_in_web"": ""1"", ""engine_number"": """", ""reserved_by_user_email"": """", ""reserved_by_user_name"": """", ""reserved_dt"": null, ""expiration_dt"": null, ""opportunity_sale_id"": """", ""factory_invoicing_dt"": ""2026-03-08T00:00:00.000Z"", ""factory_status"": """", ""status_name"": ""DISPONIBLE"", ""fuel_name"": ""Gasolina"", ""availability_status_name"": ""Disponible"", ""availability_status_code"": ""1"", ""created_fullname"": ""NIEVES  MARTINEZ JARRIN"", ""created_dt"": ""2026-03-09T14:22:42.000Z"", ""deleted_flag"": ""0"", ""owner_branch_code"": ""Autocor Eloy Alfaro"", ""saving_plan_group"": ""HATCHBACK"", ""saving_plan_order"": ""MANUAL"", ""integration_reference_code"": ""70989F35-EBD6-4F71-9300-E797FAA8523A"", ""version"": ""EX AC 1.2 4P 4X2 TM"", ""purchase_price"": 11500}"
67,autocor,2026-03-16T17:52:00Z,PFP3012,CHEVROLET,D-MAX,2026,28400,29000,Autocor Eloy Alfaro,Manual,,,4X2,,,,,2026-03-16T17:52:00Z,PLOMO,2.0,7330E861-ABEF-4443-80B9-173F3FC0EBEC,https://cdn.pilotsolution.net/crm/stock/autocor/14301/14301_280651_desktop.jpeg,"{""id_record"": 67, ""id"": ""7330E861-ABEF-4443-80B9-173F3FC0EBEC"", ""media"": ""https://cdn.pilotsolution.net/crm/stock/autocor/14301/14301_280651_desktop.jpeg"", ""brand"": ""CHEVROLET"", ""model"": ""D-MAX"", ""prices"": 28400, ""year"": 2026, ""owner"": 0, ""home"": 0, ""odometer"": 29000, ""type"": ""CAMIONETA"", ""location"": ""Autocor Eloy Alfaro"", ""business_channel"": ""2000"", ""processedAt"": ""2026-03-16T17:00:28.096Z"", ""color"": ""PLOMO"", ""accesories"": ""4X2"", ""license_plate"": ""PFP3012"", ""received_flag"": ""1"", ""days_in_stock"": ""8"", ""published_in_web"": ""1"", ""engine_number"": ""003-001-000005729"", ""reserved_by_user_email"": """", ""reserved_by_user_name"": """", ""reserved_dt"": null, ""expiration_dt"": null, ""opportunity_sale_id"": """", ""factory_invoicing_dt"": ""2026-03-08T00:00:00.000Z"", ""factory_status"": """", ""status_name"": ""DISPONIBLE"", ""fuel_name"": ""Diesel"", ""availability_status_name"": ""Disponible"", ""availability_status_code"": ""1"", ""created_fullname"": ""DANIEL  ZARATE"", ""created_dt"": ""2026-03-08T18:07:44.000Z"", ""deleted_flag"": ""0"", ""owner_branch_code"": ""Autocor Eloy Alfaro"", ""saving_plan_group"": ""CAMIONETA"", ""saving_plan_order"": ""MANUAL"", ""integration_reference_code"": ""B433547C-2EFF-4C4D-85E3-CF4BBC9F2DA0"", ""version"": ""HI RIDE CRDI AC 2.0 CD 4X2 TM"", ""purchase_price"": 23100}"
68,autocor,2026-03-16T17:52:00Z,PFB3701,CHANGAN,ALSVIN,2024,13900,25000,Autocor El Recreo,Manual,,,4X2,,,,,2026-03-16T17:52:00Z,AZUL,1.4,0A7DE480-8625-4C58-95DD-52B6856D1D54,https://cdn.pilotsolution.net/crm/stock/autocor/14297/14297_281802_desktop.jpeg,"{""id_record"": 68, ""id"": ""0A7DE480-8625-4C58-95DD-52B6856D1D54"", ""media"": ""https://cdn.pilotsolution.net/crm/stock/autocor/14297/14297_281802_desktop.jpeg"", ""brand"": ""CHANGAN"", ""model"": ""ALSVIN"", ""prices"": 13900, ""year"": 2024, ""owner"": 0, ""home"": 0, ""odometer"": 25000, ""type"": ""SEDAN"", ""location"": ""Autocor El Recreo"", ""business_channel"": ""1400"", ""processedAt"": ""2026-03-16T17:00:28.096Z"", ""color"": ""AZUL"", ""accesories"": ""4X2"", ""license_plate"": ""PFB3701"", ""received_flag"": ""1"", ""days_in_stock"": ""9"", ""published_in_web"": ""1"", ""engine_number"": ""008-001-000001351"", ""reserved_by_user_email"": """", ""reserved_by_user_name"": """", ""reserved_dt"": null, ""expiration_dt"": null, ""opportunity_sale_id"": """", ""factory_invoicing_dt"": ""2026-03-07T00:00:00.000Z"", ""factory_status"": """", ""status_name"": ""DISPONIBLE"", ""fuel_name"": ""Gasolina"", ""availability_status_name"": ""Disponible"", ""availability_status_code"": ""1"", ""created_fullname"": ""IVAN CRIOLLO"", ""created_dt"": ""2026-03-07T19:38:51.000Z"", ""deleted_flag"": ""0"", ""owner_branch_code"": ""Autocor El Recreo"", ""saving_plan_group"": ""SEDAN"", ""saving_plan_order"": ""MANUAL"", ""integration_reference_code"": ""88CA6BA2-9A71-4BF8-9A27-18ABE42E4080"", ""version"": ""COMFORT AC 1.4 4P 4X2 TM"", ""purchase_price"": 11800}"
69,autocor,2026-03-16T17:52:00Z,PDS1958,KIA,SPORTAGE,2020,22900,107000,Autocor El Recreo,Manual,,,ND,,,,,2026-03-16T17:52:00Z,BLANCO,2.0,DBAD603C-CA60-49F8-8FC1-D2F10FD1F9D8,https://cdn.pilotsolution.net/crm/stock/autocor/14294/14294_283667_desktop.jpeg,"{""id_record"": 69, ""id"": ""DBAD603C-CA60-49F8-8FC1-D2F10FD1F9D8"", ""media"": ""https://cdn.pilotsolution.net/crm/stock/autocor/14294/14294_283667_desktop.jpeg"", ""brand"": ""KIA"", ""model"": ""SPORTAGE"", ""prices"": 22900, ""year"": 2020, ""owner"": 0, ""home"": 0, ""odometer"": 107000, ""type"": ""JEEP"", ""location"": ""Autocor El Recreo"", ""business_channel"": ""Usados"", ""processedAt"": ""2026-03-16T17:00:28.096Z"", ""color"": ""BLANCO"", ""accesories"": """", ""license_plate"": ""PDS1958"", ""received_flag"": ""1"", ""days_in_stock"": ""12"", ""published_in_web"": ""1"", ""engine_number"": ""008-001-000001335"", ""reserved_by_user_email"": """", ""reserved_by_user_name"": """", ""reserved_dt"": null, ""expiration_dt"": null, ""opportunity_sale_id"": """", ""factory_invoicing_dt"": ""2026-03-04T00:00:00.000Z"", ""factory_status"": """", ""status_name"": ""DISPONIBLE"", ""fuel_name"": ""Gasolina"", ""availability_status_name"": ""Disponible"", ""availability_status_code"": ""1"", ""created_fullname"": ""IVAN CRIOLLO"", ""created_dt"": ""2026-03-07T19:11:15.000Z"", ""deleted_flag"": ""0"", ""owner_branch_code"": ""Autocor El Recreo"", ""saving_plan_group"": ""JEEP"", ""saving_plan_order"": ""MANUAL"", ""integration_reference_code"": ""32BD0923-425E-4831-AF33-D85E8FC11BDC"", ""version"": ""LX AC 2.0 5P 4X2 TM"", ""purchase_price"": 20040}"
7,autocor,2026-03-16T17:51:58Z,PFG2133,FORD,RANGER XL,2023,38900,84350,Autocor 6 de Diciembre,Manual,,,4X4,,,,,2026-03-16T17:51:58Z,PLATEADO,3.2,CBF0263E-19B1-43E4-B5F6-6A17F9930AD2,https://cdn.pilotsolution.net/crm/stock/autocor/14424/14424_283549_desktop.jpeg,"{""id_record"": 7, ""id"": ""CBF0263E-19B1-43E4-B5F6-6A17F9930AD2"", ""media"": ""https://cdn.pilotsolution.net/crm/stock/autocor/14424/14424_283549_desktop.jpeg"", ""brand"": ""FORD"", ""model"": ""RANGER XL"", ""prices"": 38900, ""year"": 2023, ""owner"": 1, ""home"": 0, ""odometer"": 84350, ""type"": ""DOBLE CABINA"", ""location"": ""Autocor 6 de Diciembre"", ""business_channel"": ""3200"", ""processedAt"": ""2026-03-16T17:00:28.096Z"", ""color"": ""PLATEADO"", ""accesories"": ""4X4"", ""license_plate"": ""PFG2133"", ""received_flag"": ""1"", ""days_in_stock"": ""1"", ""published_in_web"": ""1"", ""engine_number"": ""001-001-000011801"", ""reserved_by_user_email"": """", ""reserved_by_user_name"": """", ""reserved_dt"": null, ""expiration_dt"": null, ""opportunity_sale_id"": """", ""factory_invoicing_dt"": ""2026-03-15T00:00:00.000Z"", ""factory_status"": ""SI"", ""status_name"": ""DISPONIBLE"", ""fuel_name"": ""Diesel"", ""availability_status_name"": ""Disponible"", ""availability_status_code"": ""1"", ""created_fullname"": ""ASISTENTE COMERCIAL 6 DICIEMBRE"", ""created_dt"": ""2026-03-15T18:12:25.000Z"", ""deleted_flag"": ""0"", ""owner_branch_code"": ""Autocor 6 de Diciembre"", ""saving_plan_group"": ""DOBLE CABINA"", ""saving_plan_order"": ""MANUAL"", ""integration_reference_code"": ""2F503A62-F8DB-422A-A017-ABDF51A13A38"", ""version"": ""AC 3.2 CD 4X4 TM"", ""purchase_price"": 28000}"
70,autocor,2026-03-16T17:52:00Z,PFH3699,HYUNDAI,TUCSON,2024,29900,36000,Autocor El Recreo,Manual,,,4X2,,,,,2026-03-16T17:52:00Z,BLANCO,2.0,DE4E0839-F660-4969-8B5C-CCF38D45BDB0,https://cdn.pilotsolution.net/crm/stock/autocor/14293/14293_282901_desktop.jpeg,"{""id_record"": 70, ""id"": ""DE4E0839-F660-4969-8B5C-CCF38D45BDB0"", ""media"": ""https://cdn.pilotsolution.net/crm/stock/autocor/14293/14293_282901_desktop.jpeg"", ""brand"": ""HYUNDAI"", ""model"": ""TUCSON"", ""prices"": 29900, ""year"": 2024, ""owner"": 0, ""home"": 0, ""odometer"": 36000, ""type"": ""JEEP"", ""location"": ""Autocor El Recreo"", ""business_channel"": ""2000"", ""processedAt"": ""2026-03-16T17:00:28.096Z"", ""color"": ""BLANCO"", ""accesories"": ""4X2"", ""license_plate"": ""PFH3699"", ""received_flag"": ""1"", ""days_in_stock"": ""10"", ""published_in_web"": ""1"", ""engine_number"": ""008-001-000001334"", ""reserved_by_user_email"": """", ""reserved_by_user_name"": """", ""reserved_dt"": null, ""expiration_dt"": null, ""opportunity_sale_id"": """", ""factory_invoicing_dt"": ""2026-03-06T00:00:00.000Z"", ""factory_status"": """", ""status_name"": ""DISPONIBLE"", ""fuel_name"": ""Gasolina"", ""availability_status_name"": ""Disponible"", ""availability_status_code"": ""1"", ""created_fullname"": ""IVAN CRIOLLO"", ""created_dt"": ""2026-03-07T19:06:01.000Z"", ""deleted_flag"": ""0"", ""owner_branch_code"": ""Autocor El Recreo"", ""saving_plan_group"": ""JEEP"", ""saving_plan_order"": ""MANUAL"", ""integration_reference_code"": ""D273E9D8-B207-40AF-8C66-7571ACF2E519"", ""version"": ""NX4E GL AC 2.0 5P 4X2 TM"", ""purchase_price"": 27040}"
71,autocor,2026-03-16T17:52:00Z,GTJ4864,TOYOTA,HILUX,2022,31900,270000,Autocor Guayaquil,Manual,,,4X4,,,,,2026-03-16T17:52:00Z,BLANCO,2.7,7A20A2AA-0ACA-4A5E-8649-40C4986FBD6F,https://cdn.pilotsolution.net/crm/stock/autocor/14292/14292_282590_desktop.jpeg,"{""id_record"": 71, ""id"": ""7A20A2AA-0ACA-4A5E-8649-40C4986FBD6F"", ""media"": ""https://cdn.pilotsolution.net/crm/stock/autocor/14292/14292_282590_desktop.jpeg"", ""brand"": ""TOYOTA"", ""model"": ""HILUX"", ""prices"": 31900, ""year"": 2022, ""owner"": 0, ""home"": 0, ""odometer"": 270000, ""type"": ""CAMIONETA"", ""location"": ""Autocor Guayaquil"", ""business_channel"": ""2700"", ""processedAt"": ""2026-03-16T17:00:28.096Z"", ""color"": ""BLANCO"", ""accesories"": ""4X4"", ""license_plate"": ""GTJ4864"", ""received_flag"": ""1"", ""days_in_stock"": ""42"", ""published_in_web"": ""1"", ""engine_number"": """", ""reserved_by_user_email"": """", ""reserved_by_user_name"": """", ""reserved_dt"": null, ""expiration_dt"": null, ""opportunity_sale_id"": """", ""factory_invoicing_dt"": ""2026-02-02T00:00:00.000Z"", ""factory_status"": ""NO"", ""status_name"": ""DISPONIBLE"", ""fuel_name"": ""Gasolina"", ""availability_status_name"": ""Disponible"", ""availability_status_code"": ""1"", ""created_fullname"": ""VENTAS  GUAYAQUIL"", ""created_dt"": ""2026-03-07T18:34:55.000Z"", ""deleted_flag"": ""0"", ""owner_branch_code"": ""Autocor Guayaquil"", ""saving_plan_group"": ""CAMIONETA"", ""saving_plan_order"": ""MANUAL"", ""integration_reference_code"": ""CEA63103-1335-4EE6-8F03-4208441049CE"", ""version"": ""SR 2.7 CD 4X4 TM"", ""purchase_price"": 27040}"
72,autocor,2026-03-16T17:52:00Z,PDR1155,KIA,SPORTAGE,2020,23900,53200,Autocor El Recreo,Automática,,,4X2,,,,,2026-03-16T17:52:00Z,BLANCO,2.0,EF203EF7-3B60-4B7A-8DAB-759B21C4B7BC,https://cdn.pilotsolution.net/crm/stock/autocor/14290/14290_280447_desktop.jpeg,"{""id_record"": 72, ""id"": ""EF203EF7-3B60-4B7A-8DAB-759B21C4B7BC"", ""media"": ""https://cdn.pilotsolution.net/crm/stock/autocor/14290/14290_280447_desktop.jpeg"", ""brand"": ""KIA"", ""model"": ""SPORTAGE"", ""prices"": 23900, ""year"": 2020, ""owner"": 0, ""home"": 0, ""odometer"": 53200, ""type"": ""JEEP"", ""location"": ""Autocor El Recreo"", ""business_channel"": ""2000"", ""processedAt"": ""2026-03-16T17:00:28.096Z"", ""color"": ""BLANCO"", ""accesories"": ""4X2"", ""license_plate"": ""PDR1155"", ""received_flag"": ""1"", ""days_in_stock"": ""false"", ""published_in_web"": ""1"", ""engine_number"": ""008-001-000001352"", ""reserved_by_user_email"": """", ""reserved_by_user_name"": """", ""reserved_dt"": null, ""expiration_dt"": null, ""opportunity_sale_id"": """", ""factory_invoicing_dt"": null, ""factory_status"": """", ""status_name"": ""DISPONIBLE"", ""fuel_name"": ""Gasolina"", ""availability_status_name"": ""Disponible"", ""availability_status_code"": ""1"", ""created_fullname"": ""VENTAS RECREO"", ""created_dt"": ""2026-03-07T17:55:50.000Z"", ""deleted_flag"": ""0"", ""owner_branch_code"": ""Autocor El Recreo"", ""saving_plan_group"": ""JEEP"", ""saving_plan_order"": ""AUTOMATICA"", ""integration_reference_code"": ""8B6F6350-BEE7-4EAE-9B94-96DD77FFB82A"", ""version"": ""LX AC 2.0 5P 4X2 TA"", ""purchase_price"": 21300}"
73,autocor,2026-03-16T17:52:00Z,PCS6266,MAZDA,3,2017,18400,87000,Autocor Cumbaya,Automática,,,4X2,,,,,2026-03-16T17:52:00Z,PLOMO,2.0,45DDD82D-5D19-4271-9587-48894DECB125,https://cdn.pilotsolution.net/crm/stock/autocor/14285/14285_280227_desktop.jpeg,"{""id_record"": 73, ""id"": ""45DDD82D-5D19-4271-9587-48894DECB125"", ""media"": ""https://cdn.pilotsolution.net/crm/stock/autocor/14285/14285_280227_desktop.jpeg"", ""brand"": ""MAZDA"", ""model"": ""3"", ""prices"": 18400, ""year"": 2017, ""owner"": 0, ""home"": 0, ""odometer"": 87000, ""type"": ""SEDAN"", ""location"": ""Autocor Cumbaya"", ""business_channel"": ""2000"", ""processedAt"": ""2026-03-16T17:00:28.096Z"", ""color"": ""PLOMO"", ""accesories"": ""4X2"", ""license_plate"": ""PCS6266"", ""received_flag"": ""1"", ""days_in_stock"": ""9"", ""published_in_web"": ""1"", ""engine_number"": ""010-001-000001004"", ""reserved_by_user_email"": """", ""reserved_by_user_name"": """", ""reserved_dt"": null, ""expiration_dt"": null, ""opportunity_sale_id"": """", ""factory_invoicing_dt"": ""2026-03-07T00:00:00.000Z"", ""factory_status"": """", ""status_name"": ""DISPONIBLE"", ""fuel_name"": ""Gasolina"", ""availability_status_name"": ""Disponible"", ""availability_status_code"": ""1"", ""created_fullname"": ""Ventas  Cumbaya "", ""created_dt"": ""2026-03-07T15:08:01.000Z"", ""deleted_flag"": ""0"", ""owner_branch_code"": ""Autocor Cumbaya"", ""saving_plan_group"": ""SEDAN"", ""saving_plan_order"": ""AUTOMATICA"", ""integration_reference_code"": ""3B5C7798-18C9-4633-B925-60F2E71601CF"", ""version"": ""HATCHBACK AC 2.0"", ""purchase_price"": 13500}"
74,autocor,2026-03-16T17:52:00Z,PDY5796,JETOUR,X70,2023,18400,23450,Autocor Av. Orellana,Manual,,,4X2,,,,,2026-03-16T17:52:00Z,AZUL,1.5,3DC61E34-9103-4A24-9A64-3136ECC53BCC,https://cdn.pilotsolution.net/crm/stock/autocor/14284/14284_280915_desktop.jpeg,"{""id_record"": 74, ""id"": ""3DC61E34-9103-4A24-9A64-3136ECC53BCC"", ""media"": ""https://cdn.pilotsolution.net/crm/stock/autocor/14284/14284_280915_desktop.jpeg"", ""brand"": ""JETOUR"", ""model"": ""X70"", ""prices"": 18400, ""year"": 2023, ""owner"": 0, ""home"": 0, ""odometer"": 23450, ""type"": ""SUV"", ""location"": ""Autocor Av. Orellana"", ""business_channel"": ""1500"", ""processedAt"": ""2026-03-16T17:00:28.096Z"", ""color"": ""AZUL"", ""accesories"": ""4X2"", ""license_plate"": ""PDY5796"", ""received_flag"": ""1"", ""days_in_stock"": ""12"", ""published_in_web"": ""1"", ""engine_number"": ""0004846"", ""reserved_by_user_email"": """", ""reserved_by_user_name"": """", ""reserved_dt"": null, ""expiration_dt"": null, ""opportunity_sale_id"": """", ""factory_invoicing_dt"": ""2026-03-04T00:00:00.000Z"", ""factory_status"": """", ""status_name"": ""DISPONIBLE"", ""fuel_name"": ""Gasolina"", ""availability_status_name"": ""Disponible"", ""availability_status_code"": ""1"", ""created_fullname"": ""Xavier Paez"", ""created_dt"": ""2026-03-07T15:05:14.000Z"", ""deleted_flag"": ""0"", ""owner_branch_code"": ""Autocor Av. Orellana"", ""saving_plan_group"": ""SUV"", ""saving_plan_order"": ""MANUAL"", ""integration_reference_code"": ""5E92FE20-45FD-4E6A-B689-743EED815FB6"", ""version"": ""AC 1.5 5P 4X2 TM"", ""purchase_price"": 15500}"
75,autocor,2026-03-16T17:52:00Z,ABH9889,FORD,EXPEDITION,2019,58900,62300,Autocor Shyris,Automática,,,4X4,,,,,2026-03-16T17:52:00Z,NEGRO,3.5,42C791A2-D613-4497-947C-574B7FBDBF04,https://cdn.pilotsolution.net/crm/stock/autocor/14283/14283_280321_desktop.jpeg,"{""id_record"": 75, ""id"": ""42C791A2-D613-4497-947C-574B7FBDBF04"", ""media"": ""https://cdn.pilotsolution.net/crm/stock/autocor/14283/14283_280321_desktop.jpeg"", ""brand"": ""FORD"", ""model"": ""EXPEDITION"", ""prices"": 58900, ""year"": 2019, ""owner"": 0, ""home"": 0, ""odometer"": 62300, ""type"": ""SUV"", ""location"": ""Autocor Shyris"", ""business_channel"": ""3500"", ""processedAt"": ""2026-03-16T17:00:28.096Z"", ""color"": ""NEGRO"", ""accesories"": ""4X4"", ""license_plate"": ""ABH9889"", ""received_flag"": ""1"", ""days_in_stock"": ""9"", ""published_in_web"": ""1"", ""engine_number"": """", ""reserved_by_user_email"": """", ""reserved_by_user_name"": """", ""reserved_dt"": null, ""expiration_dt"": null, ""opportunity_sale_id"": """", ""factory_invoicing_dt"": ""2026-03-07T00:00:00.000Z"", ""factory_status"": """", ""status_name"": ""DISPONIBLE"", ""fuel_name"": ""Gasolina"", ""availability_status_name"": ""Disponible"", ""availability_status_code"": ""1"", ""created_fullname"": ""ASISTENTE COMERCIAL ELOY ALFARO"", ""created_dt"": ""2026-03-07T14:58:35.000Z"", ""deleted_flag"": ""0"", ""owner_branch_code"": ""Autocor Shyris"", ""saving_plan_group"": ""SUV"", ""saving_plan_order"": ""AUTOMATICA"", ""integration_reference_code"": ""D9513B06-C5DC-4BBC-A0AF-07B1DCFC1C97"", ""version"": ""AC 3.5 5P 4X4 TA"", ""purchase_price"": 50000}"
76,autocor,2026-03-16T17:52:00Z,PDW1757,KIA,SOLUTO,2022,14400,84000,Autocor Eloy Alfaro,Manual,,,4X2,,,,,2026-03-16T17:52:00Z,ROJO,1.4,A78D4471-6982-4AEC-B3BC-EA7CCDD3789A,https://cdn.pilotsolution.net/crm/stock/autocor/14282/14282_280263_desktop.jpeg,"{""id_record"": 76, ""id"": ""A78D4471-6982-4AEC-B3BC-EA7CCDD3789A"", ""media"": ""https://cdn.pilotsolution.net/crm/stock/autocor/14282/14282_280263_desktop.jpeg"", ""brand"": ""KIA"", ""model"": ""SOLUTO"", ""prices"": 14400, ""year"": 2022, ""owner"": 0, ""home"": 0, ""odometer"": 84000, ""type"": ""SEDAN"", ""location"": ""Autocor Eloy Alfaro"", ""business_channel"": ""1400"", ""processedAt"": ""2026-03-16T17:00:28.096Z"", ""color"": ""ROJO"", ""accesories"": ""4X2"", ""license_plate"": ""PDW1757"", ""received_flag"": ""1"", ""days_in_stock"": ""9"", ""published_in_web"": ""1"", ""engine_number"": """", ""reserved_by_user_email"": """", ""reserved_by_user_name"": """", ""reserved_dt"": null, ""expiration_dt"": null, ""opportunity_sale_id"": """", ""factory_invoicing_dt"": ""2026-03-07T00:00:00.000Z"", ""factory_status"": """", ""status_name"": ""DISPONIBLE"", ""fuel_name"": ""Gasolina"", ""availability_status_name"": ""Disponible"", ""availability_status_code"": ""1"", ""created_fullname"": ""MATEO MONGE"", ""created_dt"": ""2026-03-07T14:48:32.000Z"", ""deleted_flag"": ""0"", ""owner_branch_code"": ""Autocor Eloy Alfaro"", ""saving_plan_group"": ""SEDAN"", ""saving_plan_order"": ""MANUAL"", ""integration_reference_code"": ""2E4BC168-EDF8-4832-A910-5C580678A780"", ""version"": ""XCITE AC 1.4 4P 4X2 TM"", ""purchase_price"": 12500}"
77,autocor,2026-03-16T17:52:00Z,PFB2522,GREAT WALL,HAVAL H6,2024,25900,30631,Autocor 6 de Diciembre,Automática,,,4X2,,,,,2026-03-16T17:52:00Z,ROJO,1.5,41BD8826-5A83-4FCF-AE07-3F397745F34F,https://cdn.pilotsolution.net/crm/stock/autocor/14279/14279_280540_desktop.jpeg,"{""id_record"": 77, ""id"": ""41BD8826-5A83-4FCF-AE07-3F397745F34F"", ""media"": ""https://cdn.pilotsolution.net/crm/stock/autocor/14279/14279_280540_desktop.jpeg"", ""brand"": ""GREAT WALL"", ""model"": ""HAVAL H6"", ""prices"": 25900, ""year"": 2024, ""owner"": 0, ""home"": 0, ""odometer"": 30631, ""type"": ""SUV"", ""location"": ""Autocor 6 de Diciembre"", ""business_channel"": ""1500"", ""processedAt"": ""2026-03-16T17:00:28.096Z"", ""color"": ""ROJO"", ""accesories"": ""4X2"", ""license_plate"": ""PFB2522"", ""received_flag"": ""1"", ""days_in_stock"": ""9"", ""published_in_web"": ""1"", ""engine_number"": """", ""reserved_by_user_email"": """", ""reserved_by_user_name"": """", ""reserved_dt"": null, ""expiration_dt"": null, ""opportunity_sale_id"": """", ""factory_invoicing_dt"": ""2026-03-07T00:00:00.000Z"", ""factory_status"": """", ""status_name"": ""DISPONIBLE"", ""fuel_name"": ""Hibrido "", ""availability_status_name"": ""Disponible"", ""availability_status_code"": ""1"", ""created_fullname"": ""ASISTENTE COMERCIAL 6 DICIEMBRE"", ""created_dt"": ""2026-03-06T22:34:59.000Z"", ""deleted_flag"": ""0"", ""owner_branch_code"": ""Autocor 6 de Diciembre"", ""saving_plan_group"": ""SUV"", ""saving_plan_order"": ""AUTOMATICA"", ""integration_reference_code"": ""9916FB83-A425-4C66-AA91-1C66B4A4480A"", ""version"": ""B01 LUXURY AC 1.5 5P 4X2"", ""purchase_price"": 23000}"
78,autocor,2026-03-16T17:52:00Z,GTK6762,CHEVROLET,D-MAX,2023,29400,96540,Autocor Guayaquil,Manual,,,4X2,,,,,2026-03-16T17:52:00Z,PLOMO,2.5,8BBE82CC-FE38-4234-9358-E1D46A8BFBA9,https://cdn.pilotsolution.net/crm/stock/autocor/14277/14277_280174_desktop.jpeg,"{""id_record"": 78, ""id"": ""8BBE82CC-FE38-4234-9358-E1D46A8BFBA9"", ""media"": ""https://cdn.pilotsolution.net/crm/stock/autocor/14277/14277_280174_desktop.jpeg"", ""brand"": ""CHEVROLET"", ""model"": ""D-MAX"", ""prices"": 29400, ""year"": 2023, ""owner"": 0, ""home"": 0, ""odometer"": 96540, ""type"": ""CAMIONETA"", ""location"": ""Autocor Guayaquil"", ""business_channel"": ""2500"", ""processedAt"": ""2026-03-16T17:00:28.096Z"", ""color"": ""PLOMO"", ""accesories"": ""4X2"", ""license_plate"": ""GTK6762"", ""received_flag"": ""1"", ""days_in_stock"": ""16"", ""published_in_web"": ""1"", ""engine_number"": """", ""reserved_by_user_email"": """", ""reserved_by_user_name"": """", ""reserved_dt"": null, ""expiration_dt"": null, ""opportunity_sale_id"": """", ""factory_invoicing_dt"": ""2026-02-28T00:00:00.000Z"", ""factory_status"": """", ""status_name"": ""DISPONIBLE"", ""fuel_name"": ""Diesel"", ""availability_status_name"": ""Disponible"", ""availability_status_code"": ""1"", ""created_fullname"": ""ERNESTO ORTEGA"", ""created_dt"": ""2026-03-06T21:58:42.000Z"", ""deleted_flag"": ""0"", ""owner_branch_code"": ""Autocor Guayaquil"", ""saving_plan_group"": ""CAMIONETA"", ""saving_plan_order"": ""MANUAL"", ""integration_reference_code"": ""47421436-816A-48BF-B4B3-4636DE410121"", ""version"": ""HI RIDE AC 2.5 CD 4X2"", ""purchase_price"": 25500}"
79,autocor,2026-03-16T17:52:00Z,PDY5893,RAM,1500,2022,49900,50000,Autocor Shyris,Automática,,,4X4,,,,,2026-03-16T17:52:00Z,AZUL,3.6,98DF8DB3-151E-4F94-A6B7-3F3CB8F799CD,https://cdn.pilotsolution.net/crm/stock/autocor/14276/14276_280085_desktop.jpeg,"{""id_record"": 79, ""id"": ""98DF8DB3-151E-4F94-A6B7-3F3CB8F799CD"", ""media"": ""https://cdn.pilotsolution.net/crm/stock/autocor/14276/14276_280085_desktop.jpeg"", ""brand"": ""RAM"", ""model"": ""1500"", ""prices"": 49900, ""year"": 2022, ""owner"": 0, ""home"": 1, ""odometer"": 50000, ""type"": ""CAMIONETA"", ""location"": ""Autocor Shyris"", ""business_channel"": ""3600"", ""processedAt"": ""2026-03-16T17:00:28.096Z"", ""color"": ""AZUL"", ""accesories"": ""4X4"", ""license_plate"": ""PDY5893"", ""received_flag"": ""1"", ""days_in_stock"": ""11"", ""published_in_web"": ""1"", ""engine_number"": """", ""reserved_by_user_email"": """", ""reserved_by_user_name"": """", ""reserved_dt"": null, ""expiration_dt"": null, ""opportunity_sale_id"": """", ""factory_invoicing_dt"": ""2026-03-05T00:00:00.000Z"", ""factory_status"": ""NO"", ""status_name"": ""DISPONIBLE"", ""fuel_name"": ""Hibrido "", ""availability_status_name"": ""Disponible"", ""availability_status_code"": ""1"", ""created_fullname"": ""JOHANNA LIZETH RECALDE SARANGO"", ""created_dt"": ""2026-03-06T20:40:01.000Z"", ""deleted_flag"": ""0"", ""owner_branch_code"": ""Autocor Shyris"", ""saving_plan_group"": ""CAMIONETA"", ""saving_plan_order"": ""AUTOMATICA"", ""integration_reference_code"": ""7C97A804-ECC7-4747-AF75-02A681128F1C"", ""version"": ""BIGHORN ETORQUE CREW CAB AC 3.6 CD 4X4 TA HYBRID"", ""purchase_price"": 49900}"
8,autocor,2026-03-16T17:51:58Z,PDJ9975,MAZDA,CX-3,2018,18400,117000,Autocor 6 de Diciembre,Manual,,,4X2,,,,,2026-03-16T17:51:58Z,NEGRO,2.0,B5E1B6B6-71CF-432B-BA5C-71C7C6BEAE2F,https://cdn.pilotsolution.net/crm/stock/autocor/14423/14423_283501_desktop.jpeg,"{""id_record"": 8, ""id"": ""B5E1B6B6-71CF-432B-BA5C-71C7C6BEAE2F"", ""media"": ""https://cdn.pilotsolution.net/crm/stock/autocor/14423/14423_283501_desktop.jpeg"", ""brand"": ""MAZDA"", ""model"": ""CX-3"", ""prices"": 18400, ""year"": 2018, ""owner"": 0, ""home"": 0, ""odometer"": 117000, ""type"": ""SUV"", ""location"": ""Autocor 6 de Diciembre"", ""business_channel"": ""2000"", ""processedAt"": ""2026-03-16T17:00:28.096Z"", ""color"": ""NEGRO"", ""accesories"": ""4X2"", ""license_plate"": ""PDJ9975"", ""received_flag"": ""1"", ""days_in_stock"": ""1"", ""published_in_web"": ""1"", ""engine_number"": ""001-001-000011726"", ""reserved_by_user_email"": """", ""reserved_by_user_name"": """", ""reserved_dt"": null, ""expiration_dt"": null, ""opportunity_sale_id"": """", ""factory_invoicing_dt"": ""2026-03-15T00:00:00.000Z"", ""factory_status"": """", ""status_name"": ""DISPONIBLE"", ""fuel_name"": ""Gasolina"", ""availability_status_name"": ""Disponible"", ""availability_status_code"": ""1"", ""created_fullname"": ""ASISTENTE COMERCIAL 6 DICIEMBRE"", ""created_dt"": ""2026-03-15T15:23:32.000Z"", ""deleted_flag"": ""0"", ""owner_branch_code"": ""Autocor 6 de Diciembre"", ""saving_plan_group"": ""SUV"", ""saving_plan_order"": ""MANUAL"", ""integration_reference_code"": ""64E8245F-6490-45D6-8810-27EED544EC0C"", ""version"": ""AC 2.0 5P 4X2 TM"", ""purchase_price"": 15000}"
80,autocor,2026-03-16T17:52:00Z,PFE3083,JETOUR,X70,2023,18400,37000,Autocor La Prensa,Automática,,,4X2,,,,,2026-03-16T17:52:00Z,AZUL,1.5,ABE0EF8D-D155-440F-B3E6-8E787D46073A,https://cdn.pilotsolution.net/crm/stock/autocor/14275/14275_280871_desktop.jpeg,"{""id_record"": 80, ""id"": ""ABE0EF8D-D155-440F-B3E6-8E787D46073A"", ""media"": ""https://cdn.pilotsolution.net/crm/stock/autocor/14275/14275_280871_desktop.jpeg"", ""brand"": ""JETOUR"", ""model"": ""X70"", ""prices"": 18400, ""year"": 2023, ""owner"": 0, ""home"": 0, ""odometer"": 37000, ""type"": ""SUV"", ""location"": ""Autocor La Prensa"", ""business_channel"": ""1500"", ""processedAt"": ""2026-03-16T17:00:28.096Z"", ""color"": ""AZUL"", ""accesories"": ""4X2"", ""license_plate"": ""PFE3083"", ""received_flag"": ""1"", ""days_in_stock"": ""14"", ""published_in_web"": ""1"", ""engine_number"": ""009-001-000000916"", ""reserved_by_user_email"": """", ""reserved_by_user_name"": """", ""reserved_dt"": null, ""expiration_dt"": null, ""opportunity_sale_id"": """", ""factory_invoicing_dt"": ""2026-03-02T00:00:00.000Z"", ""factory_status"": """", ""status_name"": ""DISPONIBLE"", ""fuel_name"": ""Gasolina"", ""availability_status_name"": ""Disponible"", ""availability_status_code"": ""1"", ""created_fullname"": ""HECTOR  CAICEDO"", ""created_dt"": ""2026-03-06T20:06:50.000Z"", ""deleted_flag"": ""0"", ""owner_branch_code"": ""Autocor La Prensa"", ""saving_plan_group"": ""SUV"", ""saving_plan_order"": ""AUTOMATICA"", ""integration_reference_code"": ""178443B5-4506-4C52-9E3D-ED7B71D4DF81"", ""version"": ""AC 1.5 5P 4X2 TA"", ""purchase_price"": 16000}"
81,autocor,2026-03-16T17:52:00Z,PDU8323,DONGFENG,SX5,2022,15900,9000,Autocor El Recreo,Manual,,,4X2,,,,,2026-03-16T17:52:00Z,NEGRO,2.0,A6C96522-2C7D-416D-BE31-B51F7CA51E53,https://cdn.pilotsolution.net/crm/stock/autocor/14274/14274_280059_desktop.jpeg,"{""id_record"": 81, ""id"": ""A6C96522-2C7D-416D-BE31-B51F7CA51E53"", ""media"": ""https://cdn.pilotsolution.net/crm/stock/autocor/14274/14274_280059_desktop.jpeg"", ""brand"": ""DONGFENG"", ""model"": ""SX5"", ""prices"": 15900, ""year"": 2022, ""owner"": 0, ""home"": 0, ""odometer"": 9000, ""type"": ""JEEP"", ""location"": ""Autocor El Recreo"", ""business_channel"": ""2000"", ""processedAt"": ""2026-03-16T17:00:28.096Z"", ""color"": ""NEGRO "", ""accesories"": ""4X2"", ""license_plate"": ""PDU8323"", ""received_flag"": ""1"", ""days_in_stock"": ""false"", ""published_in_web"": ""1"", ""engine_number"": """", ""reserved_by_user_email"": """", ""reserved_by_user_name"": """", ""reserved_dt"": null, ""expiration_dt"": null, ""opportunity_sale_id"": """", ""factory_invoicing_dt"": null, ""factory_status"": """", ""status_name"": ""DISPONIBLE"", ""fuel_name"": ""Gasolina"", ""availability_status_name"": ""Disponible"", ""availability_status_code"": ""1"", ""created_fullname"": ""VENTAS RECREO"", ""created_dt"": ""2026-03-06T18:26:23.000Z"", ""deleted_flag"": ""0"", ""owner_branch_code"": ""Autocor El Recreo"", ""saving_plan_group"": ""JEEP"", ""saving_plan_order"": ""MANUAL"", ""integration_reference_code"": ""2A8171CC-C711-4454-8EAD-578004E2253E"", ""version"": ""AC 2.0 5P 4X2 TM"", ""purchase_price"": 13515}"
82,autocor,2026-03-16T17:52:00Z,PFL7318,BYD,SEAGULL,2025,17600,33600,Autocor Shyris,Automática,,,4X2,,,,,2026-03-16T17:52:00Z,NEGRO,ND,19023CCB-9E42-4068-A20D-F53BA413A1DC,https://cdn.pilotsolution.net/crm/stock/autocor/14273/14273_279972_desktop.jpeg,"{""id_record"": 82, ""id"": ""19023CCB-9E42-4068-A20D-F53BA413A1DC"", ""media"": ""https://cdn.pilotsolution.net/crm/stock/autocor/14273/14273_279972_desktop.jpeg"", ""brand"": ""BYD"", ""model"": ""SEAGULL"", ""prices"": 17600, ""year"": 2025, ""owner"": 0, ""home"": 0, ""odometer"": 33600, ""type"": ""SUV"", ""location"": ""Autocor Shyris"", ""business_channel"": ""0"", ""processedAt"": ""2026-03-16T17:00:28.096Z"", ""color"": ""NEGRO"", ""accesories"": ""4X2"", ""license_plate"": ""PFL7318"", ""received_flag"": ""1"", ""days_in_stock"": ""10"", ""published_in_web"": ""1"", ""engine_number"": ""005-001-000004850"", ""reserved_by_user_email"": """", ""reserved_by_user_name"": """", ""reserved_dt"": null, ""expiration_dt"": null, ""opportunity_sale_id"": """", ""factory_invoicing_dt"": ""2026-03-06T00:00:00.000Z"", ""factory_status"": """", ""status_name"": ""DISPONIBLE"", ""fuel_name"": ""Eléctrico"", ""availability_status_name"": ""Disponible"", ""availability_status_code"": ""1"", ""created_fullname"": ""ASISTENTE COMERCIAL SHYRIS"", ""created_dt"": ""2026-03-06T16:30:43.000Z"", ""deleted_flag"": ""0"", ""owner_branch_code"": ""Autocor Shyris"", ""saving_plan_group"": ""SUV"", ""saving_plan_order"": ""AUTOMATICA"", ""integration_reference_code"": ""6DFF78C8-3CEA-4585-84CE-BC3BD656E1E4"", ""version"": ""400KM AC 5P 4X2 TA EV"", ""purchase_price"": 15000}"
83,autocor,2026-03-16T17:52:00Z,PCU4287,TOYOTA,FORTUNER,2017,42900,105000,Autocor Valle de los Chillos,Automática,,,4X4,,,,,2026-03-16T17:52:00Z,PLATEADO,4.0,35214BEE-4EE7-4C0D-908A-C01946BBB621,https://cdn.pilotsolution.net/crm/stock/autocor/14272/14272_279937_desktop.jpeg,"{""id_record"": 83, ""id"": ""35214BEE-4EE7-4C0D-908A-C01946BBB621"", ""media"": ""https://cdn.pilotsolution.net/crm/stock/autocor/14272/14272_279937_desktop.jpeg"", ""brand"": ""TOYOTA"", ""model"": ""FORTUNER"", ""prices"": 42900, ""year"": 2017, ""owner"": 0, ""home"": 0, ""odometer"": 105000, ""type"": ""SUV"", ""location"": ""Autocor Valle de los Chillos"", ""business_channel"": ""4000"", ""processedAt"": ""2026-03-16T17:00:28.096Z"", ""color"": ""PLATEADO"", ""accesories"": ""4X4"", ""license_plate"": ""PCU4287"", ""received_flag"": ""1"", ""days_in_stock"": ""10"", ""published_in_web"": ""1"", ""engine_number"": ""005-001-000005100"", ""reserved_by_user_email"": """", ""reserved_by_user_name"": """", ""reserved_dt"": null, ""expiration_dt"": null, ""opportunity_sale_id"": """", ""factory_invoicing_dt"": ""2026-03-06T00:00:00.000Z"", ""factory_status"": ""NO"", ""status_name"": ""DISPONIBLE"", ""fuel_name"": ""Gasolina"", ""availability_status_name"": ""Disponible"", ""availability_status_code"": ""1"", ""created_fullname"": ""VENTAS VALLE CHILLOS"", ""created_dt"": ""2026-03-06T15:59:28.000Z"", ""deleted_flag"": ""0"", ""owner_branch_code"": ""Autocor Valle de los Chillos"", ""saving_plan_group"": ""SUV"", ""saving_plan_order"": ""AUTOMÁTICA"", ""integration_reference_code"": ""F9CFAB13-4893-4015-9B95-BACA3EE447BF"", ""version"": ""4.0 4X4 5P TA"", ""purchase_price"": 40900}"
84,autocor,2026-03-16T17:52:00Z,GTQ2566,KIA,CARENS,2023,21900,44104,Autocor Guayaquil,Manual,,,4X2,,,,,2026-03-16T17:52:00Z,NEGRO,1.5,7472254C-22A3-4409-B6C5-8FCAFE7CFDE3,https://cdn.pilotsolution.net/crm/stock/autocor/14271/14271_280393_desktop.jpeg,"{""id_record"": 84, ""id"": ""7472254C-22A3-4409-B6C5-8FCAFE7CFDE3"", ""media"": ""https://cdn.pilotsolution.net/crm/stock/autocor/14271/14271_280393_desktop.jpeg"", ""brand"": ""KIA"", ""model"": ""CARENS"", ""prices"": 21900, ""year"": 2023, ""owner"": 0, ""home"": 1, ""odometer"": 44104, ""type"": ""SUV"", ""location"": ""Autocor Guayaquil"", ""business_channel"": ""1500"", ""processedAt"": ""2026-03-16T17:00:28.096Z"", ""color"": ""NEGRO "", ""accesories"": ""4X2"", ""license_plate"": ""GTQ2566"", ""received_flag"": ""1"", ""days_in_stock"": ""19"", ""published_in_web"": ""1"", ""engine_number"": """", ""reserved_by_user_email"": """", ""reserved_by_user_name"": """", ""reserved_dt"": null, ""expiration_dt"": null, ""opportunity_sale_id"": """", ""factory_invoicing_dt"": ""2026-02-25T00:00:00.000Z"", ""factory_status"": ""NO"", ""status_name"": ""DISPONIBLE"", ""fuel_name"": ""Gasolina"", ""availability_status_name"": ""Disponible"", ""availability_status_code"": ""1"", ""created_fullname"": ""Juan  Triana"", ""created_dt"": ""2026-03-06T14:59:56.000Z"", ""deleted_flag"": ""0"", ""owner_branch_code"": ""Autocor Guayaquil"", ""saving_plan_group"": ""SUV"", ""saving_plan_order"": ""MANUAL"", ""integration_reference_code"": ""25655F8F-0637-476E-877B-86CAA4F3E16A"", ""version"": ""LX AC 1.5 5P 4X2 TM"", ""purchase_price"": 18040}"
85,autocor,2026-03-16T17:52:00Z,PFG2287,KIA,SONET,2024,21400,44761,Autocor Av. Orellana,Automática,,,4X2,,,,,2026-03-16T17:52:00Z,PLOMO,1.5,B4C134FE-E5B8-46C4-A32A-1AE6261B502B,https://cdn.pilotsolution.net/crm/stock/autocor/14270/14270_279909_desktop.jpeg,"{""id_record"": 85, ""id"": ""B4C134FE-E5B8-46C4-A32A-1AE6261B502B"", ""media"": ""https://cdn.pilotsolution.net/crm/stock/autocor/14270/14270_279909_desktop.jpeg"", ""brand"": ""KIA"", ""model"": ""SONET"", ""prices"": 21400, ""year"": 2024, ""owner"": 0, ""home"": 0, ""odometer"": 44761, ""type"": ""SUV"", ""location"": ""Autocor Av. Orellana"", ""business_channel"": ""1500"", ""processedAt"": ""2026-03-16T17:00:28.096Z"", ""color"": ""PLOMO"", ""accesories"": ""4X2"", ""license_plate"": ""PFG2287"", ""received_flag"": ""1"", ""days_in_stock"": ""11"", ""published_in_web"": ""1"", ""engine_number"": """", ""reserved_by_user_email"": """", ""reserved_by_user_name"": """", ""reserved_dt"": null, ""expiration_dt"": null, ""opportunity_sale_id"": """", ""factory_invoicing_dt"": ""2026-03-05T00:00:00.000Z"", ""factory_status"": """", ""status_name"": ""DISPONIBLE"", ""fuel_name"": ""Gasolina"", ""availability_status_name"": ""Disponible"", ""availability_status_code"": ""1"", ""created_fullname"": ""DANIEL BRITO"", ""created_dt"": ""2026-03-06T14:43:35.000Z"", ""deleted_flag"": ""0"", ""owner_branch_code"": ""Autocor Av. Orellana"", ""saving_plan_group"": ""SUV"", ""saving_plan_order"": ""AUTOMATICA"", ""integration_reference_code"": ""7B3C6B97-79CC-444D-B646-AD9EE74E0B2D"", ""version"": ""AC 1.5 5P 4X2 TA"", ""purchase_price"": 18200}"
86,autocor,2026-03-16T17:52:00Z,OBB7689,JEEP,COMPASS,2018,16900,132000,Autocor Guayaquil,Automática,,,4X2,,,,,2026-03-16T17:52:00Z,VERDE,2.4,5931BA2E-6BC0-419F-9BF4-BCC545757248,https://cdn.pilotsolution.net/crm/stock/autocor/14269/14269_282848_desktop.jpeg,"{""id_record"": 86, ""id"": ""5931BA2E-6BC0-419F-9BF4-BCC545757248"", ""media"": ""https://cdn.pilotsolution.net/crm/stock/autocor/14269/14269_282848_desktop.jpeg"", ""brand"": ""JEEP"", ""model"": ""COMPASS"", ""prices"": 16900, ""year"": 2018, ""owner"": 0, ""home"": 0, ""odometer"": 132000, ""type"": ""SUV"", ""location"": ""Autocor Guayaquil"", ""business_channel"": ""2400"", ""processedAt"": ""2026-03-16T17:00:28.096Z"", ""color"": ""VERDE "", ""accesories"": ""4X2"", ""license_plate"": ""OBB7689"", ""received_flag"": ""1"", ""days_in_stock"": ""false"", ""published_in_web"": ""1"", ""engine_number"": """", ""reserved_by_user_email"": """", ""reserved_by_user_name"": """", ""reserved_dt"": null, ""expiration_dt"": null, ""opportunity_sale_id"": """", ""factory_invoicing_dt"": null, ""factory_status"": ""NO"", ""status_name"": ""DISPONIBLE"", ""fuel_name"": ""Gasolina"", ""availability_status_name"": ""Disponible"", ""availability_status_code"": ""1"", ""created_fullname"": ""Juan  Triana"", ""created_dt"": ""2026-03-06T14:36:32.000Z"", ""deleted_flag"": ""0"", ""owner_branch_code"": ""Autocor Guayaquil"", ""saving_plan_group"": ""SUV"", ""saving_plan_order"": ""AUTOMATICA"", ""integration_reference_code"": ""C2F83B98-101D-4127-AD8B-45BE1D706425"", ""version"": ""SPORT AC 2.4 5P 4X2"", ""purchase_price"": 12540}"
87,autocor,2026-03-16T17:52:00Z,PDU9910,FORD,TERRITORY,2022,20900,43000,Autocor Eloy Alfaro,Automática,,,4X2,,,,,2026-03-16T17:52:00Z,VINO,1.5,164F25B5-5AA0-43CA-B8F4-299F896F08E3,https://cdn.pilotsolution.net/crm/stock/autocor/14267/14267_279808_desktop.jpeg,"{""id_record"": 87, ""id"": ""164F25B5-5AA0-43CA-B8F4-299F896F08E3"", ""media"": ""https://cdn.pilotsolution.net/crm/stock/autocor/14267/14267_279808_desktop.jpeg"", ""brand"": ""FORD"", ""model"": ""TERRITORY"", ""prices"": 20900, ""year"": 2022, ""owner"": 0, ""home"": 0, ""odometer"": 43000, ""type"": ""SUV"", ""location"": ""Autocor Eloy Alfaro"", ""business_channel"": ""1500"", ""processedAt"": ""2026-03-16T17:00:28.096Z"", ""color"": ""VINO"", ""accesories"": ""4X2"", ""license_plate"": ""PDU9910"", ""received_flag"": ""1"", ""days_in_stock"": ""13"", ""published_in_web"": ""1"", ""engine_number"": ""003-001-000005732"", ""reserved_by_user_email"": """", ""reserved_by_user_name"": """", ""reserved_dt"": null, ""expiration_dt"": null, ""opportunity_sale_id"": """", ""factory_invoicing_dt"": ""2026-03-03T00:00:00.000Z"", ""factory_status"": """", ""status_name"": ""DISPONIBLE"", ""fuel_name"": ""Gasolina"", ""availability_status_name"": ""Disponible"", ""availability_status_code"": ""1"", ""created_fullname"": ""ANDRES  FONSECA"", ""created_dt"": ""2026-03-06T02:15:09.000Z"", ""deleted_flag"": ""0"", ""owner_branch_code"": ""Autocor Eloy Alfaro"", ""saving_plan_group"": ""SUV"", ""saving_plan_order"": ""AUTOMATICA"", ""integration_reference_code"": ""936DDA3B-5133-4846-AD7E-A370302F59CA"", ""version"": ""TERRITORY TREND AC 1.5 5P 4X2 TA"", ""purchase_price"": 17040}"
88,autocor,2026-03-16T17:52:00Z,GSZ4111,GREAT WALL,HAVAL H6,2018,13900,79913,Autocor Guayaquil,Automática,,,4X2,,,,,2026-03-16T17:52:00Z,PLOMO,2.4,0ECF9AB2-2A63-4AAA-B2D3-C25229F542CC,https://cdn.pilotsolution.net/crm/stock/autocor/14265/14265_279749_desktop.jpeg,"{""id_record"": 88, ""id"": ""0ECF9AB2-2A63-4AAA-B2D3-C25229F542CC"", ""media"": ""https://cdn.pilotsolution.net/crm/stock/autocor/14265/14265_279749_desktop.jpeg"", ""brand"": ""GREAT WALL"", ""model"": ""HAVAL H6"", ""prices"": 13900, ""year"": 2018, ""owner"": 0, ""home"": 1, ""odometer"": 79913, ""type"": ""SUV"", ""location"": ""Autocor Guayaquil"", ""business_channel"": ""2400"", ""processedAt"": ""2026-03-16T17:00:28.096Z"", ""color"": ""PLOMO"", ""accesories"": ""4X2"", ""license_plate"": ""GSZ4111"", ""received_flag"": ""1"", ""days_in_stock"": ""16"", ""published_in_web"": ""1"", ""engine_number"": """", ""reserved_by_user_email"": """", ""reserved_by_user_name"": """", ""reserved_dt"": null, ""expiration_dt"": null, ""opportunity_sale_id"": """", ""factory_invoicing_dt"": ""2026-02-28T00:00:00.000Z"", ""factory_status"": ""NO"", ""status_name"": ""DISPONIBLE"", ""fuel_name"": ""Gasolina"", ""availability_status_name"": ""Disponible"", ""availability_status_code"": ""1"", ""created_fullname"": ""ERNESTO ORTEGA"", ""created_dt"": ""2026-03-05T22:44:24.000Z"", ""deleted_flag"": ""0"", ""owner_branch_code"": ""Autocor Guayaquil"", ""saving_plan_group"": ""SUV"", ""saving_plan_order"": ""AUTOMATICA"", ""integration_reference_code"": ""A353A83C-2DD9-4C62-86AB-8E391ECB08F9"", ""version"": ""AC 2.4 5P 4X2 TA"", ""purchase_price"": 9500}"
89,autocor,2026-03-16T17:52:00Z,GTL4357,RENAULT,STEPWAY,2023,15900,54676,Autocor Guayaquil,Automática,,,4X2,,,,,2026-03-16T17:52:00Z,CREMA,1.6,27C88165-569D-426B-894E-C36D21C2BFD2,https://cdn.pilotsolution.net/crm/stock/autocor/14261/14261_279720_desktop.jpeg,"{""id_record"": 89, ""id"": ""27C88165-569D-426B-894E-C36D21C2BFD2"", ""media"": ""https://cdn.pilotsolution.net/crm/stock/autocor/14261/14261_279720_desktop.jpeg"", ""brand"": ""RENAULT"", ""model"": ""STEPWAY"", ""prices"": 15900, ""year"": 2023, ""owner"": 0, ""home"": 0, ""odometer"": 54676, ""type"": ""HATCHBACK"", ""location"": ""Autocor Guayaquil"", ""business_channel"": ""1600"", ""processedAt"": ""2026-03-16T17:00:28.096Z"", ""color"": ""CREMA"", ""accesories"": ""4X2"", ""license_plate"": ""GTL4357"", ""received_flag"": ""1"", ""days_in_stock"": ""16"", ""published_in_web"": ""1"", ""engine_number"": """", ""reserved_by_user_email"": """", ""reserved_by_user_name"": """", ""reserved_dt"": null, ""expiration_dt"": null, ""opportunity_sale_id"": """", ""factory_invoicing_dt"": ""2026-02-28T00:00:00.000Z"", ""factory_status"": """", ""status_name"": ""DISPONIBLE"", ""fuel_name"": ""Gasolina"", ""availability_status_name"": ""Disponible"", ""availability_status_code"": ""1"", ""created_fullname"": ""ERNESTO ORTEGA"", ""created_dt"": ""2026-03-05T22:14:39.000Z"", ""deleted_flag"": ""0"", ""owner_branch_code"": ""Autocor Guayaquil"", ""saving_plan_group"": ""HATCHBACK"", ""saving_plan_order"": ""AUTOMATICA"", ""integration_reference_code"": ""E75BD238-6FDB-4B5E-83CC-43BF7FDD927F"", ""version"": ""FASE II CVT AC 1.6INTENS"", ""purchase_price"": 12500}"
9,autocor,2026-03-16T17:51:58Z,PCX1245,SUZUKI,GRAND VITARA,2018,15900,142000,Autocor La Prensa,Automática,,,4X2,,,,,2026-03-16T17:51:58Z,BLANCO,2.4,C9C71B18-DE72-4B12-A7FA-DC50D701C016,https://cdn.pilotsolution.net/crm/stock/autocor/14421/14421_283478_desktop.jpeg,"{""id_record"": 9, ""id"": ""C9C71B18-DE72-4B12-A7FA-DC50D701C016"", ""media"": ""https://cdn.pilotsolution.net/crm/stock/autocor/14421/14421_283478_desktop.jpeg"", ""brand"": ""SUZUKI"", ""model"": ""GRAND VITARA"", ""prices"": 15900, ""year"": 2018, ""owner"": 0, ""home"": 0, ""odometer"": 142000, ""type"": ""SUV"", ""location"": ""Autocor La Prensa"", ""business_channel"": ""2400"", ""processedAt"": ""2026-03-16T17:00:28.096Z"", ""color"": ""BLANCO "", ""accesories"": ""4X2"", ""license_plate"": ""PCX1245"", ""received_flag"": ""1"", ""days_in_stock"": ""4"", ""published_in_web"": ""1"", ""engine_number"": """", ""reserved_by_user_email"": """", ""reserved_by_user_name"": """", ""reserved_dt"": null, ""expiration_dt"": null, ""opportunity_sale_id"": """", ""factory_invoicing_dt"": ""2026-03-12T00:00:00.000Z"", ""factory_status"": """", ""status_name"": ""DISPONIBLE"", ""fuel_name"": ""Gasolina"", ""availability_status_name"": ""Disponible"", ""availability_status_code"": ""1"", ""created_fullname"": ""VENTAS LA PRENSA"", ""created_dt"": ""2026-03-14T21:01:12.000Z"", ""deleted_flag"": ""0"", ""owner_branch_code"": ""Autocor La Prensa"", ""saving_plan_group"": ""SUV"", ""saving_plan_order"": ""AUTOMATICA"", ""integration_reference_code"": ""443AC2F8-EEE5-4CD2-BD3F-1AF2EDDDE980"", ""version"": ""SZ AC 2.4 5P 4X2 TA"", ""purchase_price"": 13000}"
90,autocor,2026-03-16T17:52:00Z,PFG5811,RENAULT,DUSTER,2023,19900,75622,Autocor Valle de los Chillos,Automática,,,4X2,,,,,2026-03-16T17:52:00Z,PLOMO,1.3,16EC0A49-6924-41C8-AE04-1B7CF679F7F5,https://cdn.pilotsolution.net/crm/stock/autocor/14259/14259_280002_desktop.png,"{""id_record"": 90, ""id"": ""16EC0A49-6924-41C8-AE04-1B7CF679F7F5"", ""media"": ""https://cdn.pilotsolution.net/crm/stock/autocor/14259/14259_280002_desktop.png"", ""brand"": ""RENAULT"", ""model"": ""DUSTER"", ""prices"": 19900, ""year"": 2023, ""owner"": 1, ""home"": 0, ""odometer"": 75622, ""type"": ""SUV"", ""location"": ""Autocor Valle de los Chillos"", ""business_channel"": ""1300"", ""processedAt"": ""2026-03-16T17:00:28.096Z"", ""color"": ""PLOMO"", ""accesories"": ""4X2"", ""license_plate"": ""PFG5811"", ""received_flag"": ""1"", ""days_in_stock"": ""10"", ""published_in_web"": ""1"", ""engine_number"": ""006-001-000002388"", ""reserved_by_user_email"": """", ""reserved_by_user_name"": """", ""reserved_dt"": null, ""expiration_dt"": null, ""opportunity_sale_id"": """", ""factory_invoicing_dt"": ""2026-03-06T00:00:00.000Z"", ""factory_status"": ""SI"", ""status_name"": ""DISPONIBLE"", ""fuel_name"": ""Gasolina"", ""availability_status_name"": ""Disponible"", ""availability_status_code"": ""1"", ""created_fullname"": ""ASISTENTE COMERCIAL ELOY ALFARO"", ""created_dt"": ""2026-03-05T21:50:12.000Z"", ""deleted_flag"": ""0"", ""owner_branch_code"": ""Autocor Valle de los Chillos"", ""saving_plan_group"": ""SUV"", ""saving_plan_order"": ""AUTOMÁTICA"", ""integration_reference_code"": ""CCF98C6A-0A26-4264-8519-17673C91325B"", ""version"": ""INTENS AC 1.3T 5P 4X2 TA"", ""purchase_price"": 14840}"
91,autocor,2026-03-16T17:52:00Z,ABH3563,PEUGEOT,3008N,2019,21900,51000,Autocor Cumbaya,Automática,,,4X2,,,,,2026-03-16T17:52:00Z,NEGRO,1.6,FA44618C-C7AB-4D97-AD9E-D928C8ACAD81,https://cdn.pilotsolution.net/crm/stock/autocor/14258/14258_279475_desktop.jpeg,"{""id_record"": 91, ""id"": ""FA44618C-C7AB-4D97-AD9E-D928C8ACAD81"", ""media"": ""https://cdn.pilotsolution.net/crm/stock/autocor/14258/14258_279475_desktop.jpeg"", ""brand"": ""PEUGEOT"", ""model"": ""3008N"", ""prices"": 21900, ""year"": 2019, ""owner"": 0, ""home"": 0, ""odometer"": 51000, ""type"": ""SUV"", ""location"": ""Autocor Cumbaya"", ""business_channel"": ""1600"", ""processedAt"": ""2026-03-16T17:00:28.096Z"", ""color"": ""NEGRO"", ""accesories"": ""4X2"", ""license_plate"": ""ABH3563"", ""received_flag"": ""1"", ""days_in_stock"": ""11"", ""published_in_web"": ""1"", ""engine_number"": ""005-001-000004821"", ""reserved_by_user_email"": """", ""reserved_by_user_name"": """", ""reserved_dt"": null, ""expiration_dt"": null, ""opportunity_sale_id"": """", ""factory_invoicing_dt"": ""2026-03-05T00:00:00.000Z"", ""factory_status"": """", ""status_name"": ""DISPONIBLE"", ""fuel_name"": ""Gasolina"", ""availability_status_name"": ""Disponible"", ""availability_status_code"": ""1"", ""created_fullname"": ""Ventas  Cumbaya "", ""created_dt"": ""2026-03-05T21:48:39.000Z"", ""deleted_flag"": ""0"", ""owner_branch_code"": ""Autocor Cumbaya"", ""saving_plan_group"": ""SUV"", ""saving_plan_order"": ""AUTOMATICA"", ""integration_reference_code"": ""BBD3685F-F149-4C78-A11A-E849E9155546"", ""version"": ""ACT16E BA6 AC 1.6 5P 4X2"", ""purchase_price"": 19040}"
92,autocor,2026-03-16T17:52:00Z,PCX7814,KIA,RIO,2018,14900,184000,Autocor Av. Orellana,Manual,,,4X2,,,,,2026-03-16T17:52:00Z,AZUL,1.4,D5A7BAE4-62F8-4A49-80B0-949F562435DB,https://cdn.pilotsolution.net/crm/stock/autocor/14256/14256_279278_desktop.jpeg,"{""id_record"": 92, ""id"": ""D5A7BAE4-62F8-4A49-80B0-949F562435DB"", ""media"": ""https://cdn.pilotsolution.net/crm/stock/autocor/14256/14256_279278_desktop.jpeg"", ""brand"": ""KIA"", ""model"": ""RIO"", ""prices"": 14900, ""year"": 2018, ""owner"": 0, ""home"": 0, ""odometer"": 184000, ""type"": ""SEDAN"", ""location"": ""Autocor Av. Orellana"", ""business_channel"": ""1400"", ""processedAt"": ""2026-03-16T17:00:28.096Z"", ""color"": ""AZUL"", ""accesories"": ""4X2"", ""license_plate"": ""PCX7814"", ""received_flag"": ""1"", ""days_in_stock"": ""13"", ""published_in_web"": ""1"", ""engine_number"": """", ""reserved_by_user_email"": """", ""reserved_by_user_name"": """", ""reserved_dt"": null, ""expiration_dt"": null, ""opportunity_sale_id"": """", ""factory_invoicing_dt"": ""2026-03-03T00:00:00.000Z"", ""factory_status"": """", ""status_name"": ""DISPONIBLE"", ""fuel_name"": ""Gasolina"", ""availability_status_name"": ""Disponible"", ""availability_status_code"": ""1"", ""created_fullname"": ""ASISTENTE COMERCIAL ORELLANA"", ""created_dt"": ""2026-03-05T19:10:29.000Z"", ""deleted_flag"": ""0"", ""owner_branch_code"": ""Autocor Av. Orellana"", ""saving_plan_group"": ""SEDAN"", ""saving_plan_order"": ""MANUAL"", ""integration_reference_code"": ""9C47BCD4-314F-46FC-AA50-82AB970E4340"", ""version"": ""EX AC 1.4 5P 4X2 TM"", ""purchase_price"": 11800}"
93,autocor,2026-03-16T17:52:00Z,PFP4800,KIA,EV5,2025,38900,10500,Autocor Shyris,Automática,,,4X2,,,,,2026-03-16T17:52:00Z,VINO,ND,AC38A7B0-D22D-43D5-BD41-F6B4B236F81D,https://cdn.pilotsolution.net/crm/stock/autocor/14254/14254_279353_desktop.jpeg,"{""id_record"": 93, ""id"": ""AC38A7B0-D22D-43D5-BD41-F6B4B236F81D"", ""media"": ""https://cdn.pilotsolution.net/crm/stock/autocor/14254/14254_279353_desktop.jpeg"", ""brand"": ""KIA"", ""model"": ""EV5"", ""prices"": 38900, ""year"": 2025, ""owner"": 0, ""home"": 0, ""odometer"": 10500, ""type"": ""SUV"", ""location"": ""Autocor Shyris"", ""business_channel"": ""0"", ""processedAt"": ""2026-03-16T17:00:28.096Z"", ""color"": ""VINO"", ""accesories"": ""4X2"", ""license_plate"": ""PFP4800"", ""received_flag"": ""1"", ""days_in_stock"": ""11"", ""published_in_web"": ""1"", ""engine_number"": """", ""reserved_by_user_email"": """", ""reserved_by_user_name"": """", ""reserved_dt"": null, ""expiration_dt"": null, ""opportunity_sale_id"": """", ""factory_invoicing_dt"": ""2026-03-05T00:00:00.000Z"", ""factory_status"": """", ""status_name"": ""DISPONIBLE"", ""fuel_name"": ""Eléctrico"", ""availability_status_name"": ""Disponible"", ""availability_status_code"": ""1"", ""created_fullname"": ""Fernando Colimba"", ""created_dt"": ""2026-03-05T19:04:53.000Z"", ""deleted_flag"": ""0"", ""owner_branch_code"": ""Autocor Shyris"", ""saving_plan_group"": ""SUV"", ""saving_plan_order"": ""AUTOMATICA"", ""integration_reference_code"": ""7CF0F80D-0DE4-46A4-A344-BEBCDDCDC856"", ""version"": ""AC 5P 4X2 TA EV AIR"", ""purchase_price"": 35000}"
94,autocor,2026-03-16T17:52:00Z,TBL3324,TOYOTA,FORTUNER,2024,49900,78796,Autocor Av. Orellana,Automática,,,4X4,,,,,2026-03-16T17:52:00Z,POMO,2.7,111D5F31-37D4-42C8-BE94-A9DE2F6DF2B2,https://cdn.pilotsolution.net/crm/stock/autocor/14249/14249_279041_desktop.jpeg,"{""id_record"": 94, ""id"": ""111D5F31-37D4-42C8-BE94-A9DE2F6DF2B2"", ""media"": ""https://cdn.pilotsolution.net/crm/stock/autocor/14249/14249_279041_desktop.jpeg"", ""brand"": ""TOYOTA"", ""model"": ""FORTUNER"", ""prices"": 49900, ""year"": 2024, ""owner"": 1, ""home"": 0, ""odometer"": 78796, ""type"": ""SUV"", ""location"": ""Autocor Av. Orellana"", ""business_channel"": ""2700"", ""processedAt"": ""2026-03-16T17:00:28.096Z"", ""color"": ""POMO"", ""accesories"": ""4X4"", ""license_plate"": ""TBL3324"", ""received_flag"": ""1"", ""days_in_stock"": ""13"", ""published_in_web"": ""1"", ""engine_number"": """", ""reserved_by_user_email"": """", ""reserved_by_user_name"": """", ""reserved_dt"": null, ""expiration_dt"": null, ""opportunity_sale_id"": """", ""factory_invoicing_dt"": ""2026-03-03T00:00:00.000Z"", ""factory_status"": ""SI"", ""status_name"": ""DISPONIBLE"", ""fuel_name"": ""Gasolina"", ""availability_status_name"": ""Disponible"", ""availability_status_code"": ""1"", ""created_fullname"": ""ASISTENTE COMERCIAL ORELLANA"", ""created_dt"": ""2026-03-05T17:43:48.000Z"", ""deleted_flag"": ""0"", ""owner_branch_code"": ""Autocor Av. Orellana"", ""saving_plan_group"": ""SUV"", ""saving_plan_order"": ""AUTOMATICA"", ""integration_reference_code"": ""DA21AEDB-65E9-40FC-AE44-04A45FE6670C"", ""version"": ""NEW FORTUNER AC 2.7 5P 4X4 TA"", ""purchase_price"": 41040}"
95,autocor,2026-03-16T17:52:00Z,GTP3394,RENAULT,STEPWAY,2024,16900,28121,Autocor Guayaquil,Automática,,,4X2,,,,,2026-03-16T17:52:00Z,BLANCO,1.6,F0C3E7C5-4E97-4265-8EB9-3D0359123380,https://cdn.pilotsolution.net/crm/stock/autocor/14246/14246_278873_desktop.jpeg,"{""id_record"": 95, ""id"": ""F0C3E7C5-4E97-4265-8EB9-3D0359123380"", ""media"": ""https://cdn.pilotsolution.net/crm/stock/autocor/14246/14246_278873_desktop.jpeg"", ""brand"": ""RENAULT"", ""model"": ""STEPWAY"", ""prices"": 16900, ""year"": 2024, ""owner"": 0, ""home"": 0, ""odometer"": 28121, ""type"": ""HATCHBACK"", ""location"": ""Autocor Guayaquil"", ""business_channel"": ""1600"", ""processedAt"": ""2026-03-16T17:00:28.096Z"", ""color"": ""BLANCO"", ""accesories"": ""4X2"", ""license_plate"": ""GTP3394"", ""received_flag"": ""1"", ""days_in_stock"": ""11"", ""published_in_web"": ""1"", ""engine_number"": """", ""reserved_by_user_email"": """", ""reserved_by_user_name"": """", ""reserved_dt"": null, ""expiration_dt"": null, ""opportunity_sale_id"": """", ""factory_invoicing_dt"": ""2026-03-05T00:00:00.000Z"", ""factory_status"": """", ""status_name"": ""DISPONIBLE"", ""fuel_name"": ""Gasolina"", ""availability_status_name"": ""Disponible"", ""availability_status_code"": ""1"", ""created_fullname"": ""Jorge Rea"", ""created_dt"": ""2026-03-05T16:36:34.000Z"", ""deleted_flag"": ""0"", ""owner_branch_code"": ""Autocor Guayaquil"", ""saving_plan_group"": ""HATCHBACK"", ""saving_plan_order"": ""AUTOMATICA"", ""integration_reference_code"": """", ""version"": ""INTENS FASE II CVT AC 1.6 5P 4X2 TA"", ""purchase_price"": 0}"
96,autocor,2026-03-16T17:52:00Z,PFM8354,CHERY,TIGGO 7,2025,20900,8900,Autocor Valle de los Chillos,Automática,,,4X2,,,,,2026-03-16T17:52:00Z,BLANCO,1.5,A6AD7C8D-0CCB-4AF3-9C15-61E744CC5864,https://cdn.pilotsolution.net/crm/stock/autocor/14240/14240_280146_desktop.jpeg,"{""id_record"": 96, ""id"": ""A6AD7C8D-0CCB-4AF3-9C15-61E744CC5864"", ""media"": ""https://cdn.pilotsolution.net/crm/stock/autocor/14240/14240_280146_desktop.jpeg"", ""brand"": ""CHERY"", ""model"": ""TIGGO 7"", ""prices"": 20900, ""year"": 2025, ""owner"": 0, ""home"": 0, ""odometer"": 8900, ""type"": ""SUV"", ""location"": ""Autocor Valle de los Chillos"", ""business_channel"": ""1500"", ""processedAt"": ""2026-03-16T17:00:28.096Z"", ""color"": ""BLANCO"", ""accesories"": ""4X2"", ""license_plate"": ""PFM8354"", ""received_flag"": ""1"", ""days_in_stock"": ""10"", ""published_in_web"": ""1"", ""engine_number"": ""006-001-000002384"", ""reserved_by_user_email"": """", ""reserved_by_user_name"": """", ""reserved_dt"": null, ""expiration_dt"": null, ""opportunity_sale_id"": """", ""factory_invoicing_dt"": ""2026-03-06T00:00:00.000Z"", ""factory_status"": ""NO"", ""status_name"": ""DISPONIBLE"", ""fuel_name"": ""Gasolina"", ""availability_status_name"": ""Disponible"", ""availability_status_code"": ""1"", ""created_fullname"": ""CARLOS  LOAYZA"", ""created_dt"": ""2026-03-04T23:07:19.000Z"", ""deleted_flag"": ""0"", ""owner_branch_code"": ""Autocor Valle de los Chillos"", ""saving_plan_group"": ""SUV"", ""saving_plan_order"": ""AUTOMATICA"", ""integration_reference_code"": ""17DA6D35-68BB-4BB7-B571-F0EB8E581831"", ""version"": ""COMFORT AC 1.5 5P 4X2 TA HYBRID"", ""purchase_price"": 18270}"
97,autocor,2026-03-16T17:52:00Z,PFL8974,MITSUBISHI,MONTERO,2024,56900,11000,Autocor Shyris,Automática,,,4X4,,,,,2026-03-16T17:52:00Z,BLANCO,2.4,8B1B58FD-2528-4CB8-AC82-336889109BAE,https://cdn.pilotsolution.net/crm/stock/autocor/14239/14239_278926_desktop.jpeg,"{""id_record"": 97, ""id"": ""8B1B58FD-2528-4CB8-AC82-336889109BAE"", ""media"": ""https://cdn.pilotsolution.net/crm/stock/autocor/14239/14239_278926_desktop.jpeg"", ""brand"": ""MITSUBISHI"", ""model"": ""MONTERO"", ""prices"": 56900, ""year"": 2024, ""owner"": 0, ""home"": 0, ""odometer"": 11000, ""type"": ""SUV"", ""location"": ""Autocor Shyris"", ""business_channel"": ""2400"", ""processedAt"": ""2026-03-16T17:00:28.096Z"", ""color"": ""BLANCO"", ""accesories"": ""4X4"", ""license_plate"": ""PFL8974"", ""received_flag"": ""1"", ""days_in_stock"": ""11"", ""published_in_web"": ""1"", ""engine_number"": """", ""reserved_by_user_email"": """", ""reserved_by_user_name"": """", ""reserved_dt"": null, ""expiration_dt"": null, ""opportunity_sale_id"": """", ""factory_invoicing_dt"": ""2026-03-05T00:00:00.000Z"", ""factory_status"": """", ""status_name"": ""DISPONIBLE"", ""fuel_name"": ""Diesel"", ""availability_status_name"": ""Disponible"", ""availability_status_code"": ""1"", ""created_fullname"": ""ASISTENTE COMERCIAL SHYRIS"", ""created_dt"": ""2026-03-04T22:50:17.000Z"", ""deleted_flag"": ""0"", ""owner_branch_code"": ""Autocor Shyris"", ""saving_plan_group"": ""SUV"", ""saving_plan_order"": ""AUTOMATICA"", ""integration_reference_code"": ""F7D70EA3-F602-44E8-89EA-8D1E43710076"", ""version"": ""GLX AC 2.4 5P SPORT"", ""purchase_price"": 49040}"
98,autocor,2026-03-16T17:52:00Z,PDR8759,CHEVROLET,CAPTIVA,2021,17400,42800,Autocor 6 de Diciembre,Automática,,,4X2,,,,,2026-03-16T17:52:00Z,ROJO,1.5,A3F4E067-CFAF-40B6-B702-325516EEA9FF,https://cdn.pilotsolution.net/crm/stock/autocor/14236/14236_279095_desktop.jpeg,"{""id_record"": 98, ""id"": ""A3F4E067-CFAF-40B6-B702-325516EEA9FF"", ""media"": ""https://cdn.pilotsolution.net/crm/stock/autocor/14236/14236_279095_desktop.jpeg"", ""brand"": ""CHEVROLET"", ""model"": ""CAPTIVA"", ""prices"": 17400, ""year"": 2021, ""owner"": 0, ""home"": 0, ""odometer"": 42800, ""type"": ""SUV"", ""location"": ""Autocor 6 de Diciembre"", ""business_channel"": ""1500"", ""processedAt"": ""2026-03-16T17:00:28.096Z"", ""color"": ""ROJO"", ""accesories"": ""4X2"", ""license_plate"": ""PDR8759"", ""received_flag"": ""1"", ""days_in_stock"": ""12"", ""published_in_web"": ""1"", ""engine_number"": """", ""reserved_by_user_email"": """", ""reserved_by_user_name"": """", ""reserved_dt"": null, ""expiration_dt"": null, ""opportunity_sale_id"": """", ""factory_invoicing_dt"": ""2026-03-04T00:00:00.000Z"", ""factory_status"": """", ""status_name"": ""DISPONIBLE"", ""fuel_name"": ""Gasolina"", ""availability_status_name"": ""Disponible"", ""availability_status_code"": ""1"", ""created_fullname"": ""MATEO MONGE"", ""created_dt"": ""2026-03-04T21:27:21.000Z"", ""deleted_flag"": ""0"", ""owner_branch_code"": ""Autocor 6 de Diciembre"", ""saving_plan_group"": ""SUV"", ""saving_plan_order"": ""AUTOMATICA"", ""integration_reference_code"": ""09399A13-6C0E-4F5B-8493-2CBE0562FADD"", ""version"": ""LT TURBO 5PAS AC 1.5 5P"", ""purchase_price"": 14000}"
99,autocor,2026-03-16T17:52:00Z,GTL4262,NISSAN,XTRAIL,2023,28900,26800,Autocor Shyris,Automática,,,4X4,,,,,2026-03-16T17:52:00Z,PLATA,2.5,50D063E2-43E0-4A7B-A8BF-B06F303B125F,https://cdn.pilotsolution.net/crm/stock/autocor/14235/14235_280030_desktop.png,"{""id_record"": 99, ""id"": ""50D063E2-43E0-4A7B-A8BF-B06F303B125F"", ""media"": ""https://cdn.pilotsolution.net/crm/stock/autocor/14235/14235_280030_desktop.png"", ""brand"": ""NISSAN"", ""model"": ""XTRAIL"", ""prices"": 28900, ""year"": 2023, ""owner"": 1, ""home"": 0, ""odometer"": 26800, ""type"": ""SUV"", ""location"": ""Autocor Shyris"", ""business_channel"": ""2500"", ""processedAt"": ""2026-03-16T17:00:28.096Z"", ""color"": ""PLATA"", ""accesories"": ""4X4"", ""license_plate"": ""GTL4262"", ""received_flag"": ""1"", ""days_in_stock"": ""12"", ""published_in_web"": ""1"", ""engine_number"": ""005-001-000004852"", ""reserved_by_user_email"": """", ""reserved_by_user_name"": """", ""reserved_dt"": null, ""expiration_dt"": null, ""opportunity_sale_id"": """", ""factory_invoicing_dt"": ""2026-03-04T00:00:00.000Z"", ""factory_status"": ""SI"", ""status_name"": ""DISPONIBLE"", ""fuel_name"": ""Gasolina"", ""availability_status_name"": ""Disponible"", ""availability_status_code"": ""1"", ""created_fullname"": ""ASISTENTE COMERCIAL SHYRIS"", ""created_dt"": ""2026-03-04T20:54:42.000Z"", ""deleted_flag"": ""0"", ""owner_branch_code"": ""Autocor Shyris"", ""saving_plan_group"": ""SUV"", ""saving_plan_order"": ""AUTOMATICA"", ""integration_reference_code"": ""8F6F79F7-4A14-49F3-99F4-CACDA7D31D62"", ""version"": ""EXCLUSIVE CVT AC 2.5 5P 4X4 TA"", ""purchase_price"": 22040}"
