placa,anio,precio,url,id_record,marca,modelo,kilometraje,climateSystem,traccion,color,motor,transmision,direccion,interiorType,fuelType,motorType,matricula,ciudad,typePago,json,FechaDescarga
Pichincha,2016,37600.0,https://ecuador.patiotuerca.com/vehicle/autos-land_rover-range_rover_evoque-quito-2016/1730327,1730327,Land Rover,Range Rover Evoque,58632,Climatizador Bi-Zona,4 x 4,Plata,2000,,Electrónica,Cuero,Gasolina,Turbo 240HP,,Quito,Negociable,"{""id_record"": ""1730327"", ""summary"": {""Año"": ""2016"", ""Ciudad"": ""Quito"", ""Recorrido"": ""58632 Kms"", ""Tipo de pago"": ""Negociable"", ""Precio Contado"": ""$37.600""}, ""ficha_tecnica"": {""Publicación"": ""#1730327"", ""Marca"": ""Land Rover"", ""Modelo"": ""Range Rover Evoque"", ""Subtipo"": ""Todoterreno"", ""Recorrido"": ""58632 Kms"", ""Sistema de climatización"": ""Climatizador Bi-Zona"", ""Tracción"": ""4 x 4"", ""Color"": ""Plata"", ""Último número de la placa"": ""1"", ""Vidrios"": ""Eléctricos"", ""Transmisión"": ""Tiptronic"", ""Dirección"": ""Electrónica"", ""Motor(cilindraje)"": ""2000"", ""Tipo de Motor"": ""Turbo 240HP"", ""Tapizado"": ""Cuero"", ""Combustible"": ""Gasolina"", ""Placa"": ""Pichincha""}, ""url"": ""https://ecuador.patiotuerca.com/vehicle/autos-land_rover-range_rover_evoque-quito-2016/1730327""}",2026-02-02 19:37:36.186925
Pichincha,2017,68900.0,https://ecuador.patiotuerca.com/vehicle/autos-bmw-x6_xdrive_35i-quito-2017/1844909,1844909,BMW,X6 xDRIVE 35i,98498,Climatizador Bi-Zona,AWD,Negro,3000,Automática,Electrónica,Cuero,Gasolina,TwinTurbo 302HP,,Quito,Negociable,"{""id_record"": ""1844909"", ""summary"": {""Año"": ""2017"", ""Ciudad"": ""Quito"", ""Recorrido"": ""98498 Kms"", ""Tipo de pago"": ""Negociable"", ""Precio Contado"": ""$68.900""}, ""ficha_tecnica"": {""Publicación"": ""#1844909"", ""Marca"": ""BMW"", ""Modelo"": ""X6 xDRIVE 35i"", ""Subtipo"": ""Todoterreno"", ""Recorrido"": ""98498 Kms"", ""Sistema de climatización"": ""Climatizador Bi-Zona"", ""Tracción"": ""AWD"", ""Color"": ""Negro"", ""Último número de la placa"": ""4"", ""Vidrios"": ""Eléctricos"", ""Transmisión"": ""Automática"", ""Dirección"": ""Electrónica"", ""Motor(cilindraje)"": ""3000"", ""Tipo de Motor"": ""TwinTurbo 302HP"", ""Tapizado"": ""Cuero"", ""Combustible"": ""Gasolina"", ""Placa"": ""Pichincha""}, ""url"": ""https://ecuador.patiotuerca.com/vehicle/autos-bmw-x6_xdrive_35i-quito-2017/1844909""}",2026-02-02 19:40:48.498760
,2016,12399.0,https://ecuador.patiotuerca.com/vehicle/autos-chevrolet-captiva_sport-quito-2016/1854691,1854691,Chevrolet,Captiva Sport,115000,,,,,Automática,,,Gasolina,,,Quito,Negociable,"{""id_record"": ""1854691"", ""summary"": {""Año"": ""2016"", ""Ciudad"": ""Quito"", ""Recorrido"": ""115000 Kms"", ""Tipo de pago"": ""Negociable"", ""Precio Contado"": ""$12.399""}, ""ficha_tecnica"": {""Publicación"": ""#1854691"", ""Marca"": ""Chevrolet"", ""Modelo"": ""Captiva Sport"", ""Subtipo"": ""Todoterreno"", ""Recorrido"": ""115000 Kms"", ""Vidrios"": ""Eléctricos"", ""Transmisión"": ""Automática"", ""Combustible"": ""Gasolina""}, ""url"": ""https://ecuador.patiotuerca.com/vehicle/autos-chevrolet-captiva_sport-quito-2016/1854691""}",2026-02-02 19:37:36.186925
Tungurahua,2016,14000.0,https://ecuador.patiotuerca.com/vehicle/autos-hyundai-accent_new-salcedo-2016/1857988,1857988,Hyundai,Accent New,277000,Aire Acondicionado,,Plata,1400,Manual,,Tela,Gasolina,,,Salcedo,Negociable,"{""id_record"": ""1857988"", ""summary"": {""Año"": ""2016"", ""Ciudad"": ""Salcedo"", ""Recorrido"": ""277000 Kms"", ""Tipo de pago"": ""Negociable"", ""Precio Contado"": ""$14.000""}, ""ficha_tecnica"": {""Publicación"": ""#1857988"", ""Marca"": ""Hyundai"", ""Modelo"": ""Accent New"", ""Subtipo"": ""Sedán"", ""Recorrido"": ""277000 Kms"", ""Sistema de climatización"": ""Aire Acondicionado"", ""Color"": ""Plata"", ""Último número de la placa"": ""1"", ""Vidrios"": ""Eléctricos"", ""Transmisión"": ""Manual"", ""Motor(cilindraje)"": ""1400"", ""Tapizado"": ""Tela"", ""Combustible"": ""Gasolina"", ""Placa"": ""Tungurahua""}, ""url"": ""https://ecuador.patiotuerca.com/vehicle/autos-hyundai-accent_new-salcedo-2016/1857988""}",2026-02-02 19:37:36.186925
Zamora Chinchipe,2016,55000.0,https://ecuador.patiotuerca.com/vehicle/pesados-dayun-dyx3251-cuenca-2016/1901106,1901106,DAYUN,DYX3251,228000,Aire Acondicionado,6 x 4,Blanco,"11,600",Manual,Hidráulica,Tela,Diesel,420HP,,Cuenca,Negociable,"{""id_record"": ""1901106"", ""summary"": {""Año"": ""2016"", ""Ciudad"": ""Cuenca"", ""Recorrido"": ""228000 Kms"", ""Tipo de pago"": ""Negociable"", ""Precio Contado"": ""$55.000""}, ""ficha_tecnica"": {""Publicación"": ""#1901106"", ""Marca"": ""DAYUN"", ""Modelo"": ""DYX3251"", ""Subtipo"": ""Volqueta"", ""Recorrido"": ""228000 Kms"", ""Sistema de climatización"": ""Aire Acondicionado"", ""Tracción"": ""6 x 4"", ""Color"": ""Blanco"", ""Último número de la placa"": ""6"", ""Vidrios"": ""Eléctricos delanteros"", ""Transmisión"": ""Manual"", ""Dirección"": ""Hidráulica"", ""Motor(cilindraje)"": ""11,600"", ""Tipo de Motor"": ""420HP"", ""Tapizado"": ""Tela"", ""Combustible"": ""Diesel"", ""Placa"": ""Zamora Chinchipe""}, ""url"": ""https://ecuador.patiotuerca.com/vehicle/pesados-dayun-dyx3251-cuenca-2016/1901106""}",2026-02-02 19:37:36.186925
Tungurahua,2016,12900.0,https://ecuador.patiotuerca.com/vehicle/autos-kia-k3000_cs-manta-2016/1907530,1907530,Kia,K3000 CS,97500,,,Blanco,3000,,,,,,,Manta,Negociable,"{""id_record"": ""1907530"", ""summary"": {""Año"": ""2016"", ""Ciudad"": ""Manta"", ""Recorrido"": ""97500 Kms"", ""Tipo de pago"": ""Negociable"", ""Precio Contado"": ""$12.900""}, ""ficha_tecnica"": {""Publicación"": ""#1907530"", ""Marca"": ""Kia"", ""Modelo"": ""K3000 CS"", ""Subtipo"": ""Otro"", ""Recorrido"": ""97500 Kms"", ""Color"": ""Blanco"", ""Último número de la placa"": ""6"", ""Motor(cilindraje)"": ""3000"", ""Placa"": ""Tungurahua""}, ""url"": ""https://ecuador.patiotuerca.com/vehicle/autos-kia-k3000_cs-manta-2016/1907530""}",2026-02-02 19:37:36.186925
Pichincha,2016,20900.0,https://ecuador.patiotuerca.com/vehicle/autos-ford-edge_sel-quito-2016/1914423,1914423,Ford,Edge Sel,111732,Aire Acondicionado,,Negro,3500,Automática,,,Gasolina,,,Quito,Negociable,"{""id_record"": ""1914423"", ""summary"": {""Año"": ""2016"", ""Ciudad"": ""Quito"", ""Recorrido"": ""111732 Kms"", ""Tipo de pago"": ""Negociable"", ""Precio Contado"": ""$20.900""}, ""ficha_tecnica"": {""Publicación"": ""#1914423"", ""Marca"": ""Ford"", ""Modelo"": ""Edge Sel"", ""Subtipo"": ""Todoterreno"", ""Recorrido"": ""111732 Kms"", ""Sistema de climatización"": ""Aire Acondicionado"", ""Color"": ""Negro"", ""Último número de la placa"": ""6"", ""Vidrios"": ""Eléctricos"", ""Transmisión"": ""Automática"", ""Motor(cilindraje)"": ""3500"", ""Tipo de Motor"": """", ""Combustible"": ""Gasolina"", ""Placa"": ""Pichincha""}, ""url"": ""https://ecuador.patiotuerca.com/vehicle/autos-ford-edge_sel-quito-2016/1914423""}",2026-02-02 19:37:36.186925
Pichincha,2016,47900.0,https://ecuador.patiotuerca.com/vehicle/autos-bmw-x5_xdrive35i-quito-2016/1922523,1922523,BMW,X5 xDrive35i,57000,Aire Acondicionado,,Negro,4000,Automática,Hidráulica,Cuero,Gasolina,,,Quito,Negociable,"{""id_record"": ""1922523"", ""summary"": {""Año"": ""2016"", ""Ciudad"": ""Quito"", ""Recorrido"": ""57000 Kms"", ""Tipo de pago"": ""Negociable"", ""Precio Contado"": ""$47.900""}, ""ficha_tecnica"": {""Publicación"": ""#1922523"", ""Marca"": ""BMW"", ""Modelo"": ""X5 xDrive35i"", ""Subtipo"": ""Todoterreno"", ""Recorrido"": ""57000 Kms"", ""Sistema de climatización"": ""Aire Acondicionado"", ""Color"": ""Negro"", ""Último número de la placa"": ""8"", ""Vidrios"": ""Eléctricos"", ""Transmisión"": ""Automática"", ""Dirección"": ""Hidráulica"", ""Motor(cilindraje)"": ""4000"", ""Tipo de Motor"": """", ""Tapizado"": ""Cuero"", ""Combustible"": ""Gasolina"", ""Placa"": ""Pichincha""}, ""url"": ""https://ecuador.patiotuerca.com/vehicle/autos-bmw-x5_xdrive35i-quito-2016/1922523""}",2026-02-02 19:37:36.186925
Pichincha,2016,14600.0,https://ecuador.patiotuerca.com/vehicle/autos-hyundai-sonata_hybrid-quito-2016/1923050,1923050,Hyundai,Sonata Hybrid,101000,Aire Acondicionado,4 x 2,Azul,2000,Automática,Hidráulica,Cuero,Gasolina,,,Quito,Negociable,"{""id_record"": ""1923050"", ""summary"": {""Año"": ""2016"", ""Ciudad"": ""Quito"", ""Recorrido"": ""101000 Kms"", ""Tipo de pago"": ""Negociable"", ""Precio Contado"": ""$14.600""}, ""ficha_tecnica"": {""Publicación"": ""#1923050"", ""Marca"": ""Hyundai"", ""Modelo"": ""Sonata Hybrid"", ""Subtipo"": ""Sedán"", ""Recorrido"": ""101000 Kms"", ""Sistema de climatización"": ""Aire Acondicionado"", ""Tracción"": ""4 x 2"", ""Color"": ""Azul"", ""Último número de la placa"": ""8"", ""Vidrios"": ""Eléctricos"", ""Transmisión"": ""Automática"", ""Dirección"": ""Hidráulica"", ""Motor(cilindraje)"": ""2000"", ""Tipo de Motor"": """", ""Tapizado"": ""Cuero"", ""Combustible"": ""Gasolina"", ""Placa"": ""Pichincha""}, ""url"": ""https://ecuador.patiotuerca.com/vehicle/autos-hyundai-sonata_hybrid-quito-2016/1923050""}",2026-02-02 19:37:36.186925
Pichincha,2017,19900.0,https://ecuador.patiotuerca.com/vehicle/autos-nissan-x-trail_sense-sangolqui-2017/1924336,1924336,Nissan,X-Trail Sense,89235,Climatizador,4 x 2,Plata,2500,Automática,Hidráulica,Tela,Gasolina,,,Sangolqui,Negociable,"{""id_record"": ""1924336"", ""summary"": {""Año"": ""2017"", ""Ciudad"": ""Sangolqui"", ""Recorrido"": ""89235 Kms"", ""Tipo de pago"": ""Negociable"", ""Precio Contado"": ""$19.900""}, ""ficha_tecnica"": {""Publicación"": ""#1924336"", ""Marca"": ""Nissan"", ""Modelo"": ""X-Trail Sense"", ""Subtipo"": ""SUV"", ""Recorrido"": ""89235 Kms"", ""Sistema de climatización"": ""Climatizador"", ""Tracción"": ""4 x 2"", ""Color"": ""Plata"", ""Último número de la placa"": ""7"", ""Vidrios"": ""Eléctricos"", ""Transmisión"": ""Automática"", ""Dirección"": ""Hidráulica"", ""Motor(cilindraje)"": ""2500"", ""Tipo de Motor"": """", ""Tapizado"": ""Tela"", ""Combustible"": ""Gasolina"", ""Placa"": ""Pichincha""}, ""url"": ""https://ecuador.patiotuerca.com/vehicle/autos-nissan-x-trail_sense-sangolqui-2017/1924336""}",2026-02-02 19:40:48.498760
Pichincha,2016,17500.0,https://ecuador.patiotuerca.com/vehicle/autos-nissan-altima-quito-2016/1926982,1926982,Nissan,Altima,,Climatizador Bi-Zona,4 x 2,Gris,2500,Automática,Electrónica,Cuero,Gasolina,,,Quito,Negociable,"{""id_record"": ""1926982"", ""summary"": {""Año"": ""2016"", ""Ciudad"": ""Quito"", ""Recorrido"": ""42000 Millas"", ""Tipo de pago"": ""Negociable"", ""Precio Contado"": ""$17.500""}, ""ficha_tecnica"": {""Publicación"": ""#1926982"", ""Marca"": ""Nissan"", ""Modelo"": ""Altima"", ""Subtipo"": ""Sedán"", ""Recorrido"": ""42000 Millas"", ""Sistema de climatización"": ""Climatizador Bi-Zona"", ""Tracción"": ""4 x 2"", ""Color"": ""Gris"", ""Último número de la placa"": ""5"", ""Vidrios"": ""Eléctricos"", ""Transmisión"": ""Automática"", ""Dirección"": ""Electrónica"", ""Motor(cilindraje)"": ""2500"", ""Tapizado"": ""Cuero"", ""Combustible"": ""Gasolina"", ""Placa"": ""Pichincha""}, ""url"": ""https://ecuador.patiotuerca.com/vehicle/autos-nissan-altima-quito-2016/1926982""}",2026-02-02 19:37:36.186925
N/A,2025,19990.0,https://ecuador.patiotuerca.com/vehicle/pesados-faw-tiger_vr-quito-2025/1927606,1927606,Faw,TIGER VR,0,,,Blanco,23,,,,,110 HP,,Quito,Negociable,"{""id_record"": ""1927606"", ""summary"": {""Año"": ""2025"", ""Ciudad"": ""Quito"", ""Recorrido"": ""0 Kms"", ""Tipo de pago"": ""Negociable"", ""Precio Contado"": ""$19.990""}, ""ficha_tecnica"": {""Publicación"": ""#1927606"", ""Marca"": ""Faw"", ""Modelo"": ""TIGER VR"", ""Subtipo"": ""Camión Ligero (0 a 3 ton)"", ""Recorrido"": ""0 Kms"", ""Color"": ""Blanco"", ""Último número de la placa"": ""0"", ""Motor(cilindraje)"": ""23"", ""Tipo de Motor"": ""110 HP"", ""Placa"": ""N/A""}, ""url"": ""https://ecuador.patiotuerca.com/vehicle/pesados-faw-tiger_vr-quito-2025/1927606""}",2026-02-02 19:40:48.498760
Guayas,2016,12900.0,https://ecuador.patiotuerca.com/vehicle/autos-chevrolet-tracker_lt-guayaquil-2016/1929046,1929046,Chevrolet,Tracker LT,140000,Aire Acondicionado,4 x 2,Plomo,1800,Automática,N/A,Tela,Gasolina,,,Guayaquil,Negociable,"{""id_record"": ""1929046"", ""summary"": {""Año"": ""2016"", ""Ciudad"": ""Guayaquil"", ""Recorrido"": ""140000 Kms"", ""Tipo de pago"": ""Negociable"", ""Precio Contado"": ""$12.900""}, ""ficha_tecnica"": {""Publicación"": ""#1929046"", ""Marca"": ""Chevrolet"", ""Modelo"": ""Tracker LT"", ""Subtipo"": ""SUV"", ""Recorrido"": ""140000 Kms"", ""Sistema de climatización"": ""Aire Acondicionado"", ""Tracción"": ""4 x 2"", ""Color"": ""Plomo"", ""Último número de la placa"": ""7"", ""Vidrios"": ""N/A"", ""Transmisión"": ""Automática"", ""Dirección"": ""N/A"", ""Motor(cilindraje)"": ""1800"", ""Tipo de Motor"": """", ""Tapizado"": ""Tela"", ""Combustible"": ""Gasolina"", ""Placa"": ""Guayas""}, ""url"": ""https://ecuador.patiotuerca.com/vehicle/autos-chevrolet-tracker_lt-guayaquil-2016/1929046""}",2026-02-02 19:37:36.186925
Pichincha,2016,20900.0,https://ecuador.patiotuerca.com/vehicle/autos-ford-edge_sel-quito-2016/1930387,1930387,Ford,Edge Sel,151000,Aire Acondicionado,4 x 2,Negro,3500,Automática,Hidráulica,Tela,Gasolina,,,Quito,Negociable,"{""id_record"": ""1930387"", ""summary"": {""Año"": ""2016"", ""Ciudad"": ""Quito"", ""Recorrido"": ""151000 Kms"", ""Tipo de pago"": ""Negociable"", ""Precio Contado"": ""$20.900""}, ""ficha_tecnica"": {""Publicación"": ""#1930387"", ""Marca"": ""Ford"", ""Modelo"": ""Edge Sel"", ""Subtipo"": ""Todoterreno"", ""Recorrido"": ""151000 Kms"", ""Sistema de climatización"": ""Aire Acondicionado"", ""Tracción"": ""4 x 2"", ""Color"": ""Negro"", ""Último número de la placa"": ""7"", ""Vidrios"": ""Eléctricos"", ""Transmisión"": ""Automática"", ""Dirección"": ""Hidráulica"", ""Motor(cilindraje)"": ""3500"", ""Tapizado"": ""Tela"", ""Combustible"": ""Gasolina"", ""Placa"": ""Pichincha""}, ""url"": ""https://ecuador.patiotuerca.com/vehicle/autos-ford-edge_sel-quito-2016/1930387""}",2026-02-02 19:37:36.186925
Pichincha,2016,14900.0,https://ecuador.patiotuerca.com/vehicle/autos-volkswagen-passat-quito-2016/1932849,1932849,Volkswagen,Passat,,Climatizador Bi-Zona,4 x 2,Plata,2000,Automática,Hidráulica,Cuero,Diesel,,,Quito,Negociable,"{""id_record"": ""1932849"", ""summary"": {""Año"": ""2016"", ""Ciudad"": ""Quito"", ""Recorrido"": ""117000 Millas"", ""Tipo de pago"": ""Negociable"", ""Precio Contado"": ""$14.900""}, ""ficha_tecnica"": {""Publicación"": ""#1932849"", ""Marca"": ""Volkswagen"", ""Modelo"": ""Passat"", ""Subtipo"": ""Sedán"", ""Recorrido"": ""117000 Millas"", ""Sistema de climatización"": ""Climatizador Bi-Zona"", ""Tracción"": ""4 x 2"", ""Color"": ""Plata"", ""Último número de la placa"": ""2"", ""Vidrios"": ""Eléctricos"", ""Transmisión"": ""Automática"", ""Dirección"": ""Hidráulica"", ""Motor(cilindraje)"": ""2000"", ""Tapizado"": ""Cuero"", ""Combustible"": ""Diesel"", ""Placa"": ""Pichincha""}, ""url"": ""https://ecuador.patiotuerca.com/vehicle/autos-volkswagen-passat-quito-2016/1932849""}",2026-02-02 19:37:36.186925
Tungurahua,2016,55000.0,https://ecuador.patiotuerca.com/vehicle/autos-toyota-land_cruiser_prado_tx-ambato-2016/1933957,1933957,Toyota,Land Cruiser Prado TX,90000,Aire Acondicionado,4 x 4,Dorado,4000,,,Cuero,Gasolina,,,Ambato,Fijo,"{""id_record"": ""1933957"", ""summary"": {""Año"": ""2016"", ""Ciudad"": ""Ambato"", ""Recorrido"": ""90000 Kms"", ""Tipo de pago"": ""Fijo"", ""Precio Contado"": ""$55.000""}, ""ficha_tecnica"": {""Publicación"": ""#1933957"", ""Marca"": ""Toyota"", ""Modelo"": ""Land Cruiser Prado TX"", ""Subtipo"": ""Todoterreno"", ""Recorrido"": ""90000 Kms"", ""Sistema de climatización"": ""Aire Acondicionado"", ""Tracción"": ""4 x 4"", ""Color"": ""Dorado"", ""Último número de la placa"": ""3"", ""Vidrios"": ""Eléctricos"", ""Transmisión"": ""Tiptronic"", ""Motor(cilindraje)"": ""4000"", ""Tapizado"": ""Cuero"", ""Combustible"": ""Gasolina"", ""Placa"": ""Tungurahua""}, ""url"": ""https://ecuador.patiotuerca.com/vehicle/autos-toyota-land_cruiser_prado_tx-ambato-2016/1933957""}",2026-02-02 19:37:36.186925
Pichincha,2017,42400.0,https://ecuador.patiotuerca.com/vehicle/autos-mercedes_benz-glc_250-quito-2017/1934065,1934065,Mercedes Benz,GLC 250,55000,Aire Acondicionado,4 x 4,Plata,2000,Automática,Hidráulica,Cuero,Gasolina,,,Quito,Negociable,"{""id_record"": ""1934065"", ""summary"": {""Año"": ""2017"", ""Ciudad"": ""Quito"", ""Recorrido"": ""55000 Kms"", ""Tipo de pago"": ""Negociable"", ""Precio Contado"": ""$42.400""}, ""ficha_tecnica"": {""Publicación"": ""#1934065"", ""Marca"": ""Mercedes Benz"", ""Modelo"": ""GLC 250"", ""Subtipo"": ""Todoterreno"", ""Recorrido"": ""55000 Kms"", ""Sistema de climatización"": ""Aire Acondicionado"", ""Tracción"": ""4 x 4"", ""Color"": ""Plata"", ""Último número de la placa"": ""7"", ""Vidrios"": ""Eléctricos"", ""Transmisión"": ""Automática"", ""Dirección"": ""Hidráulica"", ""Motor(cilindraje)"": ""2000"", ""Tipo de Motor"": """", ""Tapizado"": ""Cuero"", ""Combustible"": ""Gasolina"", ""Placa"": ""Pichincha""}, ""url"": ""https://ecuador.patiotuerca.com/vehicle/autos-mercedes_benz-glc_250-quito-2017/1934065""}",2026-02-02 19:40:48.498760
,2017,13300.0,https://ecuador.patiotuerca.com/vehicle/autos-hyundai-ioniq-quito-2017/1935537,1935537,Hyundai,IONIQ,118000,,,Blanco,,,,,,4 en línea 139H,,Quito,Negociable,"{""id_record"": ""1935537"", ""summary"": {""Año"": ""2017"", ""Ciudad"": ""Quito"", ""Recorrido"": ""118000 Kms"", ""Tipo de pago"": ""Negociable"", ""Precio Contado"": ""$13.300""}, ""ficha_tecnica"": {""Publicación"": ""#1935537"", ""Marca"": ""Hyundai"", ""Modelo"": ""IONIQ"", ""Subtipo"": ""SUV"", ""Recorrido"": ""118000 Kms"", ""Color"": ""Blanco"", ""Último número de la placa"": ""5"", ""Motor(cilindraje)"": """", ""Tipo de Motor"": ""4 en línea 139H""}, ""url"": ""https://ecuador.patiotuerca.com/vehicle/autos-hyundai-ioniq-quito-2017/1935537""}",2026-02-02 19:40:48.498760
Pichincha,2016,25900.0,https://ecuador.patiotuerca.com/vehicle/autos-nissan-pathfinder-quito-2016/1937084,1937084,Nissan,Pathfinder,190000,Aire Acondicionado,4 x 4,Blanco,3500,Automática,Hidráulica,Tela,Gasolina,,,Quito,Negociable,"{""id_record"": ""1937084"", ""summary"": {""Año"": ""2016"", ""Ciudad"": ""Quito"", ""Recorrido"": ""190000 Kms"", ""Tipo de pago"": ""Negociable"", ""Precio Contado"": ""$25.900""}, ""ficha_tecnica"": {""Publicación"": ""#1937084"", ""Marca"": ""Nissan"", ""Modelo"": ""Pathfinder"", ""Subtipo"": ""Todoterreno"", ""Recorrido"": ""190000 Kms"", ""Sistema de climatización"": ""Aire Acondicionado"", ""Tracción"": ""4 x 4"", ""Color"": ""Blanco"", ""Último número de la placa"": ""1"", ""Vidrios"": ""Eléctricos"", ""Transmisión"": ""Automática"", ""Dirección"": ""Hidráulica"", ""Motor(cilindraje)"": ""3500"", ""Tapizado"": ""Tela"", ""Combustible"": ""Gasolina"", ""Placa"": ""Pichincha""}, ""url"": ""https://ecuador.patiotuerca.com/vehicle/autos-nissan-pathfinder-quito-2016/1937084""}",2026-02-02 19:37:36.186925
Pichincha,2017,52000.0,https://ecuador.patiotuerca.com/vehicle/autos-ford-mustang-quito-2017/1937409,1937409,Ford,Mustang,40000,Aire Acondicionado,4 x 2,Rojo,2300,Manual,Hidráulica,Tela,Gasolina,,,Quito,Negociable,"{""id_record"": ""1937409"", ""summary"": {""Año"": ""2017"", ""Ciudad"": ""Quito"", ""Recorrido"": ""40000 Kms"", ""Tipo de pago"": ""Negociable"", ""Precio Contado"": ""$52.000""}, ""ficha_tecnica"": {""Publicación"": ""#1937409"", ""Marca"": ""Ford"", ""Modelo"": ""Mustang"", ""Subtipo"": ""Sedán"", ""Recorrido"": ""40000 Kms"", ""Sistema de climatización"": ""Aire Acondicionado"", ""Tracción"": ""4 x 2"", ""Color"": ""Rojo"", ""Último número de la placa"": ""7"", ""Vidrios"": ""Eléctricos"", ""Transmisión"": ""Manual"", ""Dirección"": ""Hidráulica"", ""Motor(cilindraje)"": ""2300"", ""Tapizado"": ""Tela"", ""Combustible"": ""Gasolina"", ""Placa"": ""Pichincha""}, ""url"": ""https://ecuador.patiotuerca.com/vehicle/autos-ford-mustang-quito-2017/1937409""}",2026-02-02 19:40:48.498760
Los Rios,2016,15000.0,https://ecuador.patiotuerca.com/vehicle/pesados-kia-k3000-santo_domingo-2016/1938252,1938252,Kia,K3000,90000,Calefacción,4 x 2,Blanco,3000,Manual,Hidráulica,Tela,Diesel,,,Santo Domingo,Fijo,"{""id_record"": ""1938252"", ""summary"": {""Año"": ""2016"", ""Ciudad"": ""Santo Domingo"", ""Recorrido"": ""90000 Kms"", ""Tipo de pago"": ""Fijo"", ""Precio Contado"": ""$15.000""}, ""ficha_tecnica"": {""Publicación"": ""#1938252"", ""Marca"": ""Kia"", ""Modelo"": ""K3000"", ""Subtipo"": ""Camión Ligero (0 a 3 ton)"", ""Recorrido"": ""90000 Kms"", ""Sistema de climatización"": ""Calefacción"", ""Tracción"": ""4 x 2"", ""Color"": ""Blanco"", ""Último número de la placa"": ""7"", ""Vidrios"": ""Manuales"", ""Transmisión"": ""Manual"", ""Dirección"": ""Hidráulica"", ""Motor(cilindraje)"": ""3000"", ""Tipo de Motor"": """", ""Tapizado"": ""Tela"", ""Combustible"": ""Diesel"", ""Placa"": ""Los Rios""}, ""url"": ""https://ecuador.patiotuerca.com/vehicle/pesados-kia-k3000-santo_domingo-2016/1938252""}",2026-02-02 19:37:36.186925
Manabí,2016,13000.0,https://ecuador.patiotuerca.com/vehicle/autos-jeep-compass-guayaquil-2016/1939718,1939718,Jeep,Compass,60000,Aire Acondicionado,4 x 2,Blanco,2000,Automática,Hidráulica,N/A,Gasolina,,,Guayaquil,Negociable,"{""id_record"": ""1939718"", ""summary"": {""Año"": ""2016"", ""Ciudad"": ""Guayaquil"", ""Recorrido"": ""60000 Kms"", ""Tipo de pago"": ""Negociable"", ""Precio Contado"": ""$13.000""}, ""ficha_tecnica"": {""Publicación"": ""#1939718"", ""Marca"": ""Jeep"", ""Modelo"": ""Compass"", ""Subtipo"": ""Todoterreno"", ""Recorrido"": ""60000 Kms"", ""Sistema de climatización"": ""Aire Acondicionado"", ""Tracción"": ""4 x 2"", ""Color"": ""Blanco"", ""Último número de la placa"": ""5"", ""Vidrios"": ""Eléctricos"", ""Transmisión"": ""Automática"", ""Dirección"": ""Hidráulica"", ""Motor(cilindraje)"": ""2000"", ""Tapizado"": ""N/A"", ""Combustible"": ""Gasolina"", ""Placa"": ""Manabí""}, ""url"": ""https://ecuador.patiotuerca.com/vehicle/autos-jeep-compass-guayaquil-2016/1939718""}",2026-02-02 19:37:36.186925
Pichincha,2017,15500.0,https://ecuador.patiotuerca.com/vehicle/autos-jeep-compass-cuenca-2017/1940332,1940332,Jeep,Compass,147144,Aire Acondicionado,4 x 2,Plomo,2360,Automática,Hidráulica,Tela,Gasolina,,,Cuenca,Negociable,"{""id_record"": ""1940332"", ""summary"": {""Año"": ""2017"", ""Ciudad"": ""Cuenca"", ""Recorrido"": ""147144 Kms"", ""Tipo de pago"": ""Negociable"", ""Precio Contado"": ""$15.500""}, ""ficha_tecnica"": {""Publicación"": ""#1940332"", ""Marca"": ""Jeep"", ""Modelo"": ""Compass"", ""Subtipo"": ""Todoterreno"", ""Recorrido"": ""147144 Kms"", ""Sistema de climatización"": ""Aire Acondicionado"", ""Tracción"": ""4 x 2"", ""Color"": ""Plomo"", ""Último número de la placa"": ""6"", ""Vidrios"": ""Eléctricos"", ""Transmisión"": ""Automática"", ""Dirección"": ""Hidráulica"", ""Motor(cilindraje)"": ""2360"", ""Tapizado"": ""Tela"", ""Combustible"": ""Gasolina"", ""Placa"": ""Pichincha""}, ""url"": ""https://ecuador.patiotuerca.com/vehicle/autos-jeep-compass-cuenca-2017/1940332""}",2026-02-02 19:40:48.498760
Pichincha,2017,36900.0,https://ecuador.patiotuerca.com/vehicle/autos-ford-explorer_xlt-quito-2017/1940656,1940656,Ford,Explorer XLT,74000,Climatizador Tri-Zona,4 x 4,Azul,3500,Automática,,Cuero,Gasolina,,,Quito,Negociable,"{""id_record"": ""1940656"", ""summary"": {""Año"": ""2017"", ""Ciudad"": ""Quito"", ""Recorrido"": ""74000 Kms"", ""Tipo de pago"": ""Negociable"", ""Precio Contado"": ""$36.900""}, ""ficha_tecnica"": {""Publicación"": ""#1940656"", ""Marca"": ""Ford"", ""Modelo"": ""Explorer XLT"", ""Subtipo"": ""Todoterreno"", ""Recorrido"": ""74000 Kms"", ""Sistema de climatización"": ""Climatizador Tri-Zona"", ""Tracción"": ""4 x 4"", ""Color"": ""Azul"", ""Último número de la placa"": ""7"", ""Vidrios"": ""Eléctricos"", ""Transmisión"": ""Automática"", ""Motor(cilindraje)"": ""3500"", ""Tapizado"": ""Cuero"", ""Combustible"": ""Gasolina"", ""Placa"": ""Pichincha""}, ""url"": ""https://ecuador.patiotuerca.com/vehicle/autos-ford-explorer_xlt-quito-2017/1940656""}",2026-02-02 19:40:48.498760
Guayas,2006,9500.0,https://ecuador.patiotuerca.com/vehicle/pesados-kia-k2700-guayaquil-2006/1940781,1940781,Kia,K2700,100000,N/A,4 x 2,Blanco,2.7,Manual,Hidráulica,Cuero,Diesel,,,Guayaquil,Negociable,"{""id_record"": ""1940781"", ""summary"": {""Año"": ""2006"", ""Ciudad"": ""Guayaquil"", ""Recorrido"": ""100000 Kms"", ""Tipo de pago"": ""Negociable"", ""Precio Contado"": ""$9.500""}, ""ficha_tecnica"": {""Publicación"": ""#1940781"", ""Marca"": ""Kia"", ""Modelo"": ""K2700"", ""Subtipo"": ""Camión Ligero (0 a 3 ton)"", ""Recorrido"": ""100000 Kms"", ""Sistema de climatización"": ""N/A"", ""Tracción"": ""4 x 2"", ""Color"": ""Blanco"", ""Último número de la placa"": ""6"", ""Vidrios"": ""Manuales"", ""Transmisión"": ""Manual"", ""Dirección"": ""Hidráulica"", ""Motor(cilindraje)"": ""2.7"", ""Tapizado"": ""Cuero"", ""Combustible"": ""Diesel"", ""Placa"": ""Guayas""}, ""url"": ""https://ecuador.patiotuerca.com/vehicle/pesados-kia-k2700-guayaquil-2006/1940781""}",2026-02-02 19:40:48.501293
Guayas,2017,19900.0,https://ecuador.patiotuerca.com/vehicle/autos-kia-sportage_r_gti-guayaquil-2017/1941199,1941199,Kia,SPORTAGE R GTI,109000,Aire Acondicionado,4 x 2,Azul,2000,Automática,Electrónica,Cuero,Gasolina,,,Guayaquil,Fijo,"{""id_record"": ""1941199"", ""summary"": {""Año"": ""2017"", ""Ciudad"": ""Guayaquil"", ""Recorrido"": ""109000 Kms"", ""Tipo de pago"": ""Fijo"", ""Precio Contado"": ""$19.900""}, ""ficha_tecnica"": {""Publicación"": ""#1941199"", ""Marca"": ""Kia"", ""Modelo"": ""SPORTAGE R GTI"", ""Subtipo"": ""Todoterreno Ligero"", ""Recorrido"": ""109000 Kms"", ""Sistema de climatización"": ""Aire Acondicionado"", ""Tracción"": ""4 x 2"", ""Color"": ""Azul"", ""Último número de la placa"": ""8"", ""Vidrios"": ""Eléctricos"", ""Transmisión"": ""Automática"", ""Dirección"": ""Electrónica"", ""Motor(cilindraje)"": ""2000"", ""Tipo de Motor"": """", ""Tapizado"": ""Cuero"", ""Combustible"": ""Gasolina"", ""Placa"": ""Guayas""}, ""url"": ""https://ecuador.patiotuerca.com/vehicle/autos-kia-sportage_r_gti-guayaquil-2017/1941199""}",2026-02-02 19:40:48.498760
Pichincha,2016,21500.0,https://ecuador.patiotuerca.com/vehicle/autos-hyundai-tucson_diesel-quito-2016/1941365,1941365,Hyundai,Tucson Diesel,78000,Aire Acondicionado,4 x 2,Plata,2,Automática,Asistida,Cuero,Diesel,,,Quito,Negociable,"{""id_record"": ""1941365"", ""summary"": {""Año"": ""2016"", ""Ciudad"": ""Quito"", ""Recorrido"": ""78000 Kms"", ""Tipo de pago"": ""Negociable"", ""Precio Contado"": ""$21.500""}, ""ficha_tecnica"": {""Publicación"": ""#1941365"", ""Marca"": ""Hyundai"", ""Modelo"": ""Tucson Diesel"", ""Subtipo"": ""Todoterreno"", ""Recorrido"": ""78000 Kms"", ""Sistema de climatización"": ""Aire Acondicionado"", ""Tracción"": ""4 x 2"", ""Color"": ""Plata"", ""Último número de la placa"": ""3"", ""Vidrios"": ""Eléctricos"", ""Transmisión"": ""Automática"", ""Dirección"": ""Asistida"", ""Motor(cilindraje)"": ""2"", ""Tapizado"": ""Cuero"", ""Combustible"": ""Diesel"", ""Placa"": ""Pichincha""}, ""url"": ""https://ecuador.patiotuerca.com/vehicle/autos-hyundai-tucson_diesel-quito-2016/1941365""}",2026-02-02 19:37:36.186925
Pichincha,2017,36900.0,https://ecuador.patiotuerca.com/vehicle/autos-mercedes_benz-cla_250-quito-2017/1941622,1941622,Mercedes Benz,CLA 250,46567,Aire Acondicionado,4 x 2,Plomo,2000,Automática,Hidráulica,Cuero,Gasolina,16V DOHC,,Quito,Negociable,"{""id_record"": ""1941622"", ""summary"": {""Año"": ""2017"", ""Ciudad"": ""Quito"", ""Recorrido"": ""46567 Kms"", ""Tipo de pago"": ""Negociable"", ""Precio Contado"": ""$36.900""}, ""ficha_tecnica"": {""Publicación"": ""#1941622"", ""Marca"": ""Mercedes Benz"", ""Modelo"": ""CLA 250"", ""Subtipo"": ""Sedán"", ""Recorrido"": ""46567 Kms"", ""Sistema de climatización"": ""Aire Acondicionado"", ""Tracción"": ""4 x 2"", ""Color"": ""Plomo"", ""Último número de la placa"": ""5"", ""Vidrios"": ""Eléctricos"", ""Transmisión"": ""Automática"", ""Dirección"": ""Hidráulica"", ""Motor(cilindraje)"": ""2000"", ""Tipo de Motor"": ""16V DOHC"", ""Tapizado"": ""Cuero"", ""Combustible"": ""Gasolina"", ""Placa"": ""Pichincha""}, ""url"": ""https://ecuador.patiotuerca.com/vehicle/autos-mercedes_benz-cla_250-quito-2017/1941622""}",2026-02-02 19:40:48.498760
Pichincha,2023,129900.0,https://ecuador.patiotuerca.com/vehicle/pesados-chevrolet-fvr-quito-2023/1941626,1941626,Chevrolet,FVR,23000,Aire Acondicionado,,Blanco,7790,,,,Diesel,,,Quito,Negociable,"{""id_record"": ""1941626"", ""summary"": {""Año"": ""2023"", ""Ciudad"": ""Quito"", ""Recorrido"": ""23000 Kms"", ""Tipo de pago"": ""Negociable"", ""Precio Contado"": ""$129.900""}, ""ficha_tecnica"": {""Publicación"": ""#1941626"", ""Marca"": ""Chevrolet"", ""Modelo"": ""FVR"", ""Subtipo"": ""Camión Mediano (6 a 15 ton)"", ""Recorrido"": ""23000 Kms"", ""Sistema de climatización"": ""Aire Acondicionado"", ""Color"": ""Blanco"", ""Último número de la placa"": ""7"", ""Motor(cilindraje)"": ""7790"", ""Combustible"": ""Diesel"", ""Placa"": ""Pichincha""}, ""url"": ""https://ecuador.patiotuerca.com/vehicle/pesados-chevrolet-fvr-quito-2023/1941626""}",2026-02-02 19:40:48.501293
Pichincha,2021,52800.0,https://ecuador.patiotuerca.com/vehicle/pesados-hino-500-quito-2021/1941688,1941688,Hino,500,245000,Aire Acondicionado,N/A,Blanco,5.1,Manual,Hidráulica,Tela,Diesel,,,Quito,Negociable,"{""id_record"": ""1941688"", ""summary"": {""Año"": ""2021"", ""Ciudad"": ""Quito"", ""Recorrido"": ""245000 Kms"", ""Tipo de pago"": ""Negociable"", ""Precio Contado"": ""$52.800""}, ""ficha_tecnica"": {""Publicación"": ""#1941688"", ""Marca"": ""Hino"", ""Modelo"": ""500"", ""Subtipo"": ""Camión Mediano (6 a 15 ton)"", ""Recorrido"": ""245000 Kms"", ""Sistema de climatización"": ""Aire Acondicionado"", ""Tracción"": ""N/A"", ""Color"": ""Blanco"", ""Último número de la placa"": ""2"", ""Vidrios"": ""Eléctricos"", ""Transmisión"": ""Manual"", ""Dirección"": ""Hidráulica"", ""Motor(cilindraje)"": ""5.1"", ""Tapizado"": ""Tela"", ""Combustible"": ""Diesel"", ""Placa"": ""Pichincha""}, ""url"": ""https://ecuador.patiotuerca.com/vehicle/pesados-hino-500-quito-2021/1941688""}",2026-02-02 19:40:48.501293
Pichincha,2016,14600.0,https://ecuador.patiotuerca.com/vehicle/autos-hyundai-sonata_hybrid-quito-2016/1941689,1941689,Hyundai,Sonata Hybrid,101557,Aire Acondicionado,4 x 2,Azul,2.0,Automática,Electrónica,Cuero,Híbrido,,,Quito,Negociable,"{""id_record"": ""1941689"", ""summary"": {""Año"": ""2016"", ""Ciudad"": ""Quito"", ""Recorrido"": ""101557 Kms"", ""Tipo de pago"": ""Negociable"", ""Precio Contado"": ""$14.600""}, ""ficha_tecnica"": {""Publicación"": ""#1941689"", ""Marca"": ""Hyundai"", ""Modelo"": ""Sonata Hybrid"", ""Subtipo"": ""Sedán"", ""Recorrido"": ""101557 Kms"", ""Sistema de climatización"": ""Aire Acondicionado"", ""Tracción"": ""4 x 2"", ""Color"": ""Azul"", ""Último número de la placa"": ""8"", ""Vidrios"": ""Eléctricos"", ""Transmisión"": ""Automática"", ""Dirección"": ""Electrónica"", ""Motor(cilindraje)"": ""2.0"", ""Tipo de Motor"": """", ""Tapizado"": ""Cuero"", ""Combustible"": ""Híbrido"", ""Placa"": ""Pichincha""}, ""url"": ""https://ecuador.patiotuerca.com/vehicle/autos-hyundai-sonata_hybrid-quito-2016/1941689""}",2026-02-02 19:37:36.186925
Pichincha,2016,18600.0,https://ecuador.patiotuerca.com/vehicle/pesados-chevrolet-nlr-ambato-2016/1941968,1941968,Chevrolet,NLR,216000,Calefacción,4 x 2,Blanco,2770,Manual,Hidráulica,Corosil,Diesel,,,Ambato,Negociable,"{""id_record"": ""1941968"", ""summary"": {""Año"": ""2016"", ""Ciudad"": ""Ambato"", ""Recorrido"": ""216000 Kms"", ""Tipo de pago"": ""Negociable"", ""Precio Contado"": ""$18.600""}, ""ficha_tecnica"": {""Publicación"": ""#1941968"", ""Marca"": ""Chevrolet"", ""Modelo"": ""NLR"", ""Subtipo"": ""Camión Ligero (0 a 3 ton)"", ""Recorrido"": ""216000 Kms"", ""Sistema de climatización"": ""Calefacción"", ""Tracción"": ""4 x 2"", ""Color"": ""Blanco"", ""Último número de la placa"": ""4"", ""Vidrios"": ""Manuales"", ""Transmisión"": ""Manual"", ""Dirección"": ""Hidráulica"", ""Motor(cilindraje)"": ""2770"", ""Tapizado"": ""Corosil"", ""Combustible"": ""Diesel"", ""Placa"": ""Pichincha""}, ""url"": ""https://ecuador.patiotuerca.com/vehicle/pesados-chevrolet-nlr-ambato-2016/1941968""}",2026-02-02 19:37:36.186925
Pichincha,2016,47900.0,https://ecuador.patiotuerca.com/vehicle/autos-jeep-wrangler_unlimited_sport-quito-2016/1942024,1942024,Jeep,Wrangler Unlimited Sport,109000,Aire Acondicionado,4 x 4,Negro,3600,Automática,Hidráulica,Cuero,Gasolina,,,Quito,Negociable,"{""id_record"": ""1942024"", ""summary"": {""Año"": ""2016"", ""Ciudad"": ""Quito"", ""Recorrido"": ""109000 Kms"", ""Tipo de pago"": ""Negociable"", ""Precio Contado"": ""$47.900""}, ""ficha_tecnica"": {""Publicación"": ""#1942024"", ""Marca"": ""Jeep"", ""Modelo"": ""Wrangler Unlimited Sport"", ""Subtipo"": ""Todoterreno"", ""Recorrido"": ""109000 Kms"", ""Sistema de climatización"": ""Aire Acondicionado"", ""Tracción"": ""4 x 4"", ""Color"": ""Negro"", ""Último número de la placa"": ""9"", ""Vidrios"": ""Eléctricos"", ""Transmisión"": ""Automática"", ""Dirección"": ""Hidráulica"", ""Motor(cilindraje)"": ""3600"", ""Tapizado"": ""Cuero"", ""Combustible"": ""Gasolina"", ""Placa"": ""Pichincha""}, ""url"": ""https://ecuador.patiotuerca.com/vehicle/autos-jeep-wrangler_unlimited_sport-quito-2016/1942024""}",2026-02-02 19:37:36.186925
Pichincha,2016,15400.0,https://ecuador.patiotuerca.com/vehicle/autos-suzuki-grand_vitara_sz-quito-2016/1942221,1942221,Suzuki,Grand Vitara SZ,91000,Climatizador,4 x 2,Rojo,2400,Automática,Hidráulica,Tela,Gasolina,,,Quito,Negociable,"{""id_record"": ""1942221"", ""summary"": {""Año"": ""2016"", ""Ciudad"": ""Quito"", ""Recorrido"": ""91000 Kms"", ""Tipo de pago"": ""Negociable"", ""Precio Contado"": ""$15.400""}, ""ficha_tecnica"": {""Publicación"": ""#1942221"", ""Marca"": ""Suzuki"", ""Modelo"": ""Grand Vitara SZ"", ""Subtipo"": ""Todoterreno"", ""Recorrido"": ""91000 Kms"", ""Sistema de climatización"": ""Climatizador"", ""Tracción"": ""4 x 2"", ""Color"": ""Rojo"", ""Último número de la placa"": ""2"", ""Vidrios"": ""Eléctricos"", ""Transmisión"": ""Automática"", ""Dirección"": ""Hidráulica"", ""Motor(cilindraje)"": ""2400"", ""Tipo de Motor"": """", ""Tapizado"": ""Tela"", ""Combustible"": ""Gasolina"", ""Placa"": ""Pichincha""}, ""url"": ""https://ecuador.patiotuerca.com/vehicle/autos-suzuki-grand_vitara_sz-quito-2016/1942221""}",2026-02-02 19:37:36.186925
Pichincha,2016,15399.0,https://ecuador.patiotuerca.com/vehicle/autos-suzuki-gran_vitara_sz_next-quito-2016/1942222,1942222,Suzuki,GRAN VITARA SZ NEXT,90999,Climatizador,4 x 2,Vino,2399,Automática,Hidráulica,Tela,Gasolina,,,Quito,Negociable,"{""id_record"": ""1942222"", ""summary"": {""Año"": ""2016"", ""Ciudad"": ""Quito"", ""Recorrido"": ""90999 Kms"", ""Tipo de pago"": ""Negociable"", ""Precio Contado"": ""$15.399""}, ""ficha_tecnica"": {""Publicación"": ""#1942222"", ""Marca"": ""Suzuki"", ""Modelo"": ""GRAN VITARA SZ NEXT"", ""Subtipo"": ""Todoterreno"", ""Recorrido"": ""90999 Kms"", ""Sistema de climatización"": ""Climatizador"", ""Tracción"": ""4 x 2"", ""Color"": ""Vino"", ""Último número de la placa"": ""2"", ""Vidrios"": ""Eléctricos"", ""Transmisión"": ""Automática"", ""Dirección"": ""Hidráulica"", ""Motor(cilindraje)"": ""2399"", ""Tipo de Motor"": """", ""Tapizado"": ""Tela"", ""Combustible"": ""Gasolina"", ""Placa"": ""Pichincha""}, ""url"": ""https://ecuador.patiotuerca.com/vehicle/autos-suzuki-gran_vitara_sz_next-quito-2016/1942222""}",2026-02-02 19:37:36.186925
Pichincha,2017,19500.0,https://ecuador.patiotuerca.com/vehicle/autos-mazda-cx-3_grand_touring-quito-2017/1942322,1942322,Mazda,CX-3 Grand Touring,125000,Climatizador,4 x 2,Azul,2000,,Hidráulica,Cuero,Gasolina,,,Quito,Negociable,"{""id_record"": ""1942322"", ""summary"": {""Año"": ""2017"", ""Ciudad"": ""Quito"", ""Recorrido"": ""125000 Kms"", ""Tipo de pago"": ""Negociable"", ""Precio Contado"": ""$19.500""}, ""ficha_tecnica"": {""Publicación"": ""#1942322"", ""Marca"": ""Mazda"", ""Modelo"": ""CX-3 Grand Touring"", ""Subtipo"": ""Hatchback (5 Puertas)"", ""Recorrido"": ""125000 Kms"", ""Sistema de climatización"": ""Climatizador"", ""Tracción"": ""4 x 2"", ""Color"": ""Azul"", ""Último número de la placa"": ""5"", ""Vidrios"": ""Eléctricos"", ""Transmisión"": ""Secuencial"", ""Dirección"": ""Hidráulica"", ""Motor(cilindraje)"": ""2000"", ""Tapizado"": ""Cuero"", ""Combustible"": ""Gasolina"", ""Placa"": ""Pichincha""}, ""url"": ""https://ecuador.patiotuerca.com/vehicle/autos-mazda-cx-3_grand_touring-quito-2017/1942322""}",2026-02-02 19:40:48.498760
Guayas,2016,16900.0,https://ecuador.patiotuerca.com/vehicle/autos-nissan-x-trail_sense-guayaquil-2016/1942332,1942332,Nissan,X-Trail Sense,169240,Aire Acondicionado,4 x 2,Azul,2500,Automática,Electrónica,Cuero,Gasolina,,,Guayaquil,Negociable,"{""id_record"": ""1942332"", ""summary"": {""Año"": ""2016"", ""Ciudad"": ""Guayaquil"", ""Recorrido"": ""169240 Kms"", ""Tipo de pago"": ""Negociable"", ""Precio Contado"": ""$16.900""}, ""ficha_tecnica"": {""Publicación"": ""#1942332"", ""Marca"": ""Nissan"", ""Modelo"": ""X-Trail Sense"", ""Subtipo"": ""SUV"", ""Recorrido"": ""169240 Kms"", ""Sistema de climatización"": ""Aire Acondicionado"", ""Tracción"": ""4 x 2"", ""Color"": ""Azul"", ""Último número de la placa"": ""7"", ""Vidrios"": ""Eléctricos"", ""Transmisión"": ""Automática"", ""Dirección"": ""Electrónica"", ""Motor(cilindraje)"": ""2500"", ""Tipo de Motor"": """", ""Tapizado"": ""Cuero"", ""Combustible"": ""Gasolina"", ""Placa"": ""Guayas""}, ""url"": ""https://ecuador.patiotuerca.com/vehicle/autos-nissan-x-trail_sense-guayaquil-2016/1942332""}",2026-02-02 19:37:36.186925
Pichincha,2017,37500.0,https://ecuador.patiotuerca.com/vehicle/autos-mercedes_benz-glc_250-quito-2017/1942582,1942582,Mercedes Benz,GLC 250,97000,Climatizador Bi-Zona,4 x 4,Café,2500,,N/A,Cuero,Gasolina,,,Quito,Fijo,"{""id_record"": ""1942582"", ""summary"": {""Año"": ""2017"", ""Ciudad"": ""Quito"", ""Recorrido"": ""97000 Kms"", ""Tipo de pago"": ""Fijo"", ""Precio Contado"": ""$37.500""}, ""ficha_tecnica"": {""Publicación"": ""#1942582"", ""Marca"": ""Mercedes Benz"", ""Modelo"": ""GLC 250"", ""Subtipo"": ""Todoterreno"", ""Recorrido"": ""97000 Kms"", ""Sistema de climatización"": ""Climatizador Bi-Zona"", ""Tracción"": ""4 x 4"", ""Color"": ""Café"", ""Último número de la placa"": ""1"", ""Vidrios"": ""Eléctricos"", ""Transmisión"": ""Multitronic"", ""Dirección"": ""N/A"", ""Motor(cilindraje)"": ""2500"", ""Tapizado"": ""Cuero"", ""Combustible"": ""Gasolina"", ""Placa"": ""Pichincha""}, ""url"": ""https://ecuador.patiotuerca.com/vehicle/autos-mercedes_benz-glc_250-quito-2017/1942582""}",2026-02-02 19:40:48.498760
Pichincha,2017,19599.0,https://ecuador.patiotuerca.com/vehicle/autos-nissan-x-trail_sense-quito-2017/1942600,1942600,Nissan,X-Trail Sense,68001,Climatizador,4 x 2,Gris,2499,Automática,Electrónica,Tela,Gasolina,,,Quito,Negociable,"{""id_record"": ""1942600"", ""summary"": {""Año"": ""2017"", ""Ciudad"": ""Quito"", ""Recorrido"": ""68001 Kms"", ""Tipo de pago"": ""Negociable"", ""Precio Contado"": ""$19.599""}, ""ficha_tecnica"": {""Publicación"": ""#1942600"", ""Marca"": ""Nissan"", ""Modelo"": ""X-Trail Sense"", ""Subtipo"": ""SUV"", ""Recorrido"": ""68001 Kms"", ""Sistema de climatización"": ""Climatizador"", ""Tracción"": ""4 x 2"", ""Color"": ""Gris"", ""Último número de la placa"": ""2"", ""Vidrios"": ""Eléctricos"", ""Transmisión"": ""Automática"", ""Dirección"": ""Electrónica"", ""Motor(cilindraje)"": ""2499"", ""Tipo de Motor"": """", ""Tapizado"": ""Tela"", ""Combustible"": ""Gasolina"", ""Placa"": ""Pichincha""}, ""url"": ""https://ecuador.patiotuerca.com/vehicle/autos-nissan-x-trail_sense-quito-2017/1942600""}",2026-02-02 19:40:48.498760
Pichincha,2024,38500.0,https://ecuador.patiotuerca.com/vehicle/pesados-hino-xzu640l-wkmlk3_ac_4.0_2p_4x2_tm-quito-2024/1942907,1942907,Hino,XZU640L-WKMLK3 AC 4.0 2P 4X2 TM,8196,Calefacción,4 x 2,Blanco,4009,Manual,Hidráulica,Cuero,Diesel,,,Quito,Negociable,"{""id_record"": ""1942907"", ""summary"": {""Año"": ""2024"", ""Ciudad"": ""Quito"", ""Recorrido"": ""8196 Kms"", ""Tipo de pago"": ""Negociable"", ""Precio Contado"": ""$38.500""}, ""ficha_tecnica"": {""Publicación"": ""#1942907"", ""Marca"": ""Hino"", ""Modelo"": ""XZU640L-WKMLK3 AC 4.0 2P 4X2 TM"", ""Subtipo"": ""Camión Ligero (0 a 3 ton)"", ""Recorrido"": ""8196 Kms"", ""Sistema de climatización"": ""Calefacción"", ""Tracción"": ""4 x 2"", ""Color"": ""Blanco"", ""Último número de la placa"": ""5"", ""Vidrios"": ""Eléctricos"", ""Transmisión"": ""Manual"", ""Dirección"": ""Hidráulica"", ""Motor(cilindraje)"": ""4009"", ""Tapizado"": ""Cuero"", ""Combustible"": ""Diesel"", ""Placa"": ""Pichincha""}, ""url"": ""https://ecuador.patiotuerca.com/vehicle/pesados-hino-xzu640l-wkmlk3_ac_4.0_2p_4x2_tm-quito-2024/1942907""}",2026-02-02 19:40:48.498760
Pichincha,2017,17900.0,https://ecuador.patiotuerca.com/vehicle/autos-nissan-xtrail__advance-quito-2017/1942917,1942917,Nissan,xtrail  Advance,122000,Aire Acondicionado,4 x 2,Plomo,2500,Automática,Hidráulica,Otro,Gasolina,,,Quito,Negociable,"{""id_record"": ""1942917"", ""summary"": {""Año"": ""2017"", ""Ciudad"": ""Quito"", ""Recorrido"": ""122000 Kms"", ""Tipo de pago"": ""Negociable"", ""Precio Contado"": ""$17.900""}, ""ficha_tecnica"": {""Publicación"": ""#1942917"", ""Marca"": ""Nissan"", ""Modelo"": ""xtrail  Advance"", ""Subtipo"": ""SUV"", ""Recorrido"": ""122000 Kms"", ""Sistema de climatización"": ""Aire Acondicionado"", ""Tracción"": ""4 x 2"", ""Color"": ""Plomo"", ""Último número de la placa"": ""1"", ""Vidrios"": ""Eléctricos"", ""Transmisión"": ""Automática"", ""Dirección"": ""Hidráulica"", ""Motor(cilindraje)"": ""2500"", ""Tipo de Motor"": """", ""Tapizado"": ""Otro"", ""Combustible"": ""Gasolina"", ""Placa"": ""Pichincha""}, ""url"": ""https://ecuador.patiotuerca.com/vehicle/autos-nissan-xtrail__advance-quito-2017/1942917""}",2026-02-02 19:40:48.498760
Pichincha,2016,13900.0,https://ecuador.patiotuerca.com/vehicle/autos-suzuki-gran_vitara_sz_next-quito-2016/1943017,1943017,Suzuki,GRAN VITARA SZ NEXT,133092,Aire Acondicionado,,Vino,2000,Manual,,,Gasolina,,,Quito,Negociable,"{""id_record"": ""1943017"", ""summary"": {""Año"": ""2016"", ""Ciudad"": ""Quito"", ""Recorrido"": ""133092 Kms"", ""Tipo de pago"": ""Negociable"", ""Precio Contado"": ""$13.900""}, ""ficha_tecnica"": {""Publicación"": ""#1943017"", ""Marca"": ""Suzuki"", ""Modelo"": ""GRAN VITARA SZ NEXT"", ""Subtipo"": ""Todoterreno"", ""Recorrido"": ""133092 Kms"", ""Sistema de climatización"": ""Aire Acondicionado"", ""Color"": ""Vino"", ""Último número de la placa"": ""1"", ""Vidrios"": ""Eléctricos"", ""Transmisión"": ""Manual"", ""Motor(cilindraje)"": ""2000"", ""Tipo de Motor"": """", ""Combustible"": ""Gasolina"", ""Placa"": ""Pichincha""}, ""url"": ""https://ecuador.patiotuerca.com/vehicle/autos-suzuki-gran_vitara_sz_next-quito-2016/1943017""}",2026-02-02 19:37:36.186925
Guayas,2016,15990.0,https://ecuador.patiotuerca.com/vehicle/autos-kia-carnival-guayaquil-2016/1943023,1943023,Kia,Carnival,195000,Aire Acondicionado,4 x 2,Azul,3300,Automática,Hidráulica,Cuero,Gasolina,,,Guayaquil,Negociable,"{""id_record"": ""1943023"", ""summary"": {""Año"": ""2016"", ""Ciudad"": ""Guayaquil"", ""Recorrido"": ""195000 Kms"", ""Tipo de pago"": ""Negociable"", ""Precio Contado"": ""$15.990""}, ""ficha_tecnica"": {""Publicación"": ""#1943023"", ""Marca"": ""Kia"", ""Modelo"": ""Carnival"", ""Subtipo"": ""Van"", ""Recorrido"": ""195000 Kms"", ""Sistema de climatización"": ""Aire Acondicionado"", ""Tracción"": ""4 x 2"", ""Color"": ""Azul"", ""Último número de la placa"": ""9"", ""Vidrios"": ""Eléctricos"", ""Transmisión"": ""Automática"", ""Dirección"": ""Hidráulica"", ""Motor(cilindraje)"": ""3300"", ""Tapizado"": ""Cuero"", ""Combustible"": ""Gasolina"", ""Placa"": ""Guayas""}, ""url"": ""https://ecuador.patiotuerca.com/vehicle/autos-kia-carnival-guayaquil-2016/1943023""}",2026-02-02 19:37:36.186925
Pichincha,2017,33600.0,https://ecuador.patiotuerca.com/vehicle/autos-ford-explorer_xlt-quito-2017/1943148,1943148,Ford,Explorer XLT,,Aire Acondicionado,4 x 4,Negro,3500,Automática,Hidráulica,Cuero,Gasolina,24V DOHC,,Quito,Negociable,"{""id_record"": ""1943148"", ""summary"": {""Año"": ""2017"", ""Ciudad"": ""Quito"", ""Recorrido"": ""67000 Millas"", ""Tipo de pago"": ""Negociable"", ""Precio Contado"": ""$33.600""}, ""ficha_tecnica"": {""Publicación"": ""#1943148"", ""Marca"": ""Ford"", ""Modelo"": ""Explorer XLT"", ""Subtipo"": ""Todoterreno"", ""Recorrido"": ""67000 Millas"", ""Sistema de climatización"": ""Aire Acondicionado"", ""Tracción"": ""4 x 4"", ""Color"": ""Negro"", ""Último número de la placa"": ""7"", ""Vidrios"": ""Eléctricos"", ""Transmisión"": ""Automática"", ""Dirección"": ""Hidráulica"", ""Motor(cilindraje)"": ""3500"", ""Tipo de Motor"": ""24V DOHC"", ""Tapizado"": ""Cuero"", ""Combustible"": ""Gasolina"", ""Placa"": ""Pichincha""}, ""url"": ""https://ecuador.patiotuerca.com/vehicle/autos-ford-explorer_xlt-quito-2017/1943148""}",2026-02-02 19:40:48.498760
Pichincha,2016,29500.0,https://ecuador.patiotuerca.com/vehicle/autos-ford-explorer_limited-quito-2016/1943199,1943199,Ford,Explorer Limited,120199,Aire Acondicionado,4 x 4,Negro,,Automática,Hidráulica,Cuero,Gasolina,,,Quito,Negociable,"{""id_record"": ""1943199"", ""summary"": {""Año"": ""2016"", ""Ciudad"": ""Quito"", ""Recorrido"": ""120199 Kms"", ""Tipo de pago"": ""Negociable"", ""Precio Contado"": ""$29.500""}, ""ficha_tecnica"": {""Publicación"": ""#1943199"", ""Marca"": ""Ford"", ""Modelo"": ""Explorer Limited"", ""Subtipo"": ""Todoterreno"", ""Recorrido"": ""120199 Kms"", ""Sistema de climatización"": ""Aire Acondicionado"", ""Tracción"": ""4 x 4"", ""Color"": ""Negro"", ""Último número de la placa"": ""3"", ""Vidrios"": ""Eléctricos"", ""Transmisión"": ""Automática"", ""Dirección"": ""Hidráulica"", ""Motor(cilindraje)"": """", ""Tipo de Motor"": """", ""Tapizado"": ""Cuero"", ""Combustible"": ""Gasolina"", ""Placa"": ""Pichincha""}, ""url"": ""https://ecuador.patiotuerca.com/vehicle/autos-ford-explorer_limited-quito-2016/1943199""}",2026-02-02 19:37:36.186925
Guayas,2017,14600.0,https://ecuador.patiotuerca.com/vehicle/autos-mazda-3_sport-guayaquil-2017/1943896,1943896,Mazda,3 sport,175000,Aire Acondicionado,4 x 2,Plata,2017,Automática,Electrónica,Tela,Gasolina,,,Guayaquil,Negociable,"{""id_record"": ""1943896"", ""summary"": {""Año"": ""2017"", ""Ciudad"": ""Guayaquil"", ""Recorrido"": ""175000 Kms"", ""Tipo de pago"": ""Negociable"", ""Precio Contado"": ""$14.600""}, ""ficha_tecnica"": {""Publicación"": ""#1943896"", ""Marca"": ""Mazda"", ""Modelo"": ""3 sport"", ""Subtipo"": ""Hatchback (5 Puertas)"", ""Recorrido"": ""175000 Kms"", ""Sistema de climatización"": ""Aire Acondicionado"", ""Tracción"": ""4 x 2"", ""Color"": ""Plata"", ""Último número de la placa"": ""9"", ""Vidrios"": ""Eléctricos"", ""Transmisión"": ""Automática"", ""Dirección"": ""Electrónica"", ""Motor(cilindraje)"": ""2017"", ""Tipo de Motor"": """", ""Tapizado"": ""Tela"", ""Combustible"": ""Gasolina"", ""Placa"": ""Guayas""}, ""url"": ""https://ecuador.patiotuerca.com/vehicle/autos-mazda-3_sport-guayaquil-2017/1943896""}",2026-02-02 19:40:48.498760
Pichincha,2023,17990.0,https://ecuador.patiotuerca.com/vehicle/pesados-jac-hfc-1o35-quito-2023/1943996,1943996,JAC,HFC-1O35,70000,N/A,4 x 2,Blanco,2800,Manual,Hidráulica,Tela,Diesel,,,Quito,Fijo,"{""id_record"": ""1943996"", ""summary"": {""Año"": ""2023"", ""Ciudad"": ""Quito"", ""Recorrido"": ""70000 Kms"", ""Tipo de pago"": ""Fijo"", ""Precio Contado"": ""$17.990""}, ""ficha_tecnica"": {""Publicación"": ""#1943996"", ""Marca"": ""JAC"", ""Modelo"": ""HFC-1O35"", ""Subtipo"": ""Camión Ligero (0 a 3 ton)"", ""Recorrido"": ""70000 Kms"", ""Sistema de climatización"": ""N/A"", ""Tracción"": ""4 x 2"", ""Color"": ""Blanco"", ""Vidrios"": ""Eléctricos"", ""Transmisión"": ""Manual"", ""Dirección"": ""Hidráulica"", ""Motor(cilindraje)"": ""2800"", ""Tapizado"": ""Tela"", ""Combustible"": ""Diesel"", ""Placa"": ""Pichincha""}, ""url"": ""https://ecuador.patiotuerca.com/vehicle/pesados-jac-hfc-1o35-quito-2023/1943996""}",2026-02-02 19:40:48.498760
Chimborazo,2002,26900.0,https://ecuador.patiotuerca.com/vehicle/pesados-hino-ff1jptz-ibarra-2002/1943998,1943998,Hino,FF1JPTZ,305419,,,Blanco,8000,Manual,,,Diesel,,,Ibarra,Negociable,"{""id_record"": ""1943998"", ""summary"": {""Año"": ""2002"", ""Ciudad"": ""Ibarra"", ""Recorrido"": ""305419 Kms"", ""Tipo de pago"": ""Negociable"", ""Precio Contado"": ""$26.900""}, ""ficha_tecnica"": {""Publicación"": ""#1943998"", ""Marca"": ""Hino"", ""Modelo"": ""FF1JPTZ"", ""Subtipo"": ""Autobús"", ""Recorrido"": ""305419 Kms"", ""Color"": ""Blanco"", ""Último número de la placa"": ""0"", ""Transmisión"": ""Manual"", ""Motor(cilindraje)"": ""8000"", ""Combustible"": ""Diesel"", ""Placa"": ""Chimborazo""}, ""url"": ""https://ecuador.patiotuerca.com/vehicle/pesados-hino-ff1jptz-ibarra-2002/1943998""}",2026-02-02 19:40:48.498760
Pichincha,2017,15800.0,https://ecuador.patiotuerca.com/vehicle/autos-kia-cerato-quito-2017/1944059,1944059,Kia,Cerato,108114,Aire Acondicionado,4 x 2,Negro,1600,Manual,Hidráulica,Cuero,Gasolina,,,Quito,Negociable,"{""id_record"": ""1944059"", ""summary"": {""Año"": ""2017"", ""Ciudad"": ""Quito"", ""Recorrido"": ""108114 Kms"", ""Tipo de pago"": ""Negociable"", ""Precio Contado"": ""$15.800""}, ""ficha_tecnica"": {""Publicación"": ""#1944059"", ""Marca"": ""Kia"", ""Modelo"": ""Cerato"", ""Subtipo"": ""Sedán"", ""Recorrido"": ""108114 Kms"", ""Sistema de climatización"": ""Aire Acondicionado"", ""Tracción"": ""4 x 2"", ""Color"": ""Negro"", ""Último número de la placa"": ""9"", ""Vidrios"": ""Eléctricos"", ""Transmisión"": ""Manual"", ""Dirección"": ""Hidráulica"", ""Motor(cilindraje)"": ""1600"", ""Tapizado"": ""Cuero"", ""Combustible"": ""Gasolina"", ""Placa"": ""Pichincha""}, ""url"": ""https://ecuador.patiotuerca.com/vehicle/autos-kia-cerato-quito-2017/1944059""}",2026-02-02 19:40:48.498760
Pichincha,2016,11990.0,https://ecuador.patiotuerca.com/vehicle/pesados-dongfeng-e21-921-quito-2016/1944171,1944171,DongFeng,E21-921,100000,Aire Acondicionado,4 x 2,Amarillo,2800,Manual,,Otro,Diesel,,,Quito,Fijo,"{""id_record"": ""1944171"", ""summary"": {""Año"": ""2016"", ""Ciudad"": ""Quito"", ""Recorrido"": ""100000 Kms"", ""Tipo de pago"": ""Fijo"", ""Precio Contado"": ""$11.990""}, ""ficha_tecnica"": {""Publicación"": ""#1944171"", ""Marca"": ""DongFeng"", ""Modelo"": ""E21-921"", ""Subtipo"": ""Camión Ligero (0 a 3 ton)"", ""Recorrido"": ""100000 Kms"", ""Sistema de climatización"": ""Aire Acondicionado"", ""Tracción"": ""4 x 2"", ""Color"": ""Amarillo"", ""Último número de la placa"": ""1"", ""Vidrios"": ""Eléctricos"", ""Transmisión"": ""Manual"", ""Motor(cilindraje)"": ""2800"", ""Tipo de Motor"": """", ""Tapizado"": ""Otro"", ""Combustible"": ""Diesel"", ""Placa"": ""Pichincha""}, ""url"": ""https://ecuador.patiotuerca.com/vehicle/pesados-dongfeng-e21-921-quito-2016/1944171""}",2026-02-02 19:37:36.186925
Pichincha,2022,18800.0,https://ecuador.patiotuerca.com/vehicle/pesados-foton-aumark_e_bj1069-guayaquil-2022/1944389,1944389,Foton,AUMARK E BJ1069,96000,Aire Acondicionado,4 x 2,Blanco,2800,Manual,Hidráulica,Corosil,Gasolina,,,Guayaquil,Negociable,"{""id_record"": ""1944389"", ""summary"": {""Año"": ""2022"", ""Ciudad"": ""Guayaquil"", ""Recorrido"": ""96000 Kms"", ""Tipo de pago"": ""Negociable"", ""Precio Contado"": ""$18.800""}, ""ficha_tecnica"": {""Publicación"": ""#1944389"", ""Marca"": ""Foton"", ""Modelo"": ""AUMARK E BJ1069"", ""Subtipo"": ""Camión Grande (más de 15 ton)"", ""Recorrido"": ""96000 Kms"", ""Sistema de climatización"": ""Aire Acondicionado"", ""Tracción"": ""4 x 2"", ""Color"": ""Blanco"", ""Último número de la placa"": ""8"", ""Vidrios"": ""Eléctricos"", ""Transmisión"": ""Manual"", ""Dirección"": ""Hidráulica"", ""Motor(cilindraje)"": ""2800"", ""Tapizado"": ""Corosil"", ""Combustible"": ""Gasolina"", ""Placa"": ""Pichincha""}, ""url"": ""https://ecuador.patiotuerca.com/vehicle/pesados-foton-aumark_e_bj1069-guayaquil-2022/1944389""}",2026-02-02 19:40:48.498760
Pichincha,2017,19900.0,https://ecuador.patiotuerca.com/vehicle/autos-nissan-x-trail_advance-quito-2017/1944456,1944456,Nissan,X-Trail Advance,115000,Aire Acondicionado,4 x 2,Plata,2500,Automática,Hidráulica,Tela,Gasolina,16V DOHC,,Quito,Negociable,"{""id_record"": ""1944456"", ""summary"": {""Año"": ""2017"", ""Ciudad"": ""Quito"", ""Recorrido"": ""115000 Kms"", ""Tipo de pago"": ""Negociable"", ""Precio Contado"": ""$19.900""}, ""ficha_tecnica"": {""Publicación"": ""#1944456"", ""Marca"": ""Nissan"", ""Modelo"": ""X-Trail Advance"", ""Subtipo"": ""Todoterreno"", ""Recorrido"": ""115000 Kms"", ""Sistema de climatización"": ""Aire Acondicionado"", ""Tracción"": ""4 x 2"", ""Color"": ""Plata"", ""Último número de la placa"": ""7"", ""Vidrios"": ""Eléctricos"", ""Transmisión"": ""Automática"", ""Dirección"": ""Hidráulica"", ""Motor(cilindraje)"": ""2500"", ""Tipo de Motor"": ""16V DOHC"", ""Tapizado"": ""Tela"", ""Combustible"": ""Gasolina"", ""Placa"": ""Pichincha""}, ""url"": ""https://ecuador.patiotuerca.com/vehicle/autos-nissan-x-trail_advance-quito-2017/1944456""}",2026-02-02 19:40:48.498760
Guayas,2019,24990.0,https://ecuador.patiotuerca.com/vehicle/pesados-hino-512-guayaquil-2019/1944510,1944510,Hino,512,120700,Aire Acondicionado,4 x 2,Blanco,4009,Manual,Hidráulica,Corosil,Diesel,120 HP,,Guayaquil,Fijo,"{""id_record"": ""1944510"", ""summary"": {""Año"": ""2019"", ""Ciudad"": ""Guayaquil"", ""Recorrido"": ""120700 Kms"", ""Tipo de pago"": ""Fijo"", ""Precio Contado"": ""$24.990""}, ""ficha_tecnica"": {""Publicación"": ""#1944510"", ""Marca"": ""Hino"", ""Modelo"": ""512"", ""Subtipo"": ""Camión Ligero (0 a 3 ton)"", ""Recorrido"": ""120700 Kms"", ""Sistema de climatización"": ""Aire Acondicionado"", ""Tracción"": ""4 x 2"", ""Color"": ""Blanco"", ""Vidrios"": ""Eléctricos"", ""Transmisión"": ""Manual"", ""Dirección"": ""Hidráulica"", ""Motor(cilindraje)"": ""4009"", ""Tipo de Motor"": ""120 HP"", ""Tapizado"": ""Corosil"", ""Combustible"": ""Diesel"", ""Placa"": ""Guayas""}, ""url"": ""https://ecuador.patiotuerca.com/vehicle/pesados-hino-512-guayaquil-2019/1944510""}",2026-02-02 19:40:48.498760
Pichincha,2017,33599.0,https://ecuador.patiotuerca.com/vehicle/autos-ford-explorer_xlt-quito-2017/1944603,1944603,Ford,Explorer XLT,107500,Climatizador,4 x 4,Negro,3499,Automática,Electrónica,Cuero,Gasolina,,,Quito,Negociable,"{""id_record"": ""1944603"", ""summary"": {""Año"": ""2017"", ""Ciudad"": ""Quito"", ""Recorrido"": ""107500 Kms"", ""Tipo de pago"": ""Negociable"", ""Precio Contado"": ""$33.599""}, ""ficha_tecnica"": {""Publicación"": ""#1944603"", ""Marca"": ""Ford"", ""Modelo"": ""Explorer XLT"", ""Subtipo"": ""Todoterreno"", ""Recorrido"": ""107500 Kms"", ""Sistema de climatización"": ""Climatizador"", ""Tracción"": ""4 x 4"", ""Color"": ""Negro"", ""Último número de la placa"": ""7"", ""Vidrios"": ""Eléctricos"", ""Transmisión"": ""Automática"", ""Dirección"": ""Electrónica"", ""Motor(cilindraje)"": ""3499"", ""Tipo de Motor"": """", ""Tapizado"": ""Cuero"", ""Combustible"": ""Gasolina"", ""Placa"": ""Pichincha""}, ""url"": ""https://ecuador.patiotuerca.com/vehicle/autos-ford-explorer_xlt-quito-2017/1944603""}",2026-02-02 19:40:48.498760
Pichincha,2007,18900.0,https://ecuador.patiotuerca.com/vehicle/pesados-chevrolet-npr-ibarra-2007/1944666,1944666,Chevrolet,NPR,547000,,4 x 2,Blanco,4600,Manual,Hidráulica,,Diesel,,,Ibarra,Negociable,"{""id_record"": ""1944666"", ""summary"": {""Año"": ""2007"", ""Ciudad"": ""Ibarra"", ""Recorrido"": ""547000 Kms"", ""Tipo de pago"": ""Negociable"", ""Precio Contado"": ""$18.900""}, ""ficha_tecnica"": {""Publicación"": ""#1944666"", ""Marca"": ""Chevrolet"", ""Modelo"": ""NPR"", ""Subtipo"": ""Camión Grande (más de 15 ton)"", ""Recorrido"": ""547000 Kms"", ""Tracción"": ""4 x 2"", ""Color"": ""Blanco"", ""Transmisión"": ""Manual"", ""Dirección"": ""Hidráulica"", ""Motor(cilindraje)"": ""4600"", ""Tipo de Motor"": """", ""Combustible"": ""Diesel"", ""Placa"": ""Pichincha""}, ""url"": ""https://ecuador.patiotuerca.com/vehicle/pesados-chevrolet-npr-ibarra-2007/1944666""}",2026-02-02 19:40:48.498760
Pichincha,2022,12900.0,https://ecuador.patiotuerca.com/vehicle/pesados-jmc-n697-quito-2022/1944728,1944728,JMC,N697,95369,,,Blanco,,,,,,,,Quito,Fijo,"{""id_record"": ""1944728"", ""summary"": {""Año"": ""2022"", ""Ciudad"": ""Quito"", ""Recorrido"": ""95369 Kms"", ""Tipo de pago"": ""Fijo"", ""Precio Contado"": ""$12.900""}, ""ficha_tecnica"": {""Publicación"": ""#1944728"", ""Marca"": ""JMC"", ""Modelo"": ""N697"", ""Subtipo"": ""Camión Ligero (0 a 3 ton)"", ""Recorrido"": ""95369 Kms"", ""Color"": ""Blanco"", ""Último número de la placa"": ""6"", ""Placa"": ""Pichincha""}, ""url"": ""https://ecuador.patiotuerca.com/vehicle/pesados-jmc-n697-quito-2022/1944728""}",2026-02-02 19:40:48.498760
Pichincha,2025,18800.0,https://ecuador.patiotuerca.com/vehicle/pesados-foton-e60-quito-2025/1944730,1944730,Foton,E60,20000,Aire Acondicionado,4 x 2,Blanco,1.500,Manual,Hidráulica,Tela,Diesel,,,Quito,Fijo,"{""id_record"": ""1944730"", ""summary"": {""Año"": ""2025"", ""Ciudad"": ""Quito"", ""Recorrido"": ""20000 Kms"", ""Tipo de pago"": ""Fijo"", ""Precio Contado"": ""$18.800""}, ""ficha_tecnica"": {""Publicación"": ""#1944730"", ""Marca"": ""Foton"", ""Modelo"": ""E60"", ""Subtipo"": ""Camión Pequeño (3 a 6 ton)"", ""Recorrido"": ""20000 Kms"", ""Sistema de climatización"": ""Aire Acondicionado"", ""Tracción"": ""4 x 2"", ""Color"": ""Blanco"", ""Último número de la placa"": ""3"", ""Vidrios"": ""Eléctricos"", ""Transmisión"": ""Manual"", ""Dirección"": ""Hidráulica"", ""Motor(cilindraje)"": ""1.500"", ""Tipo de Motor"": """", ""Tapizado"": ""Tela"", ""Combustible"": ""Diesel"", ""Placa"": ""Pichincha""}, ""url"": ""https://ecuador.patiotuerca.com/vehicle/pesados-foton-e60-quito-2025/1944730""}",2026-02-02 19:40:48.498760
Pichincha,2016,22900.0,https://ecuador.patiotuerca.com/vehicle/pesados-hyundai-hd65-quito-2016/1944915,1944915,Hyundai,HD65,208000,,,Blanco,,,,,,4.0,,Quito,Negociable,"{""id_record"": ""1944915"", ""summary"": {""Año"": ""2016"", ""Ciudad"": ""Quito"", ""Recorrido"": ""208000 Kms"", ""Tipo de pago"": ""Negociable"", ""Precio Contado"": ""$22.900""}, ""ficha_tecnica"": {""Publicación"": ""#1944915"", ""Marca"": ""Hyundai"", ""Modelo"": ""HD65"", ""Subtipo"": ""Camión Ligero (0 a 3 ton)"", ""Recorrido"": ""208000 Kms"", ""Color"": ""Blanco"", ""Último número de la placa"": ""6"", ""Tipo de Motor"": ""4.0"", ""Placa"": ""Pichincha""}, ""url"": ""https://ecuador.patiotuerca.com/vehicle/pesados-hyundai-hd65-quito-2016/1944915""}",2026-02-02 19:40:48.498760
Pichincha,2016,30000.0,https://ecuador.patiotuerca.com/vehicle/autos-jeep-grand_cherokee_laredo-quito-2016/1944984,1944984,Jeep,Grand Cherokee Laredo,78000,Climatizador Bi-Zona,4 x 4,Plata,3600,,Electrónica,Cuero,Gasolina,,,Quito,Negociable,"{""id_record"": ""1944984"", ""summary"": {""Año"": ""2016"", ""Ciudad"": ""Quito"", ""Recorrido"": ""78000 Kms"", ""Tipo de pago"": ""Negociable"", ""Precio Contado"": ""$30.000""}, ""ficha_tecnica"": {""Publicación"": ""#1944984"", ""Marca"": ""Jeep"", ""Modelo"": ""Grand Cherokee Laredo"", ""Subtipo"": ""Todoterreno"", ""Recorrido"": ""78000 Kms"", ""Sistema de climatización"": ""Climatizador Bi-Zona"", ""Tracción"": ""4 x 4"", ""Color"": ""Plata"", ""Último número de la placa"": ""3"", ""Vidrios"": ""Eléctricos"", ""Transmisión"": ""Secuencial"", ""Dirección"": ""Electrónica"", ""Motor(cilindraje)"": ""3600"", ""Tapizado"": ""Cuero"", ""Combustible"": ""Gasolina"", ""Placa"": ""Pichincha""}, ""url"": ""https://ecuador.patiotuerca.com/vehicle/autos-jeep-grand_cherokee_laredo-quito-2016/1944984""}",2026-02-02 19:37:36.186925
Pichincha,2017,14900.0,https://ecuador.patiotuerca.com/vehicle/autos-hyundai-ioniq-quito-2017/1945011,1945011,Hyundai,IONIQ,121354,Aire Acondicionado,4 x 2,Blanco,1600,Automática,,Tela,Gasolina,,,Quito,Negociable,"{""id_record"": ""1945011"", ""summary"": {""Año"": ""2017"", ""Ciudad"": ""Quito"", ""Recorrido"": ""121354 Kms"", ""Tipo de pago"": ""Negociable"", ""Precio Contado"": ""$14.900""}, ""ficha_tecnica"": {""Publicación"": ""#1945011"", ""Marca"": ""Hyundai"", ""Modelo"": ""IONIQ"", ""Subtipo"": ""SUV"", ""Recorrido"": ""121354 Kms"", ""Sistema de climatización"": ""Aire Acondicionado"", ""Tracción"": ""4 x 2"", ""Color"": ""Blanco"", ""Último número de la placa"": ""8"", ""Vidrios"": ""Eléctricos"", ""Transmisión"": ""Automática"", ""Motor(cilindraje)"": ""1600"", ""Tipo de Motor"": """", ""Tapizado"": ""Tela"", ""Combustible"": ""Gasolina"", ""Placa"": ""Pichincha""}, ""url"": ""https://ecuador.patiotuerca.com/vehicle/autos-hyundai-ioniq-quito-2017/1945011""}",2026-02-02 19:40:48.498760
Pichincha,2024,13900.0,https://ecuador.patiotuerca.com/vehicle/pesados-jmc-n697-ambato-2024/1945029,1945029,JMC,N697,80000,Aire Acondicionado,4 x 2,Blanco,2800,Manual,Hidráulica,Tela,Diesel,,,Ambato,Fijo,"{""id_record"": ""1945029"", ""summary"": {""Año"": ""2024"", ""Ciudad"": ""Ambato"", ""Recorrido"": ""80000 Kms"", ""Tipo de pago"": ""Fijo"", ""Precio Contado"": ""$13.900""}, ""ficha_tecnica"": {""Publicación"": ""#1945029"", ""Marca"": ""JMC"", ""Modelo"": ""N697"", ""Subtipo"": ""Camión Ligero (0 a 3 ton)"", ""Recorrido"": ""80000 Kms"", ""Sistema de climatización"": ""Aire Acondicionado"", ""Tracción"": ""4 x 2"", ""Color"": ""Blanco"", ""Vidrios"": ""Manuales"", ""Transmisión"": ""Manual"", ""Dirección"": ""Hidráulica"", ""Motor(cilindraje)"": ""2800"", ""Tipo de Motor"": """", ""Tapizado"": ""Tela"", ""Combustible"": ""Diesel"", ""Placa"": ""Pichincha""}, ""url"": ""https://ecuador.patiotuerca.com/vehicle/pesados-jmc-n697-ambato-2024/1945029""}",2026-02-02 19:40:48.498760
Pichincha,2017,19899.0,https://ecuador.patiotuerca.com/vehicle/autos-nissan-x-trail_advance-quito-2017/1945079,1945079,Nissan,X-Trail Advance,115001,Climatizador Bi-Zona,4 x 2,Plomo,2499,Automática,Electrónica,Tela,Gasolina,,,Quito,Negociable,"{""id_record"": ""1945079"", ""summary"": {""Año"": ""2017"", ""Ciudad"": ""Quito"", ""Recorrido"": ""115001 Kms"", ""Tipo de pago"": ""Negociable"", ""Precio Contado"": ""$19.899""}, ""ficha_tecnica"": {""Publicación"": ""#1945079"", ""Marca"": ""Nissan"", ""Modelo"": ""X-Trail Advance"", ""Subtipo"": ""Todoterreno"", ""Recorrido"": ""115001 Kms"", ""Sistema de climatización"": ""Climatizador Bi-Zona"", ""Tracción"": ""4 x 2"", ""Color"": ""Plomo"", ""Último número de la placa"": ""7"", ""Vidrios"": ""Eléctricos"", ""Transmisión"": ""Automática"", ""Dirección"": ""Electrónica"", ""Motor(cilindraje)"": ""2499"", ""Tipo de Motor"": """", ""Tapizado"": ""Tela"", ""Combustible"": ""Gasolina"", ""Placa"": ""Pichincha""}, ""url"": ""https://ecuador.patiotuerca.com/vehicle/autos-nissan-x-trail_advance-quito-2017/1945079""}",2026-02-02 19:40:48.498760
Pichincha,2016,35000.0,https://ecuador.patiotuerca.com/vehicle/autos-mercedes_benz-c250-ambato-2016/1945131,1945131,Mercedes Benz,C250,80000,Aire Acondicionado,AWD,Blanco,2000,,Electrónica,Cuero,Gasolina,,,Ambato,Fijo,"{""id_record"": ""1945131"", ""summary"": {""Año"": ""2016"", ""Ciudad"": ""Ambato"", ""Recorrido"": ""80000 Kms"", ""Tipo de pago"": ""Fijo"", ""Precio Contado"": ""$35.000""}, ""ficha_tecnica"": {""Publicación"": ""#1945131"", ""Marca"": ""Mercedes Benz"", ""Modelo"": ""C250"", ""Subtipo"": ""Sedán"", ""Recorrido"": ""80000 Kms"", ""Sistema de climatización"": ""Aire Acondicionado"", ""Tracción"": ""AWD"", ""Color"": ""Blanco"", ""Último número de la placa"": ""5"", ""Vidrios"": ""Eléctricos"", ""Transmisión"": ""7G-tronic"", ""Dirección"": ""Electrónica"", ""Motor(cilindraje)"": ""2000"", ""Tapizado"": ""Cuero"", ""Combustible"": ""Gasolina"", ""Placa"": ""Pichincha""}, ""url"": ""https://ecuador.patiotuerca.com/vehicle/autos-mercedes_benz-c250-ambato-2016/1945131""}",2026-02-02 19:37:36.186925
Guayas,2017,9990.0,https://ecuador.patiotuerca.com/vehicle/autos-citroen-c-elysee-quito-2017/1945178,1945178,Citroen,C-ELYSEE,150000,Aire Acondicionado,4 x 2,Plomo,,Manual,,Otro,Gasolina,,,Quito,Negociable,"{""id_record"": ""1945178"", ""summary"": {""Año"": ""2017"", ""Ciudad"": ""Quito"", ""Recorrido"": ""150000 Kms"", ""Tipo de pago"": ""Negociable"", ""Precio Contado"": ""$9.990""}, ""ficha_tecnica"": {""Publicación"": ""#1945178"", ""Marca"": ""Citroen"", ""Modelo"": ""C-ELYSEE"", ""Subtipo"": ""Sedán"", ""Recorrido"": ""150000 Kms"", ""Sistema de climatización"": ""Aire Acondicionado"", ""Tracción"": ""4 x 2"", ""Color"": ""Plomo"", ""Último número de la placa"": ""1"", ""Vidrios"": ""Eléctricos"", ""Transmisión"": ""Manual"", ""Motor(cilindraje)"": """", ""Tipo de Motor"": """", ""Tapizado"": ""Otro"", ""Combustible"": ""Gasolina"", ""Placa"": ""Guayas""}, ""url"": ""https://ecuador.patiotuerca.com/vehicle/autos-citroen-c-elysee-quito-2017/1945178""}",2026-02-02 19:40:48.498760
Pichincha,1994,5900.0,https://ecuador.patiotuerca.com/vehicle/pesados-daihatsu-delta-ibarra-1994/1945225,1945225,Daihatsu,Delta,500000,,,Amarillo,3000,Manual,Mecánica,,Diesel,,,Ibarra,Negociable,"{""id_record"": ""1945225"", ""summary"": {""Año"": ""1994"", ""Ciudad"": ""Ibarra"", ""Recorrido"": ""500000 Kms"", ""Tipo de pago"": ""Negociable"", ""Precio Contado"": ""$5.900""}, ""ficha_tecnica"": {""Publicación"": ""#1945225"", ""Marca"": ""Daihatsu"", ""Modelo"": ""Delta"", ""Subtipo"": ""Camión Pequeño (3 a 6 ton)"", ""Recorrido"": ""500000 Kms"", ""Color"": ""Amarillo"", ""Transmisión"": ""Manual"", ""Dirección"": ""Mecánica"", ""Motor(cilindraje)"": ""3000"", ""Tipo de Motor"": """", ""Combustible"": ""Diesel"", ""Placa"": ""Pichincha""}, ""url"": ""https://ecuador.patiotuerca.com/vehicle/pesados-daihatsu-delta-ibarra-1994/1945225""}",2026-02-02 19:40:48.498760
,2017,12600.0,https://ecuador.patiotuerca.com/vehicle/autos-chevrolet-captiva_sport-quito-2017/1945242,1945242,Chevrolet,Captiva Sport,91000,Aire Acondicionado,4 x 2,Negro,,Automática,Electrónica,Tela,Gasolina,,,Quito,Negociable,"{""id_record"": ""1945242"", ""summary"": {""Año"": ""2017"", ""Ciudad"": ""Quito"", ""Recorrido"": ""91000 Kms"", ""Tipo de pago"": ""Negociable"", ""Precio Contado"": ""$12.600""}, ""ficha_tecnica"": {""Publicación"": ""#1945242"", ""Marca"": ""Chevrolet"", ""Modelo"": ""Captiva Sport"", ""Subtipo"": ""Todoterreno"", ""Recorrido"": ""91000 Kms"", ""Sistema de climatización"": ""Aire Acondicionado"", ""Tracción"": ""4 x 2"", ""Color"": ""Negro"", ""Último número de la placa"": ""1"", ""Vidrios"": ""Eléctricos"", ""Transmisión"": ""Automática"", ""Dirección"": ""Electrónica"", ""Motor(cilindraje)"": """", ""Tipo de Motor"": """", ""Tapizado"": ""Tela"", ""Combustible"": ""Gasolina""}, ""url"": ""https://ecuador.patiotuerca.com/vehicle/autos-chevrolet-captiva_sport-quito-2017/1945242""}",2026-02-02 19:40:48.498760
Pichincha,2023,15800.0,https://ecuador.patiotuerca.com/vehicle/pesados-kia-k2500-ambato-2023/1945259,1945259,Kia,K2500,109000,,,Blanco,2500,,,,,,,Ambato,Fijo,"{""id_record"": ""1945259"", ""summary"": {""Año"": ""2023"", ""Ciudad"": ""Ambato"", ""Recorrido"": ""109000 Kms"", ""Tipo de pago"": ""Fijo"", ""Precio Contado"": ""$15.800""}, ""ficha_tecnica"": {""Publicación"": ""#1945259"", ""Marca"": ""Kia"", ""Modelo"": ""K2500"", ""Subtipo"": ""Camión Ligero (0 a 3 ton)"", ""Recorrido"": ""109000 Kms"", ""Color"": ""Blanco"", ""Último número de la placa"": ""9"", ""Motor(cilindraje)"": ""2500"", ""Placa"": ""Pichincha""}, ""url"": ""https://ecuador.patiotuerca.com/vehicle/pesados-kia-k2500-ambato-2023/1945259""}",2026-02-02 19:40:48.498760
Pichincha,2013,49500.0,https://ecuador.patiotuerca.com/vehicle/pesados-hino-gd-quito-2013/1945373,1945373,Hino,GD,365000,N/A,4 x 2,Blanco,,Manual,Hidráulica,Tela,Diesel,,,Quito,Negociable,"{""id_record"": ""1945373"", ""summary"": {""Año"": ""2013"", ""Ciudad"": ""Quito"", ""Recorrido"": ""365000 Kms"", ""Tipo de pago"": ""Negociable"", ""Precio Contado"": ""$49.500""}, ""ficha_tecnica"": {""Publicación"": ""#1945373"", ""Marca"": ""Hino"", ""Modelo"": ""GD"", ""Subtipo"": ""Camión Mediano (6 a 15 ton)"", ""Recorrido"": ""365000 Kms"", ""Sistema de climatización"": ""N/A"", ""Tracción"": ""4 x 2"", ""Color"": ""Blanco"", ""Vidrios"": ""Manuales"", ""Transmisión"": ""Manual"", ""Dirección"": ""Hidráulica"", ""Motor(cilindraje)"": """", ""Tipo de Motor"": """", ""Tapizado"": ""Tela"", ""Combustible"": ""Diesel"", ""Placa"": ""Pichincha""}, ""url"": ""https://ecuador.patiotuerca.com/vehicle/pesados-hino-gd-quito-2013/1945373""}",2026-02-02 19:40:48.498760
Pichincha,1986,12900.0,https://ecuador.patiotuerca.com/vehicle/pesados-ford-f700-portoviejo-1986/1945406,1945406,Ford,F700,1,N/A,4 x 2,Blanco,7000,Manual,Hidráulica,Corosil,Diesel,,,Portoviejo,Negociable,"{""id_record"": ""1945406"", ""summary"": {""Año"": ""1986"", ""Ciudad"": ""Portoviejo"", ""Recorrido"": ""1 Kms"", ""Tipo de pago"": ""Negociable"", ""Precio Contado"": ""$12.900""}, ""ficha_tecnica"": {""Publicación"": ""#1945406"", ""Marca"": ""Ford"", ""Modelo"": ""F700"", ""Subtipo"": ""Camión Grande (más de 15 ton)"", ""Recorrido"": ""1 Kms"", ""Sistema de climatización"": ""N/A"", ""Tracción"": ""4 x 2"", ""Color"": ""Blanco"", ""Vidrios"": ""N/A"", ""Transmisión"": ""Manual"", ""Dirección"": ""Hidráulica"", ""Motor(cilindraje)"": ""7000"", ""Tipo de Motor"": """", ""Tapizado"": ""Corosil"", ""Combustible"": ""Diesel"", ""Placa"": ""Pichincha""}, ""url"": ""https://ecuador.patiotuerca.com/vehicle/pesados-ford-f700-portoviejo-1986/1945406""}",2026-02-02 19:40:48.498760
Guayas,2016,16800.0,https://ecuador.patiotuerca.com/vehicle/pesados-chevrolet-nlr_55e-cuenca-2016/1945467,1945467,Chevrolet,NLR 55E,178131,Aire Acondicionado,4 x 2,Blanco,2800,Manual,Hidráulica,Tela,Diesel,4 en linea,,Cuenca,Negociable,"{""id_record"": ""1945467"", ""summary"": {""Año"": ""2016"", ""Ciudad"": ""Cuenca"", ""Recorrido"": ""178131 Kms"", ""Tipo de pago"": ""Negociable"", ""Precio Contado"": ""$16.800""}, ""ficha_tecnica"": {""Publicación"": ""#1945467"", ""Marca"": ""Chevrolet"", ""Modelo"": ""NLR 55E"", ""Subtipo"": ""Camión Ligero (0 a 3 ton)"", ""Recorrido"": ""178131 Kms"", ""Sistema de climatización"": ""Aire Acondicionado"", ""Tracción"": ""4 x 2"", ""Color"": ""Blanco"", ""Vidrios"": ""Manuales"", ""Transmisión"": ""Manual"", ""Dirección"": ""Hidráulica"", ""Motor(cilindraje)"": ""2800"", ""Tipo de Motor"": ""4 en linea"", ""Tapizado"": ""Tela"", ""Combustible"": ""Diesel"", ""Placa"": ""Guayas""}, ""url"": ""https://ecuador.patiotuerca.com/vehicle/pesados-chevrolet-nlr_55e-cuenca-2016/1945467""}",2026-02-02 19:37:36.186925
,2017,12800.0,https://ecuador.patiotuerca.com/vehicle/autos-chevrolet-aveo_emotion_gls-cuenca-2017/1945482,1945482,Chevrolet,Aveo Emotion GLS,118000,Aire Acondicionado,4 x 2,Negro,1600,Manual,Hidráulica,Cuero,Gasolina,,,Cuenca,Negociable,"{""id_record"": ""1945482"", ""summary"": {""Año"": ""2017"", ""Ciudad"": ""Cuenca"", ""Recorrido"": ""118000 Kms"", ""Tipo de pago"": ""Negociable"", ""Precio Contado"": ""$12.800""}, ""ficha_tecnica"": {""Publicación"": ""#1945482"", ""Marca"": ""Chevrolet"", ""Modelo"": ""Aveo Emotion GLS"", ""Subtipo"": ""Sedán"", ""Recorrido"": ""118000 Kms"", ""Sistema de climatización"": ""Aire Acondicionado"", ""Tracción"": ""4 x 2"", ""Color"": ""Negro"", ""Vidrios"": ""Eléctricos"", ""Transmisión"": ""Manual"", ""Dirección"": ""Hidráulica"", ""Motor(cilindraje)"": ""1600"", ""Tapizado"": ""Cuero"", ""Combustible"": ""Gasolina""}, ""url"": ""https://ecuador.patiotuerca.com/vehicle/autos-chevrolet-aveo_emotion_gls-cuenca-2017/1945482""}",2026-02-02 19:40:48.498760
Cañar,2012,34900.0,https://ecuador.patiotuerca.com/vehicle/pesados-jac-hfc_4183-portoviejo-2012/1945485,1945485,JAC,HFC 4183,1,Aire Acondicionado,4 x 2,Blanco,9700,Manual,Hidráulica,Corosil,Diesel,,,Portoviejo,Negociable,"{""id_record"": ""1945485"", ""summary"": {""Año"": ""2012"", ""Ciudad"": ""Portoviejo"", ""Recorrido"": ""1 Kms"", ""Tipo de pago"": ""Negociable"", ""Precio Contado"": ""$34.900""}, ""ficha_tecnica"": {""Publicación"": ""#1945485"", ""Marca"": ""JAC"", ""Modelo"": ""HFC 4183"", ""Subtipo"": ""Cabezal"", ""Recorrido"": ""1 Kms"", ""Sistema de climatización"": ""Aire Acondicionado"", ""Tracción"": ""4 x 2"", ""Color"": ""Blanco"", ""Vidrios"": ""Manuales"", ""Transmisión"": ""Manual"", ""Dirección"": ""Hidráulica"", ""Motor(cilindraje)"": ""9700"", ""Tipo de Motor"": """", ""Tapizado"": ""Corosil"", ""Combustible"": ""Diesel"", ""Placa"": ""Cañar""}, ""url"": ""https://ecuador.patiotuerca.com/vehicle/pesados-jac-hfc_4183-portoviejo-2012/1945485""}",2026-02-02 19:40:48.498760
El Oro,2023,28000.0,https://ecuador.patiotuerca.com/vehicle/pesados-jac-hfc_1050_kn-machala-2023/1945505,1945505,JAC,HFC 1050 KN,80000,Aire Acondicionado,,Blanco,3900,Manual,,Cuero,Diesel,,,Machala,Fijo,"{""id_record"": ""1945505"", ""summary"": {""Año"": ""2023"", ""Ciudad"": ""Machala"", ""Recorrido"": ""80000 Kms"", ""Tipo de pago"": ""Fijo"", ""Precio Contado"": ""$28.000""}, ""ficha_tecnica"": {""Publicación"": ""#1945505"", ""Marca"": ""JAC"", ""Modelo"": ""HFC 1050 KN"", ""Subtipo"": ""Camión Pequeño (3 a 6 ton)"", ""Recorrido"": ""80000 Kms"", ""Sistema de climatización"": ""Aire Acondicionado"", ""Color"": ""Blanco"", ""Vidrios"": ""Eléctricos"", ""Transmisión"": ""Manual"", ""Motor(cilindraje)"": ""3900"", ""Tapizado"": ""Cuero"", ""Combustible"": ""Diesel"", ""Placa"": ""El Oro""}, ""url"": ""https://ecuador.patiotuerca.com/vehicle/pesados-jac-hfc_1050_kn-machala-2023/1945505""}",2026-02-02 19:40:48.498760
Pichincha,2017,13300.0,https://ecuador.patiotuerca.com/vehicle/autos-chevrolet-cruze-quito-2017/1945530,1945530,Chevrolet,Cruze,80000,Aire Acondicionado,4 x 2,Gris,1400,Automática,Hidráulica,Cuero,Gasolina,,,Quito,Negociable,"{""id_record"": ""1945530"", ""summary"": {""Año"": ""2017"", ""Ciudad"": ""Quito"", ""Recorrido"": ""80000 Kms"", ""Tipo de pago"": ""Negociable"", ""Precio Contado"": ""$13.300""}, ""ficha_tecnica"": {""Publicación"": ""#1945530"", ""Marca"": ""Chevrolet"", ""Modelo"": ""Cruze"", ""Subtipo"": ""Sedán"", ""Recorrido"": ""80000 Kms"", ""Sistema de climatización"": ""Aire Acondicionado"", ""Tracción"": ""4 x 2"", ""Color"": ""Gris"", ""Último número de la placa"": ""0"", ""Vidrios"": ""Eléctricos"", ""Transmisión"": ""Automática"", ""Dirección"": ""Hidráulica"", ""Motor(cilindraje)"": ""1400"", ""Tapizado"": ""Cuero"", ""Combustible"": ""Gasolina"", ""Placa"": ""Pichincha""}, ""url"": ""https://ecuador.patiotuerca.com/vehicle/autos-chevrolet-cruze-quito-2017/1945530""}",2026-02-02 19:40:48.498760
Pichincha,2017,14470.0,https://ecuador.patiotuerca.com/vehicle/autos-renault-duster-quito-2017/1945624,1945624,Renault,Duster,78352,Aire Acondicionado,4 x 2,Plomo,2000,Automática,Hidráulica,Tela,Gasolina,4 CILINDROS,,Quito,Negociable,"{""id_record"": ""1945624"", ""summary"": {""Año"": ""2017"", ""Ciudad"": ""Quito"", ""Recorrido"": ""78352 Kms"", ""Tipo de pago"": ""Negociable"", ""Precio Contado"": ""$14.470""}, ""ficha_tecnica"": {""Publicación"": ""#1945624"", ""Marca"": ""Renault"", ""Modelo"": ""Duster"", ""Subtipo"": ""SUV"", ""Recorrido"": ""78352 Kms"", ""Sistema de climatización"": ""Aire Acondicionado"", ""Tracción"": ""4 x 2"", ""Color"": ""Plomo"", ""Último número de la placa"": ""6"", ""Vidrios"": ""Eléctricos"", ""Transmisión"": ""Automática"", ""Dirección"": ""Hidráulica"", ""Motor(cilindraje)"": ""2000"", ""Tipo de Motor"": ""4 CILINDROS"", ""Tapizado"": ""Tela"", ""Combustible"": ""Gasolina"", ""Placa"": ""Pichincha""}, ""url"": ""https://ecuador.patiotuerca.com/vehicle/autos-renault-duster-quito-2017/1945624""}",2026-02-02 19:40:48.498760
Pichincha,2019,46990.0,https://ecuador.patiotuerca.com/vehicle/pesados-jac-hfc4255k3r1-quito-2019/1945641,1945641,JAC,HFC4255K3R1,400000,Aire Acondicionado,6 x 4,Plata,11600,Manual,Hidráulica,Tela,Diesel,,,Quito,Fijo,"{""id_record"": ""1945641"", ""summary"": {""Año"": ""2019"", ""Ciudad"": ""Quito"", ""Recorrido"": ""400000 Kms"", ""Tipo de pago"": ""Fijo"", ""Precio Contado"": ""$46.990""}, ""ficha_tecnica"": {""Publicación"": ""#1945641"", ""Marca"": ""JAC"", ""Modelo"": ""HFC4255K3R1"", ""Subtipo"": ""Cabezal"", ""Recorrido"": ""400000 Kms"", ""Sistema de climatización"": ""Aire Acondicionado"", ""Tracción"": ""6 x 4"", ""Color"": ""Plata"", ""Vidrios"": ""Eléctricos"", ""Transmisión"": ""Manual"", ""Dirección"": ""Hidráulica"", ""Motor(cilindraje)"": ""11600"", ""Tipo de Motor"": """", ""Tapizado"": ""Tela"", ""Combustible"": ""Diesel"", ""Placa"": ""Pichincha""}, ""url"": ""https://ecuador.patiotuerca.com/vehicle/pesados-jac-hfc4255k3r1-quito-2019/1945641""}",2026-02-02 19:40:48.501293
Pichincha,2023,19800.0,https://ecuador.patiotuerca.com/vehicle/pesados-jmc-2.5_toneladas-quito-2023/1945648,1945648,JMC,2.5 Toneladas,90000,N/A,4 x 2,Blanco,,Manual,Hidráulica,Corosil,Diesel,,,Quito,Negociable,"{""id_record"": ""1945648"", ""summary"": {""Año"": ""2023"", ""Ciudad"": ""Quito"", ""Recorrido"": ""90000 Kms"", ""Tipo de pago"": ""Negociable"", ""Precio Contado"": ""$19.800""}, ""ficha_tecnica"": {""Publicación"": ""#1945648"", ""Marca"": ""JMC"", ""Modelo"": ""2.5 Toneladas"", ""Subtipo"": ""Camión Ligero (0 a 3 ton)"", ""Recorrido"": ""90000 Kms"", ""Sistema de climatización"": ""N/A"", ""Tracción"": ""4 x 2"", ""Color"": ""Blanco"", ""Vidrios"": ""Eléctricos"", ""Transmisión"": ""Manual"", ""Dirección"": ""Hidráulica"", ""Motor(cilindraje)"": """", ""Tipo de Motor"": """", ""Tapizado"": ""Corosil"", ""Combustible"": ""Diesel"", ""Placa"": ""Pichincha""}, ""url"": ""https://ecuador.patiotuerca.com/vehicle/pesados-jmc-2.5_toneladas-quito-2023/1945648""}",2026-02-02 19:40:48.498760
Pichincha,2019,25000.0,https://ecuador.patiotuerca.com/vehicle/pesados-hino-512-quito-2019/1945671,1945671,Hino,512,235000,Aire Acondicionado,4 x 2,,,Manual,Hidráulica,Otro,Diesel,,,Quito,Negociable,"{""id_record"": ""1945671"", ""summary"": {""Año"": ""2019"", ""Ciudad"": ""Quito"", ""Recorrido"": ""235000 Kms"", ""Tipo de pago"": ""Negociable"", ""Precio Contado"": ""$25.000""}, ""ficha_tecnica"": {""Publicación"": ""#1945671"", ""Marca"": ""Hino"", ""Modelo"": ""512"", ""Subtipo"": ""Camión Ligero (0 a 3 ton)"", ""Recorrido"": ""235000 Kms"", ""Sistema de climatización"": ""Aire Acondicionado"", ""Tracción"": ""4 x 2"", ""Vidrios"": ""Manuales"", ""Transmisión"": ""Manual"", ""Dirección"": ""Hidráulica"", ""Motor(cilindraje)"": """", ""Tipo de Motor"": """", ""Tapizado"": ""Otro"", ""Combustible"": ""Diesel"", ""Placa"": ""Pichincha""}, ""url"": ""https://ecuador.patiotuerca.com/vehicle/pesados-hino-512-quito-2019/1945671""}",2026-02-02 19:40:48.501293
Pichincha,2017,15900.0,https://ecuador.patiotuerca.com/vehicle/autos-suzuki-grand_vitara_sz_next_sport-cuenca-2017/1945685,1945685,Suzuki,GRAND VITARA SZ NEXT SPORT,204855,Aire Acondicionado,4 x 2,Plomo,2400,Automática,Hidráulica,Tela,Gasolina,,,Cuenca,Negociable,"{""id_record"": ""1945685"", ""summary"": {""Año"": ""2017"", ""Ciudad"": ""Cuenca"", ""Recorrido"": ""204855 Kms"", ""Tipo de pago"": ""Negociable"", ""Precio Contado"": ""$15.900""}, ""ficha_tecnica"": {""Publicación"": ""#1945685"", ""Marca"": ""Suzuki"", ""Modelo"": ""GRAND VITARA SZ NEXT SPORT"", ""Subtipo"": ""SUV"", ""Recorrido"": ""204855 Kms"", ""Sistema de climatización"": ""Aire Acondicionado"", ""Tracción"": ""4 x 2"", ""Color"": ""Plomo"", ""Último número de la placa"": ""5"", ""Vidrios"": ""Eléctricos"", ""Transmisión"": ""Automática"", ""Dirección"": ""Hidráulica"", ""Motor(cilindraje)"": ""2400"", ""Tipo de Motor"": """", ""Tapizado"": ""Tela"", ""Combustible"": ""Gasolina"", ""Placa"": ""Pichincha""}, ""url"": ""https://ecuador.patiotuerca.com/vehicle/autos-suzuki-grand_vitara_sz_next_sport-cuenca-2017/1945685""}",2026-02-02 19:40:48.498760
,2016,48000.0,https://ecuador.patiotuerca.com/vehicle/autos-jeep-wrangler_sahara_75_aniversario-cuenca-2016/1945750,1945750,Jeep,Wrangler Sahara 75 aniversario,50292,Aire Acondicionado,4 x 4,Plata,,Automática,,Otro,Gasolina,,,Cuenca,Fijo,"{""id_record"": ""1945750"", ""summary"": {""Año"": ""2016"", ""Ciudad"": ""Cuenca"", ""Recorrido"": ""50292 Kms"", ""Tipo de pago"": ""Fijo"", ""Precio Contado"": ""$48.000""}, ""ficha_tecnica"": {""Publicación"": ""#1945750"", ""Marca"": ""Jeep"", ""Modelo"": ""Wrangler Sahara 75 aniversario"", ""Subtipo"": ""Todoterreno"", ""Recorrido"": ""50292 Kms"", ""Sistema de climatización"": ""Aire Acondicionado"", ""Tracción"": ""4 x 4"", ""Color"": ""Plata"", ""Último número de la placa"": ""3"", ""Vidrios"": ""Eléctricos"", ""Transmisión"": ""Automática"", ""Motor(cilindraje)"": """", ""Tipo de Motor"": """", ""Tapizado"": ""Otro"", ""Combustible"": ""Gasolina""}, ""url"": ""https://ecuador.patiotuerca.com/vehicle/autos-jeep-wrangler_sahara_75_aniversario-cuenca-2016/1945750""}",2026-02-02 19:37:36.186925
Pichincha,2017,19800.0,https://ecuador.patiotuerca.com/vehicle/autos-mazda-cx_3_core-ambato-2017/1945770,1945770,Mazda,CX 3 CORE,140000,Aire Acondicionado,4 x 2,Blanco,2000,Automática,Hidráulica,Tela,Gasolina,,,Ambato,Negociable,"{""id_record"": ""1945770"", ""summary"": {""Año"": ""2017"", ""Ciudad"": ""Ambato"", ""Recorrido"": ""140000 Kms"", ""Tipo de pago"": ""Negociable"", ""Precio Contado"": ""$19.800""}, ""ficha_tecnica"": {""Publicación"": ""#1945770"", ""Marca"": ""Mazda"", ""Modelo"": ""CX 3 CORE"", ""Subtipo"": ""SUV"", ""Recorrido"": ""140000 Kms"", ""Sistema de climatización"": ""Aire Acondicionado"", ""Tracción"": ""4 x 2"", ""Color"": ""Blanco"", ""Último número de la placa"": ""4"", ""Vidrios"": ""Eléctricos"", ""Transmisión"": ""Automática"", ""Dirección"": ""Hidráulica"", ""Motor(cilindraje)"": ""2000"", ""Tipo de Motor"": """", ""Tapizado"": ""Tela"", ""Combustible"": ""Gasolina"", ""Placa"": ""Pichincha""}, ""url"": ""https://ecuador.patiotuerca.com/vehicle/autos-mazda-cx_3_core-ambato-2017/1945770""}",2026-02-02 19:40:48.498760
Pichincha,2017,19900.0,https://ecuador.patiotuerca.com/vehicle/autos-nissan-x-trail_advance-quito-2017/1945819,1945819,Nissan,X-Trail Advance,96000,Climatizador Bi-Zona,4 x 2,Plata,,,Electrónica,Tela,Gasolina,,,Quito,Negociable,"{""id_record"": ""1945819"", ""summary"": {""Año"": ""2017"", ""Ciudad"": ""Quito"", ""Recorrido"": ""96000 Kms"", ""Tipo de pago"": ""Negociable"", ""Precio Contado"": ""$19.900""}, ""ficha_tecnica"": {""Publicación"": ""#1945819"", ""Marca"": ""Nissan"", ""Modelo"": ""X-Trail Advance"", ""Subtipo"": ""Todoterreno"", ""Recorrido"": ""96000 Kms"", ""Sistema de climatización"": ""Climatizador Bi-Zona"", ""Tracción"": ""4 x 2"", ""Color"": ""Plata"", ""Último número de la placa"": ""5"", ""Vidrios"": ""Eléctricos"", ""Transmisión"": ""CVT"", ""Dirección"": ""Electrónica"", ""Motor(cilindraje)"": """", ""Tipo de Motor"": """", ""Tapizado"": ""Tela"", ""Combustible"": ""Gasolina"", ""Placa"": ""Pichincha""}, ""url"": ""https://ecuador.patiotuerca.com/vehicle/autos-nissan-x-trail_advance-quito-2017/1945819""}",2026-02-02 19:40:48.498760
,2017,19900.0,https://ecuador.patiotuerca.com/vehicle/autos-nissan-x-trail_advance-quito-2017/1945825,1945825,Nissan,X-Trail Advance,96000,,,,,,,,,,,Quito,Negociable,"{""id_record"": ""1945825"", ""summary"": {""Año"": ""2017"", ""Ciudad"": ""Quito"", ""Recorrido"": ""96000 Kms"", ""Tipo de pago"": ""Negociable"", ""Precio Contado"": ""$19.900""}, ""ficha_tecnica"": {""Publicación"": ""#1945825"", ""Marca"": ""Nissan"", ""Modelo"": ""X-Trail Advance"", ""Subtipo"": ""Todoterreno"", ""Recorrido"": ""96000 Kms"", ""Motor(cilindraje)"": """"}, ""url"": ""https://ecuador.patiotuerca.com/vehicle/autos-nissan-x-trail_advance-quito-2017/1945825""}",2026-02-02 19:40:48.498760
,2026,17990.0,https://ecuador.patiotuerca.com/vehicle/pesados-jmc-carrying_plus_2.8-quito-2026/1945826,1945826,JMC,CARRYING PLUS 2.8,50,Aire Acondicionado,4 x 2,Blanco,2.8 CC,Manual,Hidráulica,Tela,Diesel,84HP,,Quito,Fijo,"{""id_record"": ""1945826"", ""summary"": {""Año"": ""2026"", ""Ciudad"": ""Quito"", ""Recorrido"": ""50 Kms"", ""Tipo de pago"": ""Fijo"", ""Precio Contado"": ""$17.990""}, ""ficha_tecnica"": {""Publicación"": ""#1945826"", ""Marca"": ""JMC"", ""Modelo"": ""CARRYING PLUS 2.8"", ""Subtipo"": ""Camión Ligero (0 a 3 ton)"", ""Recorrido"": ""50 Kms"", ""Sistema de climatización"": ""Aire Acondicionado"", ""Tracción"": ""4 x 2"", ""Color"": ""Blanco"", ""Vidrios"": ""Manuales"", ""Transmisión"": ""Manual"", ""Dirección"": ""Hidráulica"", ""Motor(cilindraje)"": ""2.8 CC"", ""Tipo de Motor"": ""84HP"", ""Tapizado"": ""Tela"", ""Combustible"": ""Diesel""}, ""url"": ""https://ecuador.patiotuerca.com/vehicle/pesados-jmc-carrying_plus_2.8-quito-2026/1945826""}",2026-02-02 19:40:48.498760
,2025,15990.0,https://ecuador.patiotuerca.com/vehicle/pesados-jmc-carrying-quito-2025/1945829,1945829,JMC,Carrying,0,Aire Acondicionado,4 x 4,Blanco,2900,Manual,Hidráulica,Tela,Diesel,,,Quito,Negociable,"{""id_record"": ""1945829"", ""summary"": {""Año"": ""2025"", ""Ciudad"": ""Quito"", ""Recorrido"": ""0 Kms"", ""Tipo de pago"": ""Negociable"", ""Precio Contado"": ""$15.990""}, ""ficha_tecnica"": {""Publicación"": ""#1945829"", ""Marca"": ""JMC"", ""Modelo"": ""Carrying"", ""Subtipo"": ""Camión Ligero (0 a 3 ton)"", ""Recorrido"": ""0 Kms"", ""Sistema de climatización"": ""Aire Acondicionado"", ""Tracción"": ""4 x 4"", ""Color"": ""Blanco"", ""Vidrios"": ""Manuales"", ""Transmisión"": ""Manual"", ""Dirección"": ""Hidráulica"", ""Motor(cilindraje)"": ""2900"", ""Tipo de Motor"": """", ""Tapizado"": ""Tela"", ""Combustible"": ""Diesel""}, ""url"": ""https://ecuador.patiotuerca.com/vehicle/pesados-jmc-carrying-quito-2025/1945829""}",2026-02-02 19:40:48.498760
Pichincha,2016,15700.0,https://ecuador.patiotuerca.com/vehicle/autos-ford-fusion-quito-2016/1945855,1945855,Ford,Fusion,75862,Aire Acondicionado,4 x 2,Blanco,2500,Automática,Hidráulica,Cuero,Gasolina,,,Quito,Negociable,"{""id_record"": ""1945855"", ""summary"": {""Año"": ""2016"", ""Ciudad"": ""Quito"", ""Recorrido"": ""75862 Kms"", ""Tipo de pago"": ""Negociable"", ""Precio Contado"": ""$15.700""}, ""ficha_tecnica"": {""Publicación"": ""#1945855"", ""Marca"": ""Ford"", ""Modelo"": ""Fusion"", ""Subtipo"": ""Sedán"", ""Recorrido"": ""75862 Kms"", ""Sistema de climatización"": ""Aire Acondicionado"", ""Tracción"": ""4 x 2"", ""Color"": ""Blanco"", ""Último número de la placa"": ""4"", ""Vidrios"": ""Eléctricos"", ""Transmisión"": ""Automática"", ""Dirección"": ""Hidráulica"", ""Motor(cilindraje)"": ""2500"", ""Tipo de Motor"": """", ""Tapizado"": ""Cuero"", ""Combustible"": ""Gasolina"", ""Placa"": ""Pichincha""}, ""url"": ""https://ecuador.patiotuerca.com/vehicle/autos-ford-fusion-quito-2016/1945855""}",2026-02-02 19:37:36.186925
,2016,37800.0,https://ecuador.patiotuerca.com/vehicle/autos-jeep-grand_cherokee_limited_75th_anniversary-quito-2016/1945877,1945877,Jeep,Grand cherokee limited 75th anniversary,105000,,,Negro,3600,,,,,V6 285HP,,Quito,Negociable,"{""id_record"": ""1945877"", ""summary"": {""Año"": ""2016"", ""Ciudad"": ""Quito"", ""Recorrido"": ""105000 Kms"", ""Tipo de pago"": ""Negociable"", ""Precio Contado"": ""$37.800""}, ""ficha_tecnica"": {""Publicación"": ""#1945877"", ""Marca"": ""Jeep"", ""Modelo"": ""Grand cherokee limited 75th anniversary"", ""Subtipo"": ""Crossover"", ""Recorrido"": ""105000 Kms"", ""Color"": ""Negro"", ""Último número de la placa"": ""9"", ""Motor(cilindraje)"": ""3600"", ""Tipo de Motor"": ""V6 285HP""}, ""url"": ""https://ecuador.patiotuerca.com/vehicle/autos-jeep-grand_cherokee_limited_75th_anniversary-quito-2016/1945877""}",2026-02-02 19:37:36.186925
Azuay,2016,20500.0,https://ecuador.patiotuerca.com/vehicle/autos-hyundai-santa_fe-cuenca-2016/1945917,1945917,Hyundai,Santa Fe,124322,Aire Acondicionado,4 x 2,Plata,2400,Automática,Hidráulica,Tela,Gasolina,2.4,,Cuenca,Fijo,"{""id_record"": ""1945917"", ""summary"": {""Año"": ""2016"", ""Ciudad"": ""Cuenca"", ""Recorrido"": ""124322 Kms"", ""Tipo de pago"": ""Fijo"", ""Precio Contado"": ""$20.500""}, ""ficha_tecnica"": {""Publicación"": ""#1945917"", ""Marca"": ""Hyundai"", ""Modelo"": ""Santa Fe"", ""Subtipo"": ""Todoterreno"", ""Recorrido"": ""124322 Kms"", ""Sistema de climatización"": ""Aire Acondicionado"", ""Tracción"": ""4 x 2"", ""Color"": ""Plata"", ""Último número de la placa"": ""2"", ""Vidrios"": ""Eléctricos"", ""Transmisión"": ""Automática"", ""Dirección"": ""Hidráulica"", ""Motor(cilindraje)"": ""2400"", ""Tipo de Motor"": ""2.4"", ""Tapizado"": ""Tela"", ""Combustible"": ""Gasolina"", ""Placa"": ""Azuay""}, ""url"": ""https://ecuador.patiotuerca.com/vehicle/autos-hyundai-santa_fe-cuenca-2016/1945917""}",2026-02-02 19:37:36.186925
Pichincha,2017,32990.0,https://ecuador.patiotuerca.com/vehicle/autos-chevrolet-d-max__high_country-quito-2017/1945942,1945942,Chevrolet,D-Max  High Country,180000,Aire Acondicionado,4 x 4,Blanco,3000,Manual,Hidráulica,Tela,Diesel,,,Quito,Fijo,"{""id_record"": ""1945942"", ""summary"": {""Año"": ""2017"", ""Ciudad"": ""Quito"", ""Recorrido"": ""180000 Kms"", ""Tipo de pago"": ""Fijo"", ""Precio Contado"": ""$32.990""}, ""ficha_tecnica"": {""Publicación"": ""#1945942"", ""Marca"": ""Chevrolet"", ""Modelo"": ""D-Max  High Country"", ""Subtipo"": ""Camioneta Doble Cabina"", ""Recorrido"": ""180000 Kms"", ""Sistema de climatización"": ""Aire Acondicionado"", ""Tracción"": ""4 x 4"", ""Color"": ""Blanco"", ""Último número de la placa"": ""8"", ""Vidrios"": ""Eléctricos"", ""Transmisión"": ""Manual"", ""Dirección"": ""Hidráulica"", ""Motor(cilindraje)"": ""3000"", ""Tipo de Motor"": """", ""Tapizado"": ""Tela"", ""Combustible"": ""Diesel"", ""Placa"": ""Pichincha""}, ""url"": ""https://ecuador.patiotuerca.com/vehicle/autos-chevrolet-d-max__high_country-quito-2017/1945942""}",2026-02-02 19:40:48.498760
Pichincha,2016,31900.0,https://ecuador.patiotuerca.com/vehicle/autos-jeep-grand_cherokee_laredo-quito-2016/1945958,1945958,Jeep,Grand Cherokee Laredo,78075,Aire Acondicionado,4 x 4,Plomo,3600,Automática,Hidráulica,Tela,Gasolina,,,Quito,Negociable,"{""id_record"": ""1945958"", ""summary"": {""Año"": ""2016"", ""Ciudad"": ""Quito"", ""Recorrido"": ""78075 Kms"", ""Tipo de pago"": ""Negociable"", ""Precio Contado"": ""$31.900""}, ""ficha_tecnica"": {""Publicación"": ""#1945958"", ""Marca"": ""Jeep"", ""Modelo"": ""Grand Cherokee Laredo"", ""Subtipo"": ""Todoterreno"", ""Recorrido"": ""78075 Kms"", ""Sistema de climatización"": ""Aire Acondicionado"", ""Tracción"": ""4 x 4"", ""Color"": ""Plomo"", ""Último número de la placa"": ""3"", ""Vidrios"": ""Eléctricos"", ""Transmisión"": ""Automática"", ""Dirección"": ""Hidráulica"", ""Motor(cilindraje)"": ""3600"", ""Tipo de Motor"": """", ""Tapizado"": ""Tela"", ""Combustible"": ""Gasolina"", ""Placa"": ""Pichincha""}, ""url"": ""https://ecuador.patiotuerca.com/vehicle/autos-jeep-grand_cherokee_laredo-quito-2016/1945958""}",2026-02-02 19:37:36.186925
El Oro,2016,26900.0,https://ecuador.patiotuerca.com/vehicle/autos-ford-f150-quito-2016/1945963,1945963,Ford,F150,184541,Aire Acondicionado,4 x 2,Blanco,3500,Automática,Hidráulica,Tela,Gasolina,,,Quito,Negociable,"{""id_record"": ""1945963"", ""summary"": {""Año"": ""2016"", ""Ciudad"": ""Quito"", ""Recorrido"": ""184541 Kms"", ""Tipo de pago"": ""Negociable"", ""Precio Contado"": ""$26.900""}, ""ficha_tecnica"": {""Publicación"": ""#1945963"", ""Marca"": ""Ford"", ""Modelo"": ""F150"", ""Subtipo"": ""Camioneta Doble Cabina"", ""Recorrido"": ""184541 Kms"", ""Sistema de climatización"": ""Aire Acondicionado"", ""Tracción"": ""4 x 2"", ""Color"": ""Blanco"", ""Último número de la placa"": ""3"", ""Vidrios"": ""Eléctricos"", ""Transmisión"": ""Automática"", ""Dirección"": ""Hidráulica"", ""Motor(cilindraje)"": ""3500"", ""Tipo de Motor"": """", ""Tapizado"": ""Tela"", ""Combustible"": ""Gasolina"", ""Placa"": ""El Oro""}, ""url"": ""https://ecuador.patiotuerca.com/vehicle/autos-ford-f150-quito-2016/1945963""}",2026-02-02 19:37:36.186925
Pichincha,2017,19900.0,https://ecuador.patiotuerca.com/vehicle/autos-mazda-6-quito-2017/1945966,1945966,Mazda,6,78000,Aire Acondicionado,4 x 2,Rojo,2000,Automática,Electrónica,Cuero,Gasolina,,,Quito,Negociable,"{""id_record"": ""1945966"", ""summary"": {""Año"": ""2017"", ""Ciudad"": ""Quito"", ""Recorrido"": ""78000 Kms"", ""Tipo de pago"": ""Negociable"", ""Precio Contado"": ""$19.900""}, ""ficha_tecnica"": {""Publicación"": ""#1945966"", ""Marca"": ""Mazda"", ""Modelo"": ""6"", ""Subtipo"": ""Sedán"", ""Recorrido"": ""78000 Kms"", ""Sistema de climatización"": ""Aire Acondicionado"", ""Tracción"": ""4 x 2"", ""Color"": ""Rojo"", ""Último número de la placa"": ""1"", ""Vidrios"": ""Eléctricos"", ""Transmisión"": ""Automática"", ""Dirección"": ""Electrónica"", ""Motor(cilindraje)"": ""2000"", ""Tipo de Motor"": """", ""Tapizado"": ""Cuero"", ""Combustible"": ""Gasolina"", ""Placa"": ""Pichincha""}, ""url"": ""https://ecuador.patiotuerca.com/vehicle/autos-mazda-6-quito-2017/1945966""}",2026-02-02 19:40:48.498760
Pichincha,2017,19899.0,https://ecuador.patiotuerca.com/vehicle/autos-mazda-6_gt-quito-2017/1945970,1945970,Mazda,6 GT,78001,Climatizador,4 x 2,Vino,2001,Automática,Electrónica,Cuero,Gasolina,,,Quito,Negociable,"{""id_record"": ""1945970"", ""summary"": {""Año"": ""2017"", ""Ciudad"": ""Quito"", ""Recorrido"": ""78001 Kms"", ""Tipo de pago"": ""Negociable"", ""Precio Contado"": ""$19.899""}, ""ficha_tecnica"": {""Publicación"": ""#1945970"", ""Marca"": ""Mazda"", ""Modelo"": ""6 GT"", ""Subtipo"": ""Sedán"", ""Recorrido"": ""78001 Kms"", ""Sistema de climatización"": ""Climatizador"", ""Tracción"": ""4 x 2"", ""Color"": ""Vino"", ""Último número de la placa"": ""1"", ""Vidrios"": ""Eléctricos"", ""Transmisión"": ""Automática"", ""Dirección"": ""Electrónica"", ""Motor(cilindraje)"": ""2001"", ""Tipo de Motor"": """", ""Tapizado"": ""Cuero"", ""Combustible"": ""Gasolina"", ""Placa"": ""Pichincha""}, ""url"": ""https://ecuador.patiotuerca.com/vehicle/autos-mazda-6_gt-quito-2017/1945970""}",2026-02-02 19:40:48.498760
Guayas,2023,15900.0,https://ecuador.patiotuerca.com/vehicle/pesados-faw-tiger_-_vr-quito-2023/1945973,1945973,Faw,TIGER - VR,19170,Aire Acondicionado,4 x 2,Blanco,2300,Manual,Hidráulica,Tela,Diesel,,,Quito,Negociable,"{""id_record"": ""1945973"", ""summary"": {""Año"": ""2023"", ""Ciudad"": ""Quito"", ""Recorrido"": ""19170 Kms"", ""Tipo de pago"": ""Negociable"", ""Precio Contado"": ""$15.900""}, ""ficha_tecnica"": {""Publicación"": ""#1945973"", ""Marca"": ""Faw"", ""Modelo"": ""TIGER - VR"", ""Subtipo"": ""Camión Ligero (0 a 3 ton)"", ""Recorrido"": ""19170 Kms"", ""Sistema de climatización"": ""Aire Acondicionado"", ""Tracción"": ""4 x 2"", ""Color"": ""Blanco"", ""Vidrios"": ""Eléctricos delanteros"", ""Transmisión"": ""Manual"", ""Dirección"": ""Hidráulica"", ""Motor(cilindraje)"": ""2300"", ""Tipo de Motor"": """", ""Tapizado"": ""Tela"", ""Combustible"": ""Diesel"", ""Placa"": ""Guayas""}, ""url"": ""https://ecuador.patiotuerca.com/vehicle/pesados-faw-tiger_-_vr-quito-2023/1945973""}",2026-02-02 19:40:48.498760
,2026,20990.0,https://ecuador.patiotuerca.com/vehicle/pesados-jmc-carrying-quito-2026/1946067,1946067,JMC,Carrying,0,Aire Acondicionado,4 x 4,Blanco,2800,Manual,Hidráulica,Tela,Diesel,,,Quito,Negociable,"{""id_record"": ""1946067"", ""summary"": {""Año"": ""2026"", ""Ciudad"": ""Quito"", ""Recorrido"": ""0 Kms"", ""Tipo de pago"": ""Negociable"", ""Precio Contado"": ""$20.990""}, ""ficha_tecnica"": {""Publicación"": ""#1946067"", ""Marca"": ""JMC"", ""Modelo"": ""Carrying"", ""Subtipo"": ""Camión Pequeño (3 a 6 ton)"", ""Recorrido"": ""0 Kms"", ""Sistema de climatización"": ""Aire Acondicionado"", ""Tracción"": ""4 x 4"", ""Color"": ""Blanco"", ""Vidrios"": ""Eléctricos"", ""Transmisión"": ""Manual"", ""Dirección"": ""Hidráulica"", ""Motor(cilindraje)"": ""2800"", ""Tipo de Motor"": """", ""Tapizado"": ""Tela"", ""Combustible"": ""Diesel""}, ""url"": ""https://ecuador.patiotuerca.com/vehicle/pesados-jmc-carrying-quito-2026/1946067""}",2026-02-02 19:40:48.498760
Pichincha,2016,12000.0,https://ecuador.patiotuerca.com/vehicle/autos-chevrolet-aveo_emotion_gls-quito-2016/1946075,1946075,Chevrolet,Aveo Emotion GLS,133707,Aire Acondicionado,4 x 2,Vino,1600,Manual,Hidráulica,Tela,Gasolina,4 cilindros 100,,Quito,Negociable,"{""id_record"": ""1946075"", ""summary"": {""Año"": ""2016"", ""Ciudad"": ""Quito"", ""Recorrido"": ""133707 Kms"", ""Tipo de pago"": ""Negociable"", ""Precio Contado"": ""$12.000""}, ""ficha_tecnica"": {""Publicación"": ""#1946075"", ""Marca"": ""Chevrolet"", ""Modelo"": ""Aveo Emotion GLS"", ""Subtipo"": ""Sedán"", ""Recorrido"": ""133707 Kms"", ""Sistema de climatización"": ""Aire Acondicionado"", ""Tracción"": ""4 x 2"", ""Color"": ""Vino"", ""Último número de la placa"": ""0"", ""Vidrios"": ""Eléctricos"", ""Transmisión"": ""Manual"", ""Dirección"": ""Hidráulica"", ""Motor(cilindraje)"": ""1600"", ""Tipo de Motor"": ""4 cilindros 100"", ""Tapizado"": ""Tela"", ""Combustible"": ""Gasolina"", ""Placa"": ""Pichincha""}, ""url"": ""https://ecuador.patiotuerca.com/vehicle/autos-chevrolet-aveo_emotion_gls-quito-2016/1946075""}",2026-02-02 19:37:36.186925
Pichincha,2017,19500.0,https://ecuador.patiotuerca.com/vehicle/autos-kia-sportage_r-quito-2017/1946077,1946077,Kia,Sportage R,139606,Aire Acondicionado,4 x 2,Plata,2000,Manual,Electrónica,Cuero,Gasolina,4 cilindros 180,,Quito,Negociable,"{""id_record"": ""1946077"", ""summary"": {""Año"": ""2017"", ""Ciudad"": ""Quito"", ""Recorrido"": ""139606 Kms"", ""Tipo de pago"": ""Negociable"", ""Precio Contado"": ""$19.500""}, ""ficha_tecnica"": {""Publicación"": ""#1946077"", ""Marca"": ""Kia"", ""Modelo"": ""Sportage R"", ""Subtipo"": ""Todoterreno"", ""Recorrido"": ""139606 Kms"", ""Sistema de climatización"": ""Aire Acondicionado"", ""Tracción"": ""4 x 2"", ""Color"": ""Plata"", ""Último número de la placa"": ""4"", ""Vidrios"": ""Eléctricos"", ""Transmisión"": ""Manual"", ""Dirección"": ""Electrónica"", ""Motor(cilindraje)"": ""2000"", ""Tipo de Motor"": ""4 cilindros 180"", ""Tapizado"": ""Cuero"", ""Combustible"": ""Gasolina"", ""Placa"": ""Pichincha""}, ""url"": ""https://ecuador.patiotuerca.com/vehicle/autos-kia-sportage_r-quito-2017/1946077""}",2026-02-02 19:40:48.498760
Azuay,2017,16300.0,https://ecuador.patiotuerca.com/vehicle/autos-suzuki-grand_vitara_sz-cuenca-2017/1946078,1946078,Suzuki,Grand Vitara SZ,120143,Aire Acondicionado,4 x 2,Blanco,2000,Manual,Hidráulica,Tela,Gasolina,,,Cuenca,Negociable,"{""id_record"": ""1946078"", ""summary"": {""Año"": ""2017"", ""Ciudad"": ""Cuenca"", ""Recorrido"": ""120143 Kms"", ""Tipo de pago"": ""Negociable"", ""Precio Contado"": ""$16.300""}, ""ficha_tecnica"": {""Publicación"": ""#1946078"", ""Marca"": ""Suzuki"", ""Modelo"": ""Grand Vitara SZ"", ""Subtipo"": ""Todoterreno"", ""Recorrido"": ""120143 Kms"", ""Sistema de climatización"": ""Aire Acondicionado"", ""Tracción"": ""4 x 2"", ""Color"": ""Blanco"", ""Último número de la placa"": ""9"", ""Vidrios"": ""Eléctricos"", ""Transmisión"": ""Manual"", ""Dirección"": ""Hidráulica"", ""Motor(cilindraje)"": ""2000"", ""Tipo de Motor"": """", ""Tapizado"": ""Tela"", ""Combustible"": ""Gasolina"", ""Placa"": ""Azuay""}, ""url"": ""https://ecuador.patiotuerca.com/vehicle/autos-suzuki-grand_vitara_sz-cuenca-2017/1946078""}",2026-02-02 19:40:48.498760
Pichincha,2016,21600.0,https://ecuador.patiotuerca.com/vehicle/autos-ford-edge_se-quito-2016/1946111,1946111,Ford,Edge SE,133000,Aire Acondicionado,4 x 2,Negro,3500,Automática,Hidráulica,Otro,Gasolina,,,Quito,Fijo,"{""id_record"": ""1946111"", ""summary"": {""Año"": ""2016"", ""Ciudad"": ""Quito"", ""Recorrido"": ""133000 Kms"", ""Tipo de pago"": ""Fijo"", ""Precio Contado"": ""$21.600""}, ""ficha_tecnica"": {""Publicación"": ""#1946111"", ""Marca"": ""Ford"", ""Modelo"": ""Edge SE"", ""Subtipo"": ""Todoterreno Ligero"", ""Recorrido"": ""133000 Kms"", ""Sistema de climatización"": ""Aire Acondicionado"", ""Tracción"": ""4 x 2"", ""Color"": ""Negro"", ""Último número de la placa"": ""6"", ""Vidrios"": ""Eléctricos"", ""Transmisión"": ""Automática"", ""Dirección"": ""Hidráulica"", ""Motor(cilindraje)"": ""3500"", ""Tipo de Motor"": """", ""Tapizado"": ""Otro"", ""Combustible"": ""Gasolina"", ""Placa"": ""Pichincha""}, ""url"": ""https://ecuador.patiotuerca.com/vehicle/autos-ford-edge_se-quito-2016/1946111""}",2026-02-02 19:37:36.186925
Pichincha,2007,26000.0,https://ecuador.patiotuerca.com/vehicle/pesados-hino-dutro_816-quito-2007/1946132,1946132,Hino,DUTRO 816,215000,Calefacción,4 x 2,Blanco,4000,Manual,Hidráulica,Tela,Diesel,,,Quito,Negociable,"{""id_record"": ""1946132"", ""summary"": {""Año"": ""2007"", ""Ciudad"": ""Quito"", ""Recorrido"": ""215000 Kms"", ""Tipo de pago"": ""Negociable"", ""Precio Contado"": ""$26.000""}, ""ficha_tecnica"": {""Publicación"": ""#1946132"", ""Marca"": ""Hino"", ""Modelo"": ""DUTRO 816"", ""Subtipo"": ""Camión Mediano (6 a 15 ton)"", ""Recorrido"": ""215000 Kms"", ""Sistema de climatización"": ""Calefacción"", ""Tracción"": ""4 x 2"", ""Color"": ""Blanco"", ""Vidrios"": ""Manuales"", ""Transmisión"": ""Manual"", ""Dirección"": ""Hidráulica"", ""Motor(cilindraje)"": ""4000"", ""Tapizado"": ""Tela"", ""Combustible"": ""Diesel"", ""Placa"": ""Pichincha""}, ""url"": ""https://ecuador.patiotuerca.com/vehicle/pesados-hino-dutro_816-quito-2007/1946132""}",2026-02-02 19:40:48.498760
Pichincha,2017,14500.0,https://ecuador.patiotuerca.com/vehicle/autos-hyundai-ioniq_limited-quito-2017/1946144,1946144,Hyundai,Ioniq Limited,90000,Climatizador Bi-Zona,4 x 2,Plata,1600,,Electrónica,Cuero,Híbrido,,,Quito,Negociable,"{""id_record"": ""1946144"", ""summary"": {""Año"": ""2017"", ""Ciudad"": ""Quito"", ""Recorrido"": ""90000 Kms"", ""Tipo de pago"": ""Negociable"", ""Precio Contado"": ""$14.500""}, ""ficha_tecnica"": {""Publicación"": ""#1946144"", ""Marca"": ""Hyundai"", ""Modelo"": ""Ioniq Limited"", ""Subtipo"": ""Sedán"", ""Recorrido"": ""90000 Kms"", ""Sistema de climatización"": ""Climatizador Bi-Zona"", ""Tracción"": ""4 x 2"", ""Color"": ""Plata"", ""Último número de la placa"": ""6"", ""Vidrios"": ""Eléctricos"", ""Transmisión"": ""DSG"", ""Dirección"": ""Electrónica"", ""Motor(cilindraje)"": ""1600"", ""Tapizado"": ""Cuero"", ""Combustible"": ""Híbrido"", ""Placa"": ""Pichincha""}, ""url"": ""https://ecuador.patiotuerca.com/vehicle/autos-hyundai-ioniq_limited-quito-2017/1946144""}",2026-02-02 19:40:48.498760
Pichincha,2016,19500.0,https://ecuador.patiotuerca.com/vehicle/pesados-chevrolet-nlr_55e-cuenca-2016/1946158,1946158,Chevrolet,NLR 55E,196113,Aire Acondicionado,4 x 2,Blanco,2800,Manual,Hidráulica,Corosil,Diesel,4 en Linea,,Cuenca,Negociable,"{""id_record"": ""1946158"", ""summary"": {""Año"": ""2016"", ""Ciudad"": ""Cuenca"", ""Recorrido"": ""196113 Kms"", ""Tipo de pago"": ""Negociable"", ""Precio Contado"": ""$19.500""}, ""ficha_tecnica"": {""Publicación"": ""#1946158"", ""Marca"": ""Chevrolet"", ""Modelo"": ""NLR 55E"", ""Subtipo"": ""Camión Ligero (0 a 3 ton)"", ""Recorrido"": ""196113 Kms"", ""Sistema de climatización"": ""Aire Acondicionado"", ""Tracción"": ""4 x 2"", ""Color"": ""Blanco"", ""Vidrios"": ""Manuales"", ""Transmisión"": ""Manual"", ""Dirección"": ""Hidráulica"", ""Motor(cilindraje)"": ""2800"", ""Tipo de Motor"": ""4 en Linea"", ""Tapizado"": ""Corosil"", ""Combustible"": ""Diesel"", ""Placa"": ""Pichincha""}, ""url"": ""https://ecuador.patiotuerca.com/vehicle/pesados-chevrolet-nlr_55e-cuenca-2016/1946158""}",2026-02-02 19:40:48.501293
Pichincha,2016,10300.0,https://ecuador.patiotuerca.com/vehicle/autos-chevrolet-sail_ltz-ambato-2016/1946173,1946173,Chevrolet,SAIL LTZ,161000,Aire Acondicionado,4 x 2,Plata,1400,Manual,Hidráulica,Tela,Gasolina,,,Ambato,Negociable,"{""id_record"": ""1946173"", ""summary"": {""Año"": ""2016"", ""Ciudad"": ""Ambato"", ""Recorrido"": ""161000 Kms"", ""Tipo de pago"": ""Negociable"", ""Precio Contado"": ""$10.300""}, ""ficha_tecnica"": {""Publicación"": ""#1946173"", ""Marca"": ""Chevrolet"", ""Modelo"": ""SAIL LTZ"", ""Subtipo"": ""Hatchback (5 Puertas)"", ""Recorrido"": ""161000 Kms"", ""Sistema de climatización"": ""Aire Acondicionado"", ""Tracción"": ""4 x 2"", ""Color"": ""Plata"", ""Último número de la placa"": ""3"", ""Vidrios"": ""Eléctricos delanteros"", ""Transmisión"": ""Manual"", ""Dirección"": ""Hidráulica"", ""Motor(cilindraje)"": ""1400"", ""Tipo de Motor"": """", ""Tapizado"": ""Tela"", ""Combustible"": ""Gasolina"", ""Placa"": ""Pichincha""}, ""url"": ""https://ecuador.patiotuerca.com/vehicle/autos-chevrolet-sail_ltz-ambato-2016/1946173""}",2026-02-02 19:37:36.186925
Pichincha,2016,97000.0,https://ecuador.patiotuerca.com/vehicle/autos-bmw-m4-quito-2016/1946204,1946204,BMW,M4,36700,Aire Acondicionado,4 x 2,Plata,3000,Automática,Hidráulica,Cuero,Gasolina,,,Quito,Negociable,"{""id_record"": ""1946204"", ""summary"": {""Año"": ""2016"", ""Ciudad"": ""Quito"", ""Recorrido"": ""36700 Kms"", ""Tipo de pago"": ""Negociable"", ""Precio Contado"": ""$97.000""}, ""ficha_tecnica"": {""Publicación"": ""#1946204"", ""Marca"": ""BMW"", ""Modelo"": ""M4"", ""Subtipo"": ""Coupé"", ""Recorrido"": ""36700 Kms"", ""Sistema de climatización"": ""Aire Acondicionado"", ""Tracción"": ""4 x 2"", ""Color"": ""Plata"", ""Último número de la placa"": ""1"", ""Vidrios"": ""Eléctricos"", ""Transmisión"": ""Automática"", ""Dirección"": ""Hidráulica"", ""Motor(cilindraje)"": ""3000"", ""Tapizado"": ""Cuero"", ""Combustible"": ""Gasolina"", ""Placa"": ""Pichincha""}, ""url"": ""https://ecuador.patiotuerca.com/vehicle/autos-bmw-m4-quito-2016/1946204""}",2026-02-02 19:37:36.186925
Pichincha,2024,22990.0,https://ecuador.patiotuerca.com/vehicle/pesados-dongfeng-c916-guayaquil-2024/1946245,1946245,DongFeng,C916,161300,Aire Acondicionado,4 x 2,Blanco,3760,Manual,Hidráulica,Corosil,Diesel,,,Guayaquil,Fijo,"{""id_record"": ""1946245"", ""summary"": {""Año"": ""2024"", ""Ciudad"": ""Guayaquil"", ""Recorrido"": ""161300 Kms"", ""Tipo de pago"": ""Fijo"", ""Precio Contado"": ""$22.990""}, ""ficha_tecnica"": {""Publicación"": ""#1946245"", ""Marca"": ""DongFeng"", ""Modelo"": ""C916"", ""Subtipo"": ""Camión Pequeño (3 a 6 ton)"", ""Recorrido"": ""161300 Kms"", ""Sistema de climatización"": ""Aire Acondicionado"", ""Tracción"": ""4 x 2"", ""Color"": ""Blanco"", ""Vidrios"": ""Eléctricos"", ""Transmisión"": ""Manual"", ""Dirección"": ""Hidráulica"", ""Motor(cilindraje)"": ""3760"", ""Tipo de Motor"": """", ""Tapizado"": ""Corosil"", ""Combustible"": ""Diesel"", ""Placa"": ""Pichincha""}, ""url"": ""https://ecuador.patiotuerca.com/vehicle/pesados-dongfeng-c916-guayaquil-2024/1946245""}",2026-02-02 19:40:48.498760
El Oro,2009,41850.0,https://ecuador.patiotuerca.com/vehicle/pesados-hino-500-pasaje-2009/1946263,1946263,Hino,500,469800,Aire Acondicionado,6 x 4,Blanco,8,Manual,Hidráulica,Corosil,Diesel,,,Pasaje,Negociable,"{""id_record"": ""1946263"", ""summary"": {""Año"": ""2009"", ""Ciudad"": ""Pasaje"", ""Recorrido"": ""469800 Kms"", ""Tipo de pago"": ""Negociable"", ""Precio Contado"": ""$41.850""}, ""ficha_tecnica"": {""Publicación"": ""#1946263"", ""Marca"": ""Hino"", ""Modelo"": ""500"", ""Subtipo"": ""Camión Mediano (6 a 15 ton)"", ""Recorrido"": ""469800 Kms"", ""Sistema de climatización"": ""Aire Acondicionado"", ""Tracción"": ""6 x 4"", ""Color"": ""Blanco"", ""Vidrios"": ""Manuales"", ""Transmisión"": ""Manual"", ""Dirección"": ""Hidráulica"", ""Motor(cilindraje)"": ""8"", ""Tapizado"": ""Corosil"", ""Combustible"": ""Diesel"", ""Placa"": ""El Oro""}, ""url"": ""https://ecuador.patiotuerca.com/vehicle/pesados-hino-500-pasaje-2009/1946263""}",2026-02-02 19:40:48.498760
Pichincha,2023,13900.0,https://ecuador.patiotuerca.com/vehicle/pesados-dongfeng-captain_e-513-quito-2023/1946311,1946311,DongFeng,CAPTAIN E-513,58100,Aire Acondicionado,4 x 2,Azul,3000,Manual,,Tela,Diesel,,,Quito,Negociable,"{""id_record"": ""1946311"", ""summary"": {""Año"": ""2023"", ""Ciudad"": ""Quito"", ""Recorrido"": ""58100 Kms"", ""Tipo de pago"": ""Negociable"", ""Precio Contado"": ""$13.900""}, ""ficha_tecnica"": {""Publicación"": ""#1946311"", ""Marca"": ""DongFeng"", ""Modelo"": ""CAPTAIN E-513"", ""Subtipo"": ""Camión Ligero (0 a 3 ton)"", ""Recorrido"": ""58100 Kms"", ""Sistema de climatización"": ""Aire Acondicionado"", ""Tracción"": ""4 x 2"", ""Color"": ""Azul"", ""Vidrios"": ""Eléctricos"", ""Transmisión"": ""Manual"", ""Motor(cilindraje)"": ""3000"", ""Tipo de Motor"": """", ""Tapizado"": ""Tela"", ""Combustible"": ""Diesel"", ""Placa"": ""Pichincha""}, ""url"": ""https://ecuador.patiotuerca.com/vehicle/pesados-dongfeng-captain_e-513-quito-2023/1946311""}",2026-02-02 19:40:48.498760
Guayas,2024,57000.0,https://ecuador.patiotuerca.com/vehicle/pesados-jac-hfc-4181-guayaquil-2024/1946523,1946523,JAC,HFC-4181,60450,Aire Acondicionado,4 x 2,Rojo,7.755,Manual,Hidráulica,Otro,Diesel,,,Guayaquil,Negociable,"{""id_record"": ""1946523"", ""summary"": {""Año"": ""2024"", ""Ciudad"": ""Guayaquil"", ""Recorrido"": ""60450 Kms"", ""Tipo de pago"": ""Negociable"", ""Precio Contado"": ""$57.000""}, ""ficha_tecnica"": {""Publicación"": ""#1946523"", ""Marca"": ""JAC"", ""Modelo"": ""HFC-4181"", ""Subtipo"": ""Cabezal"", ""Recorrido"": ""60450 Kms"", ""Sistema de climatización"": ""Aire Acondicionado"", ""Tracción"": ""4 x 2"", ""Color"": ""Rojo"", ""Vidrios"": ""Eléctricos"", ""Transmisión"": ""Manual"", ""Dirección"": ""Hidráulica"", ""Motor(cilindraje)"": ""7.755"", ""Tapizado"": ""Otro"", ""Combustible"": ""Diesel"", ""Placa"": ""Guayas""}, ""url"": ""https://ecuador.patiotuerca.com/vehicle/pesados-jac-hfc-4181-guayaquil-2024/1946523""}",2026-02-02 19:40:48.498760
Guayas,2024,57000.0,https://ecuador.patiotuerca.com/vehicle/pesados-jac-hfc-4181-guayaquil-2024/1946552,1946552,JAC,HFC-4181,70,Aire Acondicionado,4 x 2,Verde,7.755,Manual,Hidráulica,Otro,Diesel,,,Guayaquil,Negociable,"{""id_record"": ""1946552"", ""summary"": {""Año"": ""2024"", ""Ciudad"": ""Guayaquil"", ""Recorrido"": ""70 Kms"", ""Tipo de pago"": ""Negociable"", ""Precio Contado"": ""$57.000""}, ""ficha_tecnica"": {""Publicación"": ""#1946552"", ""Marca"": ""JAC"", ""Modelo"": ""HFC-4181"", ""Subtipo"": ""Cabezal"", ""Recorrido"": ""70 Kms"", ""Sistema de climatización"": ""Aire Acondicionado"", ""Tracción"": ""4 x 2"", ""Color"": ""Verde"", ""Vidrios"": ""Eléctricos"", ""Transmisión"": ""Manual"", ""Dirección"": ""Hidráulica"", ""Motor(cilindraje)"": ""7.755"", ""Tapizado"": ""Otro"", ""Combustible"": ""Diesel"", ""Placa"": ""Guayas""}, ""url"": ""https://ecuador.patiotuerca.com/vehicle/pesados-jac-hfc-4181-guayaquil-2024/1946552""}",2026-02-02 19:40:48.498760
Guayas,2024,57000.0,https://ecuador.patiotuerca.com/vehicle/pesados-jac-hfc-4181-guayaquil-2024/1946555,1946555,JAC,HFC-4181,65,Aire Acondicionado,4 x 2,Blanco,7.755,Manual,Hidráulica,Otro,Diesel,,,Guayaquil,Negociable,"{""id_record"": ""1946555"", ""summary"": {""Año"": ""2024"", ""Ciudad"": ""Guayaquil"", ""Recorrido"": ""65 Kms"", ""Tipo de pago"": ""Negociable"", ""Precio Contado"": ""$57.000""}, ""ficha_tecnica"": {""Publicación"": ""#1946555"", ""Marca"": ""JAC"", ""Modelo"": ""HFC-4181"", ""Subtipo"": ""Cabezal"", ""Recorrido"": ""65 Kms"", ""Sistema de climatización"": ""Aire Acondicionado"", ""Tracción"": ""4 x 2"", ""Color"": ""Blanco"", ""Vidrios"": ""Eléctricos"", ""Transmisión"": ""Manual"", ""Dirección"": ""Hidráulica"", ""Motor(cilindraje)"": ""7.755"", ""Tapizado"": ""Otro"", ""Combustible"": ""Diesel"", ""Placa"": ""Guayas""}, ""url"": ""https://ecuador.patiotuerca.com/vehicle/pesados-jac-hfc-4181-guayaquil-2024/1946555""}",2026-02-02 19:40:48.498760
